模型,提示词,正例Acc,负例Acc,整体Acc,Precision,Recall,F1
claude_haiku,basic_prompt,0.7421052631578947,0.9157894736842105,0.8289473684210527,0.8980891719745223,0.7421052631578947,0.8126801152737753
claude_haiku,context_guided_prompt,0.8236842105263158,0.8541114058355438,0.8388375165125496,0.8505434782608695,0.8236842105263158,0.8368983957219251
claude_haiku,instruction_enhanced_prompt,0.6868421052631579,0.9342105263157895,0.8105263157894737,0.9125874125874126,0.6868421052631579,0.7837837837837838
gpt_5_mini,basic_prompt,0.7,0.9710526315789474,0.8355263157894737,0.9602888086642599,0.7,0.8097412480974124
gpt_5_mini,context_guided_prompt,0.8631578947368421,0.8052631578947368,0.8342105263157895,0.8159203980099502,0.8631578947368421,0.8388746803069054
gpt_5_mini,instruction_enhanced_prompt,0.7947368421052632,0.881578947368421,0.8381578947368421,0.8703170028818443,0.7947368421052632,0.8308115543328748
qwen_max,basic_prompt,0.5552631578947368,0.968421052631579,0.7618421052631579,0.9461883408071748,0.5552631578947368,0.6998341625207297
qwen_max,context_guided_prompt,0.7578947368421053,0.9578947368421052,0.8578947368421053,0.9473684210526315,0.7578947368421053,0.8421052631578947
qwen_max,instruction_enhanced_prompt,0.5052631578947369,0.9657894736842105,0.7355263157894737,0.9365853658536586,0.5052631578947369,0.6564102564102564
