模型,id,公理类型,公理文本,真实标签,基础型_is_correct,基础型_model_label,基础型_output,指令增强型_is_correct,指令增强型_model_label,指令增强型_output,上下文引导型_is_correct,上下文引导型_model_label,上下文引导型_output
gpt_5_mini,sample_0009,subClassOf,Type ⊑ TopicalConcept,1,0,0,"判断结果：错误
解释：Type通常表示一种泛化或元类（或与rdf:type相关的概念），并不必然是“主题概念”（TopicalConcept），将其直接作为TopicalConcept的子类在语义上不明确且容易错误。",0,0,"判断结果：错误
解释：这是一个 subClassOf 断言（子类语义要求子类的所有实例属于父类），但从常识来看“Type”通常是更一般或元类的概念，并不必然属于“TopicalConcept”，因此该子类声明不成立。",1,1,"判断结果：[正确]
解释：[两个实体均为类，subClassOf 表示 Type 的实例也是 TopicalConcept 的实例；根据背景中 Type（分类系统中的类别）可被视为一种 topical concept，该从属关系语义上合理且不违反 RDFS 语义规则。]"
gpt_5_mini,sample_0182,domain,domain(deathDate) = Animal,1,0,0,"判断结果：错误
解释：deathDate 通常用于表示人的死亡日期或更广泛生物（或某些非生命实体的终止日期），将 domain 仅限定为 Animal 既过于狭窄也不符合常识。",0,0,"判断结果：错误
解释：根据定义域语义，domain(deathDate)=Animal 表示任何使用 deathDate 的主体必须属于 Animal；但“死亡日期”应适用于人类、植物等其他可死亡实体或更普适的生命体，将其限定为仅 Animal 过窄且与常识不符。",1,1,"判断结果：正确
解释：deathDate是属性、Animal是类，依据RDFS的domain语义为deathDate指定Animal作为其domain表示使用该属性的任意主体可被推断为Animal，与给定背景知识和RDFS规则不冲突。"
gpt_5_mini,sample_0188,domain,domain(firstLaunchDate) = LaunchPad,1,0,0,"判断结果：错误
解释：firstLaunchDate 通常表示航天器/运载器或发射事件的首次发射时间，将域限定为 LaunchPad 过于狭窄且排除了更常见的主体，语义上不合理。",0,0,"判断结果：错误
解释：根据RDFS定义域语义，domain(firstLaunchDate)=LaunchPad 意味着所有使用 firstLaunchDate 的主体都必须是 LaunchPad，但常识上 firstLaunchDate 通常用于描述火箭/任务等被发射对象的首次发射日期，而不是发射场，因此该定义域不合适。",1,1,"判断结果：正确
解释：firstLaunchDate 是一个属性，LaunchPad 是一个类，根据 RDFS 的 domain 语义（若 x firstLaunchDate y 则 x rdf:type LaunchPad），该公理表示使用该属性的主体应为 LaunchPad，与背景知识及语义规则一致。"
gpt_5_mini,sample_0192,domain,domain(numberOfPads) = LaunchPad,1,0,0,"判断结果：错误
解释：属性名numberOfPads表示“发射台数量”，应当用于发射场/发射基地等包含多个发射台的实体，而不是单个LaunchPad作为主体。",0,0,"判断结果：错误
解释：domain(numberOfPads)=LaunchPad意味着所有使用numberOfPads作为谓词的主体必须是LaunchPad，但根据常识“numberOfPads”更可能是描述发射场/发射设施的属性而非单个发射台，故该域定义不合理。",1,1,"判断结果：正确
解释：该公理指定属性numberOfPads的主语应为LaunchPad实例，符合背景中numberOfPads为属性且LaunchPad为类的语义，且与RDFS中domain使得使用该属性的主体属于指定类的规则一致。"
gpt_5_mini,sample_0196,domain,domain(meltingPoint) = Drug,1,0,0,"判断结果：错误
解释：熔点是物质的物理性质，适用于各种化学物质和材料而不仅限于药物，因此将 domain 限定为 Drug 过于狭窄且不合理。",0,0,"判断结果：错误
解释：根据RDFS定义域语义，任何作为meltingPoint属性主体的个体都会被推断为Drug，但“熔点”是许多化学物质（如元素、化合物、材料）共有的属性，不仅限于药物，因而将domain设为Drug与常识不符且过于限制。",1,1,"判断结果：正确
解释：根据RDFS语义，domain(meltingPoint)=Drug 表示任意以 meltingPoint 为谓词的主语可被推断为 Drug；背景中 meltingPoint 为属性、Drug 为类，二者无语义冲突，因此该公理在RDFS语义上是成立的（但在常识层面可能对适用范围过于限制）。"
gpt_5_mini,sample_0198,domain,domain(nciId) = Disease,1,0,0,"判断结果：错误
解释：nciId（NCI 标识符）用于标识多种生物医学概念而非仅限疾病，将其 domain 限定为 Disease 过于狭窄且不符合常识。",0,0,"判断结果：错误
解释：根据RDFS的domain规则，声明domain(nciId)=Disease意为任何使用nciId作为主体的资源必须为Disease，但“nciId”通常用于标识多类生物医学实体（不只疾病），与常识冲突，故该公理不正确。",1,1,"判断结果：[正确]
解释：[nciId被声明为Property且Disease为Class，domain(nciId)=Disease 表示使用该属性的主体现应为Disease的实例，符合RDFS域语义且与背景知识不冲突。]"
gpt_5_mini,sample_0203,domain,domain(formerBroadcastNetwork) = Broadcaster,1,0,0,"判断结果：错误
解释：属性 formerBroadcastNetwork 通常表示“某节目曾在某网络播出”，其主体应为电视节目或节目系列而非 Broadcaster，将 domain 设为 Broadcaster 与语义不符。",0,0,"判断结果：错误
解释：根据RDFS的domain语义，使用formerBroadcastNetwork属性的主体必须属于Broadcaster，但常识上该属性的主体通常是节目或节目条目而非广播公司，因此该域声明不正确。",1,1,"判断结果：正确
解释：属性 formerBroadcastNetwork 的定义表明该属性的主语是“广播公司（broadcaster）”，而 rdfs:domain 声明会使所有使用该属性的主语成为 Broadcaster 的实例，因此将 domain(formerBroadcastNetwork) 设为 Broadcaster 与背景知识和 RDFS 语义规则一致。"
gpt_5_mini,sample_0204,domain,domain(lastAirDate) = Broadcaster,1,0,0,"判断结果：错误
解释：属性 lastAirDate 表示节目或集的最后播出时间，其主语应为节目/剧集/播出事件等，而不是表示广播机构的 Broadcaster。",0,0,"判断结果：[错误]
解释：[根据RDFS定义域语义，声明要求任何使用 lastAirDate 的主体必须属于 Broadcaster，但常识上 lastAirDate 通常是节目/播出项的属性而非广播公司，故该定义域不合适。]",1,1,"判断结果：[正确]
解释：[RDFS中domain表示属性的主体现为某一类，若x lastAirDate y则可推断x rdf:type Broadcaster；背景中lastAirDate明确指的是“广播机构的最后广播日期”，因此将domain设为Broadcaster是合理的。]"
gpt_5_mini,sample_0205,domain,domain(locusSupplementaryData) = Protein,1,0,0,"判断结果：错误
解释：属性名 locusSupplementaryData 表示与基因座（locus）相关的补充数据，其主语应为 Locus/位点类而非 Protein，将 domain 设为 Protein 与语义不符。",0,0,"判断结果：错误
解释：根据RDFS语义，domain(locusSupplementaryData)=Protein 表示使用该属性的主体必须属于 Protein，但“locusSupplementaryData”语义上应当用于基因座/位点等基因组实体而非蛋白，故与常识不符。",1,1,"判断结果：正确
解释：locusSupplementaryData是一个属性、Protein是一个类，根据RDFS的domain语义，该公理表示凡是作为locusSupplementaryData属性主语的个体应被断言为Protein，且此断言与给定背景知识没有明显冲突。"
gpt_5_mini,sample_0208,domain,domain(pictureFormat) = Broadcaster,1,0,0,"判断结果：错误
解释：pictureFormat 通常描述图像或视频流的格式，应属于图像/视频、频道或传输流等媒体类的属性，而不是表示广播机构主体的 Broadcaster，语义不一致。",0,0,"判断结果：错误
解释：根据RDFS定义域语义，该声明将强制要求所有使用pictureFormat属性的主体属于Broadcaster，但常识上pictureFormat通常用于描述图像、文件或设备等，不仅广播机构会使用，因而该断言不合理。",1,1,"判断结果：正确
解释：在RDFS中domain(pictureFormat)=Broadcaster表示所有以pictureFormat为谓词的主语应为Broadcaster类的实例，给定背景仅说明pictureFormat是属性、Broadcaster是类且无冲突，且常识上广播机构可以具有“画面格式”属性，因此该公理合理。"
gpt_5_mini,sample_0222,domain,domain(decideDate) = SupremeCourtOfTheUnitedStatesCase,1,0,0,"判断结果：错误
解释：属性 decideDate 用于表示判决或裁定的作出日期，适用于各种法院或案件，将其域限定为仅 SupremeCourtOfTheUnitedStatesCase 过于狭窄且不符合常识。",0,0,"判断结果：错误
解释：根据RDFS定义域语义，domain(decideDate)=SupremeCourtOfTheUnitedStatesCase意味着任何使用decideDate的主体都必须是美国最高法院案件，但常识上decideDate通常适用于各类判决或案件，不应被限定为仅最高法院案件，因此该定义域过于狭窄且不合适。",1,1,"判断结果：[正确]
解释：[domain(decideDate)=SupremeCourtOfTheUnitedStatesCase 表示使用属性 decideDate 的主体应为 SupremeCourtOfTheUnitedStatesCase，decideDate 是属性、SupremeCourtOfTheUnitedStatesCase 是类，且与 RDFS 的域语义（若 x decideDate y 则 x rdf:type C）一致。]"
gpt_5_mini,sample_0224,domain,domain(wheelbase) = Automobile,1,0,0,"判断结果：错误
解释：wheelbase（轴距）是各种车辆的属性（如卡车、摩托车等），不应仅限定于 Automobile，域应为更通用的 Vehicle 类。",0,0,"判断结果：错误
解释：根据RDFS定义域语义，声明domain(wheelbase)=Automobile要求所有使用wheelbase属性的主体属于Automobile，但常识上wheelbase适用于多种车辆（如卡车、摩托车等），将其域限定为仅Automobile过于狭窄且不符合常识。",1,1,"判断结果：正确
解释：wheelbase是一个属性且Automobile是一个类，按照RDFS中domain(P)=C的语义（若x P y则x为C的实例），将wheelbase的domain设为Automobile与背景知识（wheelbase用于描述汽车的轴距）一致，因此合理。"
gpt_5_mini,sample_0226,domain,domain(length) = Infrastructure,1,0,0,"判断结果：错误
解释：属性 length 的主语不仅限于基础设施（如道路），还可用于河流、物体、字符串等多种实体，故将 domain 限定为 Infrastructure 过于局限且与常识不符。",0,0,"判断结果：错误
解释：根据rdfs:domain语义，任何使用length属性的主体都会被推断为Infrastructure，但常识上“length”适用于许多非Infrastructure实体（如河流、物体），因此该域声明不成立。",1,1,"判断结果：正确
解释：根据RDFS语义，domain(length)=Infrastructure表示任何使用length属性的主体应为Infrastructure；length为属性且Infrastructure为类，且常识上基础设施可具有长度，因此该公理合理。"
gpt_5_mini,sample_0228,domain,domain(shoreLength) = Lake,1,0,0,"判断结果：[错误]
解释：[将 shoreLength 的域限定为 Lake 不合理，因为岸线长度也适用于海洋、岛屿、河流岸段、人工水体等，不仅限于湖泊。]",0,0,"判断结果：错误
解释：根据RDFS的定义域语义，domain(shoreLength)=Lake 意味着任何使用 shoreLength 属性的主体都必须属于 Lake，但常识上“岸线长度”可适用于海洋、岛屿、河流、海湾等非湖泊实体，因此将其域限定为仅 Lake 过于狭窄且语义不当。",1,1,"判断结果：[正确]
解释：[shoreLength 是一个属性，Lake 是一个类；根据 RDFS 的 domain 语义，domain(shoreLength)=Lake 表示使用 shoreLength 的主体应为 Lake，与背景中 shoreLength 表示湖泊岸线长度的常识一致，因此该公理合理。]"
gpt_5_mini,sample_0230,domain,domain(height) = MeanOfTransportation,1,0,0,"判断结果：错误
解释：将height的domain限定为MeanOfTransportation过于狭窄且不符合常识，因为height可适用于人、建筑、物体等，且该断言会把所有具有height属性的主体错误地推断为交通工具。",0,0,"判断结果：错误
解释：根据RDFS，domain(height)=MeanOfTransportation意味着任何使用height属性的主体都必须属于MeanOfTransportation，但height通常用于人、建筑、植物等非交通工具，故此定义与语义规则一致但违背常识。",1,1,"判断结果：正确
解释：height为属性，rdfs:domain将其主语限定为MeanOfTransportation，依据RDFS的domain推断规则（若 x height y 则可推断 x rdf:type MeanOfTransportation），该约束与背景知识不冲突，因此合理。"
gpt_5_mini,sample_0231,domain,domain(length) = MeanOfTransportation,1,0,0,"判断结果：错误
解释：将属性length的域限定为MeanOfTransportation过于狭窄，length通常适用于道路、河流、物体等多种实体，不应仅限于交通工具。",0,0,"判断结果：错误
解释：根据RDFS语义，domain(length)=MeanOfTransportation意味着任何具有length属性的主体都必须属于MeanOfTransportation，但常识上许多非交通工具（如道路、河流、绳子等）也有长度，因此该域声明语义上过于限制且与常识冲突。",1,1,"判断结果：正确
解释：length 是一个属性，MeanOfTransportation 是一个类，依据 RDFS 的 domain 语义，断言 domain(length)=MeanOfTransportation 意味着所有作为 length 主体的个体应为 MeanOfTransportation，该断言与给定背景知识不冲突（尽管可能对属性应用范围过于限定）。"
gpt_5_mini,sample_0232,domain,domain(weight) = MeanOfTransportation,1,0,0,"判断结果：[错误]
解释：[属性 weight 表示“重量”，适用于物品、动物、货物等多种实体，将其域限定为仅 MeanOfTransportation 与常识不符且过于狭窄。]",0,0,"判断结果：错误
解释：根据RDFS，domain(weight)=MeanOfTransportation意味着任何使用weight属性的主体都必须属于MeanOfTransportation，但常识上许多非交通工具（如人、动物、商品等）也有重量，故该域声明不合理。",1,1,"判断结果：正确
解释：在背景中weight是属性、MeanOfTransportation是类，根据RDFS的domain语义——若对某属性声明domain为某类，则该属性作为主语的资源被推断为该类——因此将domain(weight)设为MeanOfTransportation 在语义上是允许且自洽的（虽可能对实际建模过于限制，但不违反RDFS规则）。"
gpt_5_mini,sample_0234,domain,domain(height) = Person,1,0,0,"判断结果：错误
解释：height属性适用于建筑、山峰、动物等多种实体，将domain限定为Person会错误地将所有具有height属性的实体推断为Person。",0,0,"判断结果：错误
解释：根据RDFS，domain(height)=Person意味着任何使用height属性的主体必须是Person，但常识上height也适用于非人类对象（如建筑、树木、物体），因此该域约束不合理。",1,1,"判断结果：[正确]
解释：[基于背景中height为Property且Person为Class，声明domain(height)=Person表示任何以height为谓词的主体应被推断为Person，符合RDFS的rdfs:domain语义，因此合理。]"
gpt_5_mini,sample_0235,domain,domain(weight) = Person,1,0,0,"判断结果：错误
解释：属性 weight 常用于人、动物、物品等多种主体，将其域限定为 Person 过于狭窄，不符合常识。",0,0,"判断结果：错误
解释：根据RDFS的domain语义，若属性weight的定义域为Person，则任何具有weight属性的主体必须属于Person，而常识上weight通常适用于物体、动物等非人实体，这会错误地将所有使用weight的主体归为Person，产生语义冲突。",1,1,"判断结果：正确
解释：根据RDFS中domain的语义，domain(weight)=Person 表示所有以 weight 为谓词的三元组其主语应属于 Person，背景知识中存在属性 weight 和类 Person 且二者不冲突，因此该公理是合理的。"
gpt_5_mini,sample_0236,domain,domain(apoapsis) = Planet,1,0,0,"判断结果：错误
解释：apoapsis 是描述轨道上最远点或轨道要素的属性，属于轨道/轨道元素或适用于任何绕行天体的实体，而不是专属于行星（Planet），因此将 domain 设为 Planet 不合理。",0,0,"判断结果：错误
解释：根据定义域语义，声明 domain(apoapsis)=Planet 意味着所有使用 apoapsis 的主体必须属于 Planet，但按常识 apoapsis 是轨道参数，适用于航天器、卫星、小行星、彗星等，不仅限于行星，因此该定义与常识冲突。",1,1,"判断结果：正确
解释：domain(apoapsis)=Planet 表示任何以 apoapsis 为谓词的三元组的主语应为 Planet 类的实例，背景中 apoapsis 为属性且 Planet 为类，符合 RDFS 的 domain 语义规则，故合理。"
gpt_5_mini,sample_0238,domain,domain(density) = Planet,1,0,0,"判断结果：错误
解释：密度是物质或物体的一般属性（如材料、恒星、行星等），不应只限定为行星作为属性的主语。",0,0,"判断结果：[错误]
解释：[domain声明表示使用属性density的主体必须属于Planet，但常识上“密度”可用于物质、恒星、卫星等非行星实体，因而该断言过于严格且不正确。]",1,1,"判断结果：[正确]
解释：[density是一个属性，Planet是一个类，domain(density)=Planet 根据RDFS语义表示任何以density为谓词的三元组的主语被断定为Planet，语义上合理且与背景知识无冲突。]"
gpt_5_mini,sample_0240,domain,domain(maximumTemperature) = Planet,1,0,0,"判断结果：错误
解释：将 maximumTemperature 的 domain 设为 Planet 会强制任何具有该属性的主体都是行星，但“最大温度”可适用于恒星、卫星、大气层、地点等，语义上过分限制且不合理。",0,0,"判断结果：错误
解释：根据RDFS语义，domain(maximumTemperature)=Planet意味着任何使用maximumTemperature属性的主体都必须是Planet，但常识上“最大温度”可应用于恒星、地点、材料等非行星实体，因此将其域限定为Planet是不合理的。",1,1,"判断结果：[正确]
解释：[maximumTemperature 是一个属性，Planet 是一个类，声明 domain(maximumTemperature)=Planet 根据 RDFS 语义意味着任何出现 maximumTemperature 作为谓词的主语都应为 Planet 的实例，这既符合 RDFS 规则也与“最大温度通常用于行星”的常识相符，因此合理。]"
gpt_5_mini,sample_0241,domain,domain(meanRadius) = Planet,1,0,0,"判断结果：错误
解释：meanRadius 描述的是天体的平均半径，除了行星还可用于卫星、小行星、恒星等，将其 domain 限定为 Planet 会错误地把所有使用该属性的主体推断为行星。",0,0,"判断结果：错误
解释：RDFS的domain断言表示任何使用meanRadius作为主体的资源都被推断为Planet，但常识上meanRadius可用于月球、恒星、小行星等非行星天体，故该domain会错误地将非行星资源归类为Planet。",1,1,"判断结果：[正确]
解释：[meanRadius 为属性且 Planet 为类，将 domain(meanRadius)=Planet 表示拥有 meanRadius 的主语应为 Planet，符合背景知识与 RDFS 语义规则。]"
gpt_5_mini,sample_0246,domain,domain(temperature) = Planet,1,0,0,"判断结果：错误
解释：将 temperature 的 domain 定为 Planet 会导致任何具有 temperature 属性的主体被推断为 Planet，不符合常识（温度可适用于人、物体、环境等多种实体）。",0,0,"判断结果：错误
解释：根据RDFS的domain语义，声明temperature的定义域为Planet意味着所有以temperature为谓词的主体都必须属于Planet，但常识上“温度”可适用于人、房间、星体等非行星实体，因此该定义域过于限定且与常识冲突。",1,1,"判断结果：正确
解释：在RDFS中，domain(temperature)=Planet 表示凡使用 temperature 属性的主体应为 Planet；背景知识中 temperature 为属性、Planet 为类，二者类型匹配且无明显冲突，因此该公理合理。"
gpt_5_mini,sample_0247,domain,domain(volume) = Planet,1,0,0,"判断结果：错误
解释：将 volume 的定义域限定为 Planet 过于狭窄，体积属性适用于许多物理实体而不限于行星。",0,0,"判断结果：错误
解释：根据RDFS语义，domain(volume)=Planet 意味着任何以 volume 为谓词的主体必须属于 Planet；虽然这是合法的域声明，但常识上不成立，因为“体积”属性适用于许多非行星实体，因此该公理不正确。",1,1,"判断结果：[正确]
解释：[volume 是属性且 Planet 是类，根据 RDFS 的 domain 语义，domain(volume)=Planet 表示任何使用 volume 的主体可被推断为 Planet，在给定背景知识下该声明语义上成立且无明显冲突。]"
gpt_5_mini,sample_0259,domain,domain(academicAdvisor) = Scientist,1,0,0,"判断结果：错误
解释：academicAdvisor 表示被指导者与其导师的关系，主语应为 Person/Student 等被指导者，而不应限定为 Scientist。",0,0,"判断结果：错误
解释：domain表示使用该属性的主体必须属于指定类；将academicAdvisor的域设为Scientist意味着所有作为academicAdvisor主体的个体都必须是Scientist，但常识上并非所有学术导师都是科学家（有非理工科导师或行政学术顾问），因此该公理不正确。",1,1,"判断结果：正确
解释：根据RDFS语义，domain(academicAdvisor)=Scientist 表示所有以 academicAdvisor 为谓词的主语必须属于 Scientist，且背景知识表明 academicAdvisor 是属性、Scientist 是类，因此该断言在语义上合法且与给定背景不冲突。"
gpt_5_mini,sample_0261,domain,domain(acquirementDate) = Ship,1,0,0,"判断结果：错误
解释：属性 acquirementDate 表示“被获取的日期”，通常可用于各种被获取的实体或获取事件，而不仅限于船只，将其域限定为 Ship 过于狭窄且不合理。",0,0,"判断结果：错误
解释：根据RDFS的domain语义，domain(acquirementDate)=Ship 表示所有使用该属性的主体必须为 Ship，但常识上 acquirementDate 可适用于多种实体（如公司、文物、车辆等），将其限定为仅 Ship 过于狭窄且不合理。",1,1,"判断结果：[正确]
解释：[根据RDFS语义，domain 表示任何以该属性为谓词的三元组的主语应属于指定类；acquirementDate 被声明为属性、Ship 为类，故 domain(acquirementDate)=Ship 在语义上是合法且与给定背景不冲突。]"
gpt_5_mini,sample_0269,domain,domain(albedo) = Planet,1,0,0,"判断结果：错误
解释：albedo（反照率）不仅适用于行星，还可用于卫星、小行星、表面或材料等，将domain限定为Planet过于狭窄并可能导致错误推断。",0,0,"判断结果：错误
解释：domain(albedo)=Planet 根据RDFS语义表示任何使用 albedo 的主体必须属于 Planet，但“albedo”常用于非行星的天体或表面（如卫星、小行星、冰盖或材料），因此将其域限定为 Planet 过于约束且不符合常识。",1,1,"判断结果：[正确]
解释：[albedo 被声明为属性，Planet 为类，根据 RDFS 的 domain 语义，domain(albedo)=Planet 表示任何作为 albedo 主体的实体应被视为 Planet，该约束与给定背景知识及 RDFS 语义规则一致。]"
gpt_5_mini,sample_0273,domain,domain(apoapsis) = CelestialBody,1,0,0,"判断结果：错误
解释：apoapsis 表示轨道的远地点/轨道元素，应该属于轨道或轨道参数的属性主体，而不是直接限定为 CelestialBody，故该 domain 不合适。",0,0,"判断结果：错误
解释：根据RDFS语义，domain(apoapsis)=CelestialBody 表示任何使用该属性的主体都应是 CelestialBody，但“apoapsis”通常是轨道或轨道元素的属性（主体应为 Orbit/OrbitElement 等），因此该域声明与常识和典型建模不符。",1,1,"判断结果：[正确]
解释：[apoapsis 被声明为属性且 CelestialBody 为类，RDFS 中的 domain(apoapsis)=CelestialBody 表示使用该属性的主语应属于 CelestialBody，符合 RDFS 语义规则且与背景知识无冲突。]"
gpt_5_mini,sample_0274,domain,domain(apparentMagnitude) = Planet,1,0,0,"判断结果：错误
解释：apparentMagnitude 表示天体的视亮度，适用于恒星、彗星、小行星、星系等多类天体，不应仅限定为 Planet。",0,0,"判断结果：错误
解释：domain 表示任何使用该属性的主体必须属于 Planet，但 apparentMagnitude 常用于恒星、行星、彗星等多种天体，限定为 Planet 会错误地断定所有使用该属性的主体都是行星，违反常识。",1,1,"判断结果：[正确]
解释：[apparentMagnitude 被标注为属性且 Planet 为类，根据 RDFS 的 domain 语义声明 domain(apparentMagnitude)=Planet 合法且表示所有以 apparentMagnitude 为谓词的三元组主语应属于 Planet，故该公理与给定背景知识和 RDFS 语义规则不冲突（尽管在天文学常识中该属性也可适用于恒星等非行星实体，而这是建模选择问题）。"
gpt_5_mini,sample_0284,range,range(place) = PopulatedPlace,1,0,0,"判断结果：错误
解释：属性“place”通常表示一般位置或地点，所指对象不必是有人居住的 PopulatedPlace，将其范围限定为 PopulatedPlace 过于狭窄且不符合常识。",0,0,"判断结果：错误
解释：根据RDFS值域规则，若range(place)=PopulatedPlace则所有以place为谓词的客体必须属于PopulatedPlace；但常识上“place”可能指向未有人居住的地点（如山、湖等），因此该约束不合理。",1,1,"判断结果：正确
解释：根据描述，属性place用于将实体关联到其所处的“PopulatedPlace”，而rdfs:range要求属性的客体属于该类，因此该断言与背景知识和RDFS语义一致。"
gpt_5_mini,sample_0324,range,range(beatifiedPlace) = PopulatedPlace,1,0,0,"判断结果：错误
解释：beatifiedPlace 表示进行册封/行列福者的具体地点，可能是教堂、教堂内区域或其他建筑/场所，而这些不必然是 PopulatedPlace（城市/居民点），因此将其值域限定为 PopulatedPlace 不合理。",0,0,"判断结果：错误
解释：在RDFS中range(beatifiedPlace)=PopulatedPlace表示任何beatifiedPlace属性的客体都必须是PopulatedPlace，但根据常识“beatified place”可为教堂、礼拜场所或其他非居民点的建筑或地点，因此将其值域限定为PopulatedPlace过于严格且可能与实际语义冲突。",1,1,"判断结果：[正确]
解释：[将属性beatifiedPlace的range设为PopulatedPlace表示所有作为该属性客体的资源应属于PopulatedPlace；背景中beatifiedPlace被声明为Property且PopulatedPlace为Class，且此约束与RDFS语义规则一致且无明显冲突，因而合理。]"
gpt_5_mini,sample_0330,range,range(canton) = Settlement,1,0,0,"判断结果：错误
解释：canton 通常表示行政区（canton）而非居住地（Settlement），将其值域设为 Settlement 在语义上不合理，应指向行政区类。",0,0,"判断结果：错误
解释：根据RDFS中range的语义，range(canton)=Settlement要求所有canton属性的客体都是Settlement，但“canton”通常指行政区/州类而不是聚落（Settlement），因此与常识语义冲突。",1,1,"判断结果：[正确]
解释：[canton 是属性，Settlement 是类；根据 RDFS 中 range 的语义，range(canton)=Settlement 表示对任意三元组 (s canton o) 的客体 o 应为 Settlement 的实例，且与给定背景知识不冲突。]"
gpt_5_mini,sample_0339,range,range(channel) = Broadcaster,1,0,0,"判断结果：错误
解释：常识上“channel”属性通常指向频道（Channel）这一类实体，而不是广播者（Broadcaster），因此将其range设为Broadcaster语义上不合理。",0,0,"判断结果：错误
解释：该公理为range声明，依据RDFS语义表示任何作为channel属性的客体都应属于Broadcaster，但常识上“channel”通常指频道/频道实体而非广播公司，因此该范围声明与常识存在冲突。",1,1,"判断结果：正确
解释：该公理声明channel属性的客体属于Broadcaster类，背景知识中channel是属性、Broadcaster是类，且根据RDFS语义规则为属性指定range是允许且不冲突的表述。"
gpt_5_mini,sample_0352,range,range(constituencyDistrict) = PopulatedPlace,1,0,0,"判断结果：[错误]
解释：[constituencyDistrict 表示选区/选举区等行政或选区划分，其取值应为行政区或选区实体而非限定为聚居地（PopulatedPlace），语义上不匹配。]",0,0,"判断结果：错误
解释：根据RDFS，range(constituencyDistrict)=PopulatedPlace表示所有作为constituencyDistrict属性值的资源必须属于PopulatedPlace，但“constituency district”通常指行政或选举区（行政区域/选区），并非单一的有人居住的地点，因此在常识上不适合将其值域设为PopulatedPlace。",1,1,"判断结果：[正确]
解释：[constituencyDistrict为属性，PopulatedPlace为表示有人口聚居的地理场所的类，依据RDFS中range的语义该公理断言该属性的客体属于PopulatedPlace，语义上合理且不与给定背景知识冲突。]"
gpt_5_mini,sample_0358,range,range(crosses) = River,1,0,0,"判断结果：错误
解释：将 crosses 的值域限定为 River 不合理，因为 crosses 的宾语可能是道路、街道、国家、海洋等多种类型，不仅仅是河流。",0,0,"判断结果：错误
解释：range(crosses)=River 表示所有 crosses 关系的客体必须为 River，但常识上 crosses 的客体不一定都是河流（还可能是道路、边界等），因此该约束不成立。",1,1,"判断结果：[正确]
解释：[crosses 是属性且 River 是类，声明 range(crosses)=River 表示对任意三元组 (s crosses o) 的客体 o 属于类 River，符合 RDFS 的 range 语义且与给定背景知识不冲突。]"
gpt_5_mini,sample_0369,range,range(destination) = PopulatedPlace,1,0,0,"判断结果：错误
解释：属性 destination 通常指向一般地点或位置（Place/Location），不一定是有人居住的聚居地，故将其值域限定为 PopulatedPlace 过于严格。",0,0,"判断结果：错误
解释：这是一个range公理，表示任何通过destination连接的客体都必须属于PopulatedPlace；从常识看“目的地”可以是无居民的地点（如山峰、自然保护区等），该范围声明过于严格，语义上不合理。",1,1,"判断结果：正确
解释：根据RDFS语义，range(destination)=PopulatedPlace 表示任何以 destination 为谓词的三元组的对象应属于 PopulatedPlace，背景中 destination 被声明为属性且 PopulatedPlace 为类，二者不冲突，故该公理合理。"
gpt_5_mini,sample_0379,range,range(editing) = Person,1,0,0,"判断结果：[错误]
解释：[editing 属性的值通常是文档、内容或作品等被编辑对象，而不是人，因此将 range 设为 Person 与常识语义不符。]",0,0,"判断结果：[错误]
解释：[range(editing)=Person 表示任何通过 editing 关系的客体必须是 Person，但常识上 editing 的客体通常是被编辑的文档或资源而非人，因此该公理不合理。]",1,1,"判断结果：[正确]
解释：[editing是一个属性，Person是一个类，RDFS中range(editing)=Person表示使用editing作为谓词时其客体应属于Person类，符合语义规则且与背景知识不冲突。]"
gpt_5_mini,sample_0550,subPropertyOf,codeSettlement ⊑p ekatteCode,0,0,1,"判断结果：正确
解释：将表示“聚落/城镇编码”的属性声明为更通用的 ekatteCode 的子属性符合语义，即聚落编码是 EKATTE 编码的一种特化。",0,1,"判断结果：[正确]
解释：[这是一个子属性（subPropertyOf）公理，根据RDFS语义若 codeSettlement ⊑p ekatteCode 则任意通过 codeSettlement 建立的主体-客体对也应同时满足 ekatteCode，且该关系在常识上无明显冲突。]",1,0,"判断结果：错误
解释：两者均为属性且 rdfs:subPropertyOf 表示左侧属性的语义包含于右侧，但 ekatteCode 是保加利亚特定的聚居地索引码而 codeSettlement 表示一般的聚居地编码，因此将一般属性声明为特定属性的子属性不合理（通常应为 ekatteCode ⊑p codeSettlement）。"
qwen_max,sample_0018,subClassOf,Airline ⊑ PublicTransitSystem,1,0,0,"判断结果：错误  
解释：航空公司（Airline）并不一定是公共交通系统（PublicTransitSystem）的子类，二者在语义上不具有这种包含关系。",0,0,"判断结果：错误  
解释：根据子类关系语义规则，航空公司（Airline）并非公共交通系统（PublicTransitSystem）的子类，二者在常识上存在明显语义冲突。",1,1,"判断结果：正确  
解释：根据背景知识，航空公司（Airline）可以被视为一种公共交通系统（PublicTransitSystem），因为它们都提供公共客运服务，符合RDFS中subClassOf的语义规则。"
qwen_max,sample_0105,subPropertyOf,colourHexCode ⊑p code,1,0,0,"判断结果：错误  
解释：属性“colourHexCode”表示颜色的十六进制代码，与“code”之间没有直接的子属性关系，语义上不合理。",0,0,"判断结果：错误  
解释：根据子属性关系（subPropertyOf）语义规则，子属性关联的资源对必须满足父属性关系，但“colourHexCode”与“code”之间不存在明确的语义关联，且不符合常识。",1,1,"判断结果：正确  
解释：根据背景知识，colourHexCode 是一种特定的标识属性，而 code 是更通用的标识属性，符合 subPropertyOf 的语义规则，即 colourHexCode 是 code 的子属性。"
qwen_max,sample_0106,subPropertyOf,cosparId ⊑p code,1,0,0,"判断结果：错误  
解释：cosparId 通常表示一个实体的标识符，而 code 表示某种编码，标识符并不一定是编码的子属性，语义上不符合常识。",0,0,"判断结果：错误  
解释：根据RDFS语义规则，子属性关系（subPropertyOf）要求属性cosparId的所有关联资源对也必须满足属性code的关系，但常识上两者并无明确的子属性语义关联。",1,1,"判断结果：正确  
解释：根据背景知识，cosparId是一种特定的标识符属性，而code是更通用的标识符超属性，符合RDFS中subPropertyOf的语义规则，即cosparId是code的子属性。"
qwen_max,sample_0107,subPropertyOf,fdaUniiCode ⊑p code,1,0,0,"判断结果：错误  
解释：属性之间的子属性关系（subPropertyOf）需要语义上具有继承性，而“fdaUniiCode”与“code”并无明显的语义继承关系。",0,0,"判断结果：错误  
解释：根据子属性关系语义规则，子属性必须继承父属性的定义域和值域，但此处未提供足够的信息证明fdaUniiCode满足code的定义域和值域要求。",1,1,"判断结果：正确  
解释：根据背景知识，fdaUniiCode是用于标识DBpedia药物的属性，而code是任何标识符的超属性，因此fdaUniiCode作为特定类型的标识符，符合subPropertyOf的语义规则。"
qwen_max,sample_0109,subPropertyOf,imdbId ⊑p code,1,0,0,"判断结果：错误  
解释：imdbId 是一个具体的标识符，通常作为属性值存在，而 code 是一个更通用的概念，两者之间不存在合理的子类关系。",0,0,"判断结果：错误  
解释：根据子属性关系语义规则，子属性必须继承父属性的定义域和值域，但imdbId和code之间不存在明确的继承关系。",1,1,"判断结果：正确  
解释：根据背景知识，imdbId是用于标识电影、演员等实体的属性，而code是任何用于标识实体的超级属性，因此imdbId是code的子属性，符合subPropertyOf语义规则。"
qwen_max,sample_0119,subPropertyOf,locationCountry ⊑p location,1,0,0,"判断结果：错误  
解释：属性之间的子属性关系（subPropertyOf）要求语义上更具体的属性是更通用属性的子属性，而“locationCountry”表示国家位置，“location”表示一般位置，前者并非后者的子属性。",0,0,"判断结果：错误  
解释：根据子属性关系语义规则，locationCountry作为属性应关联更具体的地理区域，而location过于宽泛，违反常识和语义约束。",1,1,"判断结果：正确  
解释：根据背景知识，locationCountry是关于国家的位置属性，而location是更通用的位置属性，因此locationCountry可以被视作location的一种特定类型，符合subPropertyOf的语义规则。"
qwen_max,sample_0126,subPropertyOf,postalCode ⊑p code,1,0,0,"判断结果：错误  
解释：邮政编码（postalCode）是一个具体的数值或字符串，而“code”通常是一个更泛化的概念，两者之间不存在直接的子属性关系。",0,0,"判断结果：错误  
解释：根据子属性关系语义规则，子属性应继承父属性的定义域和值域，但“postalCode”和“code”之间缺乏明确的继承关系或常识支持。",1,1,"判断结果：正确  
解释：根据背景知识，postalCode是用于标识邮政地址的属性，而code是更通用的标识属性，postalCode可以被视为code的一种具体类型，符合RDFS中subPropertyOf的语义规则。"
qwen_max,sample_0127,subPropertyOf,schoolCode ⊑p code,1,0,0,"判断结果：错误  
解释：schoolCode 是一个特定领域的属性，而 code 是一个通用概念，两者之间没有明确的子属性关系。",0,0,"判断结果：错误  
解释：根据子属性关系语义规则，schoolCode作为code的子属性需满足所有通过schoolCode关联的资源对也满足code关系，但schoolCode与code之间不存在明确的子属性语义关联。",1,1,"判断结果：正确  
解释：根据背景知识，schoolCode 是一种特定的标识符属性，而 code 是更通用的标识符属性，符合 subPropertyOf 的语义关系，即 schoolCode 是 code 的子属性。"
qwen_max,sample_0139,subPropertyOf,atcCode ⊑p code,1,0,0,"判断结果：错误  
解释：ATC代码是药物分类系统的代码，与普通代码（code）没有直接的子类关系。",0,0,"判断结果：错误  
解释：根据RDFS语义规则，子属性关系（subPropertyOf）要求“任意通过P关联的资源对也必须满足Q关系”，但“atcCode ⊑p code”未明确表明这种约束是否成立，且从常识看，ATC代码与通用代码之间不存在明显的子属性语义关系。",1,1,"判断结果：正确  
解释：根据背景知识，atcCode是ATC代码的属性，而code是用于标识实体的超属性，atcCode作为code的一种具体形式符合subPropertyOf的语义规则。"
qwen_max,sample_0142,subPropertyOf,ceeb ⊑p code,1,0,0,"判断结果：错误  
解释：公理表达的关系不符合常识，""ceeb""和""code""之间的语义关联不明确且不合理。",0,0,"判断结果：错误  
解释：公理表达不清晰，无法识别其类型（subClassOf / subPropertyOf / domain / range），且不符合RDFS语义规则的规范表达。",1,1,"判断结果：正确  
解释：根据背景知识，ceeb和code均为属性，且code被描述为一种更通用的标识符属性，因此ceeb作为code的子属性是符合RDFS语义规则的。"
qwen_max,sample_0143,subPropertyOf,aitaCode ⊑p code,1,0,0,"判断结果：错误  
解释：公理表达的语义不清晰，且“aitaCode”与“code”之间的关系不符合常识或明确的领域知识。",0,0,"判断结果：错误  
解释：公理未明确类型且不符合RDFS语义规则的任何一种形式，无法识别其为子类、子属性、定义域或值域关系。",1,1,"判断结果：正确  
解释：根据背景知识，aitaCode 是一个属性，code 是其超属性，公理 aitaCode ⊑p code 表示 aitaCode 是 code 的子属性，符合 subPropertyOf 的语义规则。"
qwen_max,sample_0144,subPropertyOf,albumRuntime ⊑p runtime,1,0,0,"判断结果：错误  
解释：albumRuntime 和 runtime 之间没有明确的子属性关系，语义上不合理。",0,0,"判断结果：错误  
解释：根据子属性关系语义规则，albumRuntime作为属性必须与runtime具有相同的关联资源对，但常识上albumRuntime描述专辑时长，而runtime通常描述运行时长，二者语义不符。",1,1,"判断结果：正确  
解释：根据背景知识，albumRuntime和runtime均为属性，且语义上albumRuntime可被视为runtime的一种具体化，符合subPropertyOf的语义规则。"
qwen_max,sample_0145,subPropertyOf,awayColourHexCode ⊑p colourHexCode,1,0,0,"判断结果：错误  
解释：awayColourHexCode 和 colourHexCode 之间没有明确的语义层次关系表明前者是后者的子属性。",0,0,"判断结果：错误  
解释：根据子属性关系（subPropertyOf）语义规则，子属性必须继承父属性的定义域和值域，但“awayColourHexCode”与“colourHexCode”之间不存在明确的继承关系，且不符合常识。",1,1,"判断结果：正确  
解释：根据背景知识，awayColourHexCode和colourHexCode都表示通过十六进制代码表示的颜色，语义上具有包含关系，符合RDFS中subPropertyOf的语义规则。"
qwen_max,sample_0146,subPropertyOf,bibsysId ⊑p code,1,0,0,"判断结果：错误  
解释：bibsysId 通常表示一个系统中的标识符，而 code 表示编码，两者语义上不存在子属性关系。",0,0,"判断结果：错误  
解释：根据RDFS语义规则，子属性关系（subPropertyOf）要求属性“bibsysId”和“code”之间存在明确的层级关联，但此处未提供足够的信息表明这种关系成立。",1,1,"判断结果：正确  
解释：根据背景知识，bibsysId是用于标识实体的属性，而code是任何用于系统内标识的超属性，因此bibsysId是code的子属性符合RDFS语义规则。"
qwen_max,sample_0147,subPropertyOf,bnfId ⊑p code,1,0,0,"判断结果：错误  
解释：公理表达的关系不符合常识，`bnfId` 和 `code` 之间没有明确的语义关联表明前者是后者的子类。",0,0,"判断结果：错误  
解释：公理未明确类型且不符合RDFS语义规则的任何一种形式。",1,1,"判断结果：正确  
解释：根据背景知识，bnfId是法国国家图书馆用于标识人物的属性，而code是用于标识系统中实体的超属性，符合subPropertyOf的语义规则，即bnfId是code的一种具体形式。"
qwen_max,sample_0148,subPropertyOf,bpnId ⊑p code,1,0,0,"判断结果：错误  
解释：属性之间的子属性关系（subPropertyOf）需要语义上具有继承性，而“bpnId”和“code”在语义上没有明显的继承关系。",0,0,"判断结果：错误  
解释：公理表达形式不符合RDFS语义规则，无法识别为有效的subClassOf、subPropertyOf、domain或range关系。",1,1,"判断结果：正确  
解释：根据背景知识，bpnId是用于标识实体的属性，而code是任何用于标识实体的超级属性，因此bpnId是code的子属性符合RDFS语义规则。"
qwen_max,sample_0149,subPropertyOf,brinCode ⊑p code,1,0,0,"判断结果：错误  
解释：根据常识和语义约束，""brinCode""作为类或属性与""code""之间的关系未明确表达合理的层级或属性关联。",0,0,"判断结果：错误  
解释：根据子类关系语义规则，brinCode作为类需是code的子类，但常识上无法确认两者间的层级关系，可能存在语义冲突。",1,1,"判断结果：正确  
解释：根据背景知识，brinCode是用于标识荷兰教育部学校的代码，而code是任何用于标识实体的超级属性，因此brinCode是code的子属性，符合subPropertyOf语义规则。"
qwen_max,sample_0150,subPropertyOf,championInDouble ⊑p champion,1,0,0,"判断结果：错误  
解释：双打冠军(championInDouble)并不一定是总体意义上的冠军(champion)，两者语义范围不一致。",0,0,"判断结果：错误  
解释：根据子类关系语义规则，championInDouble的所有实例应属于champion，但常识上“双打冠军”并不一定是“冠军”的子集。",1,1,"判断结果：正确  
解释：根据背景知识，championInDouble是双人比赛的获胜者，而champion是比赛的获胜者，双人比赛的获胜者属于比赛获胜者的一种，因此championInDouble是champion的子属性，符合subPropertyOf语义规则。"
qwen_max,sample_0151,subPropertyOf,championInSingle ⊑p champion,1,0,0,"判断结果：错误  
解释：单打冠军（championInSingle）并不一定是总体意义上的冠军（champion），因为冠军可能存在于其他类型的比赛（如双打或团体赛）中，两者并非子类关系。",0,0,"判断结果：错误  
解释：根据子类关系语义规则，championInSingle的所有实例应属于champion，但常识上“单打冠军”并不一定是“冠军”的子集，可能存在其他类型的冠军（如双打冠军）。",1,1,"判断结果：正确  
解释：根据背景知识，championInSingle是单人比赛的获胜者，而champion是比赛的获胜者，单人比赛的获胜者属于比赛获胜者的一种，因此championInSingle是champion的子属性，符合subPropertyOf语义规则。"
qwen_max,sample_0153,subPropertyOf,codeIndex ⊑p code,1,0,0,"判断结果：错误  
解释：根据常识和语义约束，codeIndex作为类或属性与code之间的关系未明确表达合理的层次或属性约束。",0,0,"判断结果：错误  
解释：根据子类关系语义规则，codeIndex的所有实例应属于code，但常识上索引与代码实体之间不存在此类包含关系。",1,1,"判断结果：正确  
解释：根据背景知识，codeIndex 是 code 的一种具体表现形式，符合 subPropertyOf 的语义规则，即 codeIndex 的所有实例也属于 code。"
qwen_max,sample_0154,subPropertyOf,codeListOfHonour ⊑p code,1,0,0,"判断结果：错误  
解释：荣誉代码列表（codeListOfHonour）作为类，与代码（code）之间的子类关系不符合常识语义。",0,0,"判断结果：错误  
解释：根据子类关系语义规则，codeListOfHonour的所有实例应属于code，但常识上“荣誉代码列表”并非“代码”的子集，存在语义冲突。",1,1,"判断结果：正确  
解释：根据背景知识，codeListOfHonour是code的子属性，符合RDFS中subPropertyOf的语义规则，表示codeListOfHonour继承了code的特性。"
qwen_max,sample_0156,subPropertyOf,codeMunicipalMonument ⊑p code,1,0,0,"判断结果：错误  
解释：根据常识，市政古迹代码（codeMunicipalMonument）不应是代码（code）的子类，二者语义上不具备合理的子类关系。",0,0,"判断结果：错误  
解释：根据子类关系语义规则，codeMunicipalMonument的所有实例应属于code，但常识上“市政纪念碑代码”不是“代码”的子类，存在语义冲突。",1,1,"判断结果：正确  
解释：根据背景知识，codeMunicipalMonument是用于标识市政级别的纪念碑代码，而code是任何用于标识实体的超级属性，因此codeMunicipalMonument是code的子属性，符合RDFS的subPropertyOf语义规则。"
qwen_max,sample_0157,subPropertyOf,codeNationalMonument ⊑p code,1,0,0,"判断结果：错误  
解释：根据常识，国家级纪念碑的代码（codeNationalMonument）不应是更通用代码（code）的子类，语义上不合理。",0,0,"判断结果：错误  
解释：根据子类关系语义规则，codeNationalMonument的所有实例应属于code，但常识上“国家纪念碑代码”并不是“代码”的子集，存在语义冲突。",1,1,"判断结果：正确  
解释：根据背景知识，codeNationalMonument是用于标识国家级纪念碑的代码，而code是任何用于标识实体的超级属性，因此codeNationalMonument是code的子属性，符合subPropertyOf语义规则。"
qwen_max,sample_0158,subPropertyOf,codeProvincialMonument ⊑p code,1,0,0,"判断结果：错误  
解释：根据常识，省级纪念碑代码（codeProvincialMonument）不应是代码（code）的子类，二者语义上不具备合理的子类关系。",0,0,"判断结果：错误  
解释：根据子类关系语义规则，codeProvincialMonument的所有实例应属于code，但常识上“省级纪念碑代码”不是“代码”的子类，存在语义冲突。",1,1,"判断结果：正确  
解释：根据背景知识，codeProvincialMonument是用于标识省级纪念碑的代码，而code是任何用于标识实体的超级属性，因此codeProvincialMonument是code的子属性，符合subPropertyOf语义规则。"
qwen_max,sample_0159,subPropertyOf,codeStockExchange ⊑p code,1,0,0,"判断结果：错误  
解释：股票交易所代码（codeStockExchange）与一般代码（code）之间没有明确的子类关系，语义上不合理。",0,0,"判断结果：错误  
解释：根据子类关系语义规则，codeStockExchange的所有实例应属于code，但常识上股票交易所代码与一般代码无明确子类关系。",1,1,"判断结果：正确  
解释：根据背景知识，codeStockExchange 是一个 Property，而 code 被描述为一个更通用的属性（Superproperty），因此 codeStockExchange 可以被定义为 code 的子属性，符合 RDFS 的 subPropertyOf 语义规则。"
qwen_max,sample_0160,subPropertyOf,commandant ⊑p keyPerson,1,0,0,"判断结果：错误  
解释：指挥官（commandant）与关键人物（keyPerson）之间没有明确的常识或语义上的子类关系。",0,0,"判断结果：错误  
解释：根据子类关系语义规则，commandant的所有实例应属于keyPerson，但常识上“指挥官”并不一定是“关键人物”的子集，存在语义冲突。",1,1,"判断结果：正确  
解释：根据背景知识，commandant和keyPerson均为属性，且语义上“指挥官”可被视为“关键人物”的一种具体角色，符合subPropertyOf的语义规则。"
qwen_max,sample_0161,subPropertyOf,communityIsoCode ⊑p isoCode,1,0,0,"判断结果：错误  
解释：根据常识，`communityIsoCode` 和 `isoCode` 是两个不同的概念，前者通常表示社区的ISO代码，而后者是通用的ISO代码，两者之间没有明确的子属性关系。",0,0,"判断结果：错误  
解释：根据子属性关系语义规则，communityIsoCode作为isoCode的子属性需满足isoCode的所有约束，但未提供足够信息证明其符合定义域或值域要求。",1,1,"判断结果：正确  
解释：根据背景知识，communityIsoCode和isoCode均为属性，且语义上communityIsoCode可以被视作isoCode的一种具体化，符合subPropertyOf的语义规则。"
qwen_max,sample_0162,subPropertyOf,dfE ⊑p code,1,0,0,"判断结果：错误  
解释：公理表达的语义不清晰，且不符合常见的RDFS语义规范，无法直接判断其合理性。",0,0,"判断结果：错误  
解释：公理表达形式不符合RDFS语义规则的标准描述，无法识别其类型及语义关系。",1,1,"判断结果：正确  
解释：根据背景知识，dfE是英国教育部为学校分配的编号，属于一种标识符，而code是标识符的超属性，因此dfE是code的子属性，符合RDFS的subPropertyOf语义规则。"
qwen_max,sample_0164,subPropertyOf,dutchArtworkCode ⊑p code,1,0,0,"判断结果：错误  
解释：属性“code”通常用于表示通用的编码，而“dutchArtworkCode”特指荷兰艺术品的编码，两者语义范围不匹配，不应构成子属性关系。",0,0,"判断结果：错误  
解释：根据子属性关系语义规则，dutchArtworkCode作为属性必须与code具有相同的关联资源对，但此处明显不符合常识逻辑。",1,1,"判断结果：正确  
解释：根据背景知识，dutchArtworkCode 是一种特定的标识符属性，而 code 是更通用的标识符属性，符合 subPropertyOf 的语义规则，即 dutchArtworkCode 是 code 的子属性。"
qwen_max,sample_0166,subPropertyOf,dutchNAIdentifier ⊑p code,1,0,0,"判断结果：错误  
解释：属性“dutchNAIdentifier”与“code”之间没有明确的语义关联，且不符合常识或领域知识。",0,0,"判断结果：错误  
解释：根据RDFS语义规则，子属性关系（subPropertyOf）要求主体和客体均为属性，而此处“dutchNAIdentifier”和“code”未明确为属性，可能存在类型冲突。",1,1,"判断结果：正确  
解释：根据背景知识，dutchNAIdentifier 是一个标识符属性，而 code 是用于标识实体的超属性，符合 subPropertyOf 的语义规则，即 dutchNAIdentifier 是 code 的子属性。"
qwen_max,sample_0167,subPropertyOf,dutchPPNCode ⊑p code,1,0,0,"判断结果：错误  
解释：属性“code”通常用于表示通用的编码，而“dutchPPNCode”特指荷兰的PPN编码，两者语义范围不匹配，不应构成子属性关系。",0,0,"判断结果：错误  
解释：根据子属性关系语义规则，dutchPPNCode作为属性必须与code具有相同的关联资源对，但此处明显不符合常识逻辑。",1,1,"判断结果：正确  
解释：根据背景知识，dutchPPNCode 是一种用于标识实体的代码，而 code 是任何用于标识实体的超级属性，因此 dutchPPNCode 是 code 的子属性，符合 subPropertyOf 语义规则。"
qwen_max,sample_0168,subPropertyOf,dutchWinkelID ⊑p code,1,0,0,"判断结果：错误  
解释：属性“code”通常用于表示编码，而“dutchWinkelID”作为标识符与“code”之间没有明确的子属性关系。",0,0,"判断结果：错误  
解释：根据RDFS语义规则，子类关系（subClassOf）要求左侧为类，右侧也为类，而此处右侧为属性“code”，违反了语义规则。",1,1,"判断结果：正确  
解释：根据背景知识，dutchWinkelID 是一种用于标识实体的代码，而 code 是标识实体的超属性，因此 dutchWinkelID 是 code 的子属性，符合 subPropertyOf 的语义规则。"
qwen_max,sample_0172,subPropertyOf,filmPolskiId ⊑p code,1,0,0,"判断结果：错误  
解释：filmPolskiId 作为电影的波兰语标识符，与代码（code）之间不存在明显的子属性关系，语义上不合理。",0,0,"判断结果：错误  
解释：根据子类关系语义规则，filmPolskiId的所有实例应属于code，但常识上ID与代码类之间不存在此类层级关系。",1,1,"判断结果：正确  
解释：根据背景知识，filmPolskiId 是一个用于标识实体的属性，而 code 是标识属性的超属性，符合 subPropertyOf 的语义规则，因此公理合理。"
qwen_max,sample_0173,subPropertyOf,filmRuntime ⊑p runtime,1,0,0,"判断结果：错误  
解释：属性之间的子属性关系（subPropertyOf）应使用符号“⊑p”表示，但“filmRuntime”是一个类或属性名称，语义上不能直接作为子属性。",0,0,"判断结果：错误  
解释：根据子属性关系语义规则，filmRuntime作为runtime的子属性需满足所有通过filmRuntime关联的资源对也满足runtime关系，但filmRuntime和runtime未明确体现此语义约束。",1,1,"判断结果：正确  
解释：根据背景知识，filmRuntime和runtime均为属性，且语义上filmRuntime可以被看作是runtime的一种特定类型，符合subPropertyOf的语义规则。"
qwen_max,sample_0175,subPropertyOf,highestAltitude ⊑p altitude,1,0,0,"判断结果：错误  
解释：highestAltitude 是一个具体的属性值，而 altitude 是一个属性，两者之间不存在类或属性的包含关系。",0,0,"判断结果：错误  
解释：根据子属性关系语义规则，子属性应继承父属性的定义域和值域，但“highestAltitude”作为“altitude”的子属性不符合常识逻辑，因为最高海拔不一定是海拔的一种具体实例。",1,1,"判断结果：正确  
解释：根据背景知识，highestAltitude和altitude均为属性，且highestAltitude可被视为altitude的一种特例，符合subPropertyOf的语义规则。"
qwen_max,sample_0177,subPropertyOf,individualisedGnd ⊑p code,1,0,0,"判断结果：错误  
解释：公理表达的关系不符合常识，`individualisedGnd` 和 `code` 之间没有明确的语义关联表明前者是后者的子类。",0,0,"判断结果：错误  
解释：公理未明确类型且不符合RDFS语义规则的任何一种形式（subClassOf、subPropertyOf、domain、range）。",1,1,"判断结果：正确  
解释：根据背景知识，individualisedGnd 是一个用于标识实体的属性，而 code 是标识实体的超属性，因此 individualisedGnd 是 code 的子属性，符合 subPropertyOf 语义规则。"
qwen_max,sample_0178,subPropertyOf,isniId ⊑p code,1,0,0,"判断结果：错误  
解释：属性“isniId”通常表示国际标准名称标识符，与“code”之间不存在合理的语义子属性关系。",0,0,"判断结果：错误  
解释：公理“isniId ⊑p code”未明确类型且不符合RDFS语义规则中的子类或子属性关系定义。",1,1,"判断结果：正确  
解释：根据背景知识，isniId是一种用于唯一标识公共身份的属性，而code是任何用于在系统中标识实体的超属性，因此isniId是code的子属性符合RDFS语义规则。"
qwen_max,sample_0179,subPropertyOf,lccnId ⊑p code,1,0,0,"判断结果：错误  
解释：lccnId（美国国会图书馆控制号）是一个标识符，通常作为数据属性使用，而“code”更倾向于表示一种编码或类别，两者之间不存在合理的子属性关系。",0,0,"判断结果：错误  
解释：根据RDFS语义规则，子属性关系（subPropertyOf）要求属性“lccnId”关联的资源对也必须满足“code”关系，但“lccnId”作为标识符属性与“code”并无明确子属性语义关联。",1,1,"判断结果：正确  
解释：根据背景知识，lccnId是Library of Congress Control Number的属性，而code是用于标识实体的超属性，lccnId可以被视为code的一种具体实现，符合subPropertyOf的语义规则。"
qwen_max,sample_0180,subPropertyOf,lowestAltitude ⊑p altitude,1,0,0,"判断结果：错误  
解释：`lowestAltitude` 是一个具体的属性值，而 `altitude` 是一个属性，属性值不能作为子属性（subPropertyOf）存在。",0,0,"判断结果：错误  
解释：根据RDFS语义规则，子属性关系（subPropertyOf）要求“lowestAltitude”作为“altitude”的子属性，但“lowestAltitude”描述的是一个具体值而非属性关系，因此不符合子属性语义规则。",1,1,"判断结果：正确  
解释：根据背景知识，lowestAltitude和altitude均为属性，且lowestAltitude可被视为altitude的一种特例，符合subPropertyOf的语义规则。"
qwen_max,sample_0184,domain,domain(birthDate) = Animal,1,0,0,"判断结果：错误  
解释：属性birthDate的定义域通常应为具有出生日期的实体（如人或动物的具体子类），而不是宽泛的Animal类。",0,0,"判断结果：错误  
解释：属性birthDate的定义域为Animal，意味着只有Animal类的实例可以拥有birthDate属性，这与常识冲突，因为通常只有具体个体（如人或动物）才有出生日期，而不是整个Animal类本身。",1,1,"判断结果：正确  
解释：根据背景知识，birthDate是一个属性，Animal是一个类，domain(birthDate) = Animal表示birthDate的主体必须属于Animal类，这符合RDFS语义规则且与常识一致。"
qwen_max,sample_0185,domain,domain(curator) = Museum,1,0,0,"判断结果：错误  
解释：属性“curator”（馆长/策展人）的定义域通常应为“Person”或类似的人类实体，而不是“Museum”。",0,0,"判断结果：错误  
解释：根据定义域语义规则，使用属性curator的主体必须属于类Museum，但常识上“curator”（馆长/策展人）通常是人，而不是博物馆本身，因此存在语义冲突。",1,1,"判断结果：正确  
解释：根据背景知识，curator属性的主体应属于Museum类，符合domain语义规则。"
qwen_max,sample_0189,domain,domain(firstLaunchRocket) = LaunchPad,1,0,0,"判断结果：错误  
解释：根据常识，""firstLaunchRocket""的定义域应为火箭（Rocket）而非发射台（LaunchPad）。",0,0,"判断结果：错误  
解释：根据定义域语义规则，使用firstLaunchRocket属性的主体应属于LaunchPad类，但常识上首次发射火箭的主体通常不是发射台而是火箭或相关事件。",1,1,"判断结果：正确  
解释：根据背景知识，firstLaunchRocket是一个属性，而LaunchPad是一个类，domain(firstLaunchRocket) = LaunchPad表示该属性的主体必须属于LaunchPad类，这符合RDFS语义规则且与背景知识无冲突。"
qwen_max,sample_0192,domain,domain(numberOfPads) = LaunchPad,1,0,0,"判断结果：错误  
解释：属性numberOfPads的定义域应为具有多个发射台的实体（如航天中心），而不是LaunchPad本身。",0,0,"判断结果：错误  
解释：根据定义域语义规则，使用属性numberOfPads的主体必须属于类LaunchPad，但常识上numberOfPads更可能描述某种设备或对象的数量，而非直接限定主体为LaunchPad。",1,1,"判断结果：正确  
解释：根据背景知识，numberOfPads是属性，LaunchPad是类，domain定义了属性的主体类别，语义上表示“numberOfPads的主体应属于LaunchPad类”，这与常识和RDFS语义规则一致。"
qwen_max,sample_0199,domain,domain(suppreddedDate) = Saint,1,0,0,"判断结果：错误  
解释：属性的定义域应为类，而“Saint”是一个实例，不符合RDFS语义约束。",0,0,"判断结果：错误  
解释：属性suppreddedDate的定义域为Saint不符合常识，日期属性通常与时间或事件相关，而非特定人物或实体。",1,1,"判断结果：正确  
解释：根据背景知识，suppreddedDate是与Saint相关的属性，且domain语义规则要求属性的主体属于指定类，这里将suppreddedDate的主体限定为Saint是合理的。"
qwen_max,sample_0204,domain,domain(lastAirDate) = Broadcaster,1,0,0,"判断结果：错误  
解释：属性lastAirDate的定义域不应是Broadcaster，而应与电视节目或广播节目相关。",0,0,"判断结果：错误  
解释：根据定义域语义规则，使用lastAirDate属性的主体应属于Broadcaster类，但常识上lastAirDate更可能与电视节目或广播节目相关，而非广播公司。",1,1,"判断结果：正确  
解释：根据背景知识，lastAirDate表示广播公司最后一次播出的日期，而Broadcaster是负责广播的组织，因此将lastAirDate的主体限定为Broadcaster符合语义约束。"
qwen_max,sample_0209,domain,domain(reopeningDate) = ArchitecturalStructure,1,0,0,"判断结果：错误  
解释：属性“reopeningDate”通常与事件或场所的重新开放日期相关，而“ArchitecturalStructure”作为定义域不符合常识语义。",0,0,"判断结果：错误  
解释：根据定义域语义规则，使用属性reopeningDate的主体应属于类ArchitecturalStructure，但常识上“重新开放日期”更可能与场所或机构相关，而非特指建筑结构。",1,1,"判断结果：正确  
解释：根据背景知识，reopeningDate属性描述建筑结构的重新开放日期，而ArchitecturalStructure类表示建筑结构，因此将reopeningDate的domain定义为ArchitecturalStructure符合RDFS语义规则和常识。"
qwen_max,sample_0211,domain,domain(uniprot) = Biomolecule,1,0,0,"判断结果：错误  
解释：UniProt 是一个蛋白质序列数据库，其属性的定义域通常应为蛋白质（Protein）而非生物分子（Biomolecule）。",0,0,"判断结果：错误  
解释：根据定义域语义规则，使用属性uniprot的主体必须属于类Biomolecule，但常识中uniprot通常用于描述蛋白质相关资源，其主体未必限定为生物分子（Biomolecule）。",1,1,"判断结果：正确  
解释：根据背景知识，uniprot是一个属性，Biomolecule是一个类，domain(uniprot) = Biomolecule表示uniprot属性的主体必须属于Biomolecule类，符合RDFS语义规则中对domain的定义，且与背景知识无冲突。"
qwen_max,sample_0213,domain,domain(projectBudgetFunding) = ResearchProject,1,0,0,"判断结果：错误  
解释：项目预算资金（projectBudgetFunding）的定义域通常应为与预算或资金相关的类，而不是直接限定为研究项目（ResearchProject）。",0,0,"判断结果：错误  
解释：根据定义域语义规则，使用projectBudgetFunding属性的主体必须属于ResearchProject类，但常识上预算资金属性通常与项目相关，而不直接限定为主体必须是研究项目。",1,1,"判断结果：正确  
解释：根据背景知识，projectBudgetFunding 是一个属性，而 ResearchProject 是一个类，语义上 projectBudgetFunding 的主体可以合理地约束为 ResearchProject，符合 domain 的定义和 RDFS 语义规则。"
qwen_max,sample_0214,domain,domain(projectBudgetTotal) = ResearchProject,1,0,0,"判断结果：错误  
解释：项目总预算（projectBudgetTotal）的定义域应为更通用的类（如Project），而不是特定的ResearchProject。",0,0,"判断结果：错误  
解释：根据定义域语义规则，使用projectBudgetTotal属性的主体必须属于ResearchProject类，但项目预算总额属性通常适用于更广泛的项目类型，而不仅限于研究项目。",1,1,"判断结果：正确  
解释：根据背景知识，projectBudgetTotal是研究项目总预算的属性，而ResearchProject是研究项目的类，domain约束表明该属性的主体必须属于ResearchProject类，符合语义规则和常识。"
qwen_max,sample_0221,domain,domain(argueDate) = SupremeCourtOfTheUnitedStatesCase,1,0,0,"判断结果：错误  
解释：属性argueDate的定义域不应限定为SupremeCourtOfTheUnitedStatesCase，因为辩论日期可以适用于更广泛的法律案件或事件，而不仅限于美国最高法院案例。",0,0,"判断结果：错误  
解释：根据定义域语义规则，使用argueDate属性的主体必须属于SupremeCourtOfTheUnitedStatesCase类，但常识上argueDate可能适用于更广泛的法律案件，而不仅限于美国最高法院案件。",1,1,"判断结果：正确  
解释：根据背景知识，argueDate是一个属性，SupremeCourtOfTheUnitedStatesCase是一个类，domain公理表明argueDate的主体应属于SupremeCourtOfTheUnitedStatesCase类，这符合RDFS语义规则且与背景知识一致。"
qwen_max,sample_0222,domain,domain(decideDate) = SupremeCourtOfTheUnitedStatesCase,1,0,0,"判断结果：错误  
解释：决定日期（decideDate）的定义域通常应为某种事件或案件，而不是直接限定为“美国最高法院案件”。",0,0,"判断结果：错误  
解释：根据定义域语义规则，使用属性decideDate的主体必须属于类SupremeCourtOfTheUnitedStatesCase，但决定日期通常与案件相关，而非直接属于案件类，存在语义冲突。",1,1,"判断结果：正确  
解释：根据背景知识，decideDate是一个属性，SupremeCourtOfTheUnitedStatesCase是一个类，domain公理表示属性的主体应属于某一类，此公理符合RDFS语义规则且与背景知识一致。"
qwen_max,sample_0224,domain,domain(wheelbase) = Automobile,1,0,0,"判断结果：错误  
解释：wheelbase（轴距）是一个描述车辆属性的术语，其定义域应为更通用的类（如Vehicle），而非仅限于Automobile。",0,0,"判断结果：错误  
解释：根据定义域语义规则，使用wheelbase属性的主体必须属于Automobile类，但wheelbase通常描述的是车辆的轴距，主体应为某种车辆属性而非Automobile本身，存在语义冲突。",1,1,"判断结果：正确  
解释：根据背景知识，wheelbase是一个属性，Automobile是一个类，domain(wheelbase) = Automobile表示wheelbase的主体必须属于Automobile类，这符合RDFS语义规则且与常识一致。"
qwen_max,sample_0225,domain,domain(floorArea) = Building,1,0,0,"判断结果：错误  
解释：属性“floorArea”（地板面积）的定义域通常应为房间或楼层，而不是建筑物整体。",0,0,"判断结果：错误  
解释：根据定义域语义规则，使用属性floorArea的主体必须属于类Building，但常识上floorArea可能用于描述其他类型的实体（如房间或土地），因此存在语义冲突。",1,1,"判断结果：正确  
解释：根据背景知识，floorArea描述的是建筑物的面积属性，而Building类定义了建筑物的概念，因此将floorArea的domain设置为Building符合RDFS语义规则和常识。"
qwen_max,sample_0228,domain,domain(shoreLength) = Lake,1,0,0,"判断结果：错误  
解释：shoreLength属性的定义域应为具有“岸线长度”特征的对象，而Lake只是其中一种可能性，定义域不应严格限定为Lake。",0,0,"判断结果：错误  
解释：根据定义域语义规则，使用shoreLength属性的主体必须属于Lake类，但常识上shoreLength（岸线长度）可能适用于其他类型的地理实体（如海洋、河流等），而不仅限于湖泊。",1,1,"判断结果：正确  
解释：根据背景知识，shoreLength属性描述湖岸长度，而Lake类表示湖泊，因此将shoreLength的domain限定为Lake符合语义约束。"
qwen_max,sample_0231,domain,domain(length) = MeanOfTransportation,1,0,0,"判断结果：错误  
解释：长度属性通常适用于物理对象或几何形状，而不是直接限定于交通工具类。",0,0,"判断结果：错误  
解释：根据定义域语义规则，使用属性length的主体必须属于类MeanOfTransportation，但常识中长度属性通常适用于更广泛的对象，而不仅限于交通工具。",1,1,"判断结果：正确  
解释：根据背景知识，length是一个属性，MeanOfTransportation是一个类，domain公理表示属性的主体应属于某一类，这里将length的主体限定为MeanOfTransportation是合理的，符合RDFS语义规则。"
qwen_max,sample_0232,domain,domain(weight) = MeanOfTransportation,1,0,0,"判断结果：错误  
解释：重量（weight）是一个通用属性，不应仅限于交通工具（MeanOfTransportation）作为其定义域。",0,0,"判断结果：错误  
解释：根据定义域语义规则，使用属性weight的主体必须属于类MeanOfTransportation，但常识中“重量”属性可以适用于许多其他类（如人、动物等），不限于交通工具。",1,1,"判断结果：正确  
解释：根据背景知识，weight作为属性可以合理地描述MeanOfTransportation类的主体，符合domain语义规则。"
qwen_max,sample_0233,domain,domain(width) = MeanOfTransportation,1,0,0,"判断结果：错误  
解释：宽度（width）属性的定义域通常应为物理对象或具体事物，而不是交通工具（MeanOfTransportation）这一抽象类别。",0,0,"判断结果：错误  
解释：宽度（width）属性的定义域为交通工具（MeanOfTransportation）不符合常识，因为宽度可以适用于许多其他对象，而不仅限于交通工具。",1,1,"判断结果：正确  
解释：根据背景知识，width是一个属性，MeanOfTransportation是一个类，domain(width) = MeanOfTransportation表示width的主体必须属于MeanOfTransportation类，这符合RDFS语义规则且与常识一致。"
qwen_max,sample_0234,domain,domain(height) = Person,1,0,0,"判断结果：错误  
解释：属性“height”（高度）的定义域通常应为物理对象或生物，而不仅限于“Person”（人）。",0,0,"判断结果：错误  
解释：根据定义域语义规则，使用属性height的主体必须属于类Person，但常识中高度属性也可用于其他实体（如物体、建筑物等），因此存在语义冲突。",1,1,"判断结果：正确  
解释：根据背景知识，height是一个属性，Person是一个类，且常识上人的身高（height）可以作为Person类的属性，因此domain(height) = Person符合RDFS语义规则。"
qwen_max,sample_0235,domain,domain(weight) = Person,1,0,0,"判断结果：错误  
解释：属性“weight”（体重）的定义域通常应为物理实体（如人或物体），但将其限制为仅“Person”不符合常识，因为其他实体（如动物或物体）也可能有重量。",0,0,"判断结果：错误  
解释：根据定义域语义规则，使用属性weight的主体必须属于类Person，但常识中重量属性通常适用于物体或实体，而不仅限于人。",1,1,"判断结果：正确  
解释：根据背景知识，weight是一个属性，Person是一个类，domain(weight) = Person表示属性weight的主体必须属于Person类，这符合常识和RDFS语义规则。"
qwen_max,sample_0236,domain,domain(apoapsis) = Planet,1,0,0,"判断结果：错误  
解释：apoapsis（远地点）通常描述天体轨道的属性，其定义域应为轨道或天体对象，而非直接限定为行星。",0,0,"判断结果：错误  
解释：根据定义域语义规则，使用属性apoapsis的主体必须属于类Planet，但apoapsis通常用于描述天体轨道的远地点，其主体应为轨道或相关对象，而非行星。",1,1,"判断结果：正确  
解释：根据背景知识，apoapsis是一个属性，Planet是一个类，且apoapsis的主体是行星，符合domain语义规则。"
qwen_max,sample_0239,domain,domain(mass) = Planet,1,0,0,"判断结果：错误  
解释：质量（mass）是一个物理属性，其定义域不应仅限于行星（Planet），还可以适用于其他实体如恒星、卫星等。",0,0,"判断结果：错误  
解释：根据定义域语义规则，使用属性mass的主体必须属于Planet类，但常识上质量（mass）可以用于描述多种实体，不仅限于行星（Planet）。",1,1,"判断结果：正确  
解释：根据背景知识，mass是一个属性，Planet是一个类，domain(mass) = Planet表示属性mass的主体必须属于Planet类，这符合RDFS语义规则且与常识一致。"
qwen_max,sample_0241,domain,domain(meanRadius) = Planet,1,0,0,"判断结果：错误  
解释：meanRadius（平均半径）的定义域不应仅限于Planet（行星），因为其他天体（如恒星或卫星）也可能具有平均半径。",0,0,"判断结果：错误  
解释：根据定义域语义规则，使用meanRadius属性的主体必须属于Planet类，但常识上meanRadius也可用于其他天体（如卫星或恒星），因此存在语义冲突。",1,1,"判断结果：正确  
解释：根据背景知识，meanRadius是一个属性，Planet是一个类，且常识表明行星（Planet）可以具有平均半径（meanRadius），因此该公理符合RDFS中domain的语义规则。"
qwen_max,sample_0242,domain,domain(meanTemperature) = Planet,1,0,0,"判断结果：错误  
解释：平均温度（meanTemperature）通常与气候或地理位置相关，而不是直接与行星（Planet）相关。",0,0,"判断结果：错误  
解释：根据定义域语义规则，使用meanTemperature属性的主体应属于Planet类，但常识上温度属性通常与具体地点或物体相关，而非行星整体。",1,1,"判断结果：正确  
解释：根据背景知识，meanTemperature是一个属性，Planet是一个类，domain定义了属性的主体应属于Planet类，这符合RDFS语义规则且与常识一致。"
qwen_max,sample_0244,domain,domain(orbitalPeriod) = Planet,1,0,0,"判断结果：错误  
解释：orbitalPeriod的定义域应为天体或类似概念，而不仅限于Planet。",0,0,"判断结果：错误  
解释：根据定义域语义规则，使用orbitalPeriod属性的主体必须属于Planet类，但常识上orbitalPeriod也可用于其他天体（如卫星或小行星），因此存在语义冲突。",1,1,"判断结果：正确  
解释：根据背景知识，orbitalPeriod是一个属性，Planet是一个类，且常识表明行星（Planet）可以具有轨道周期（orbitalPeriod），因此该公理符合RDFS中domain的语义规则。"
qwen_max,sample_0245,domain,domain(periapsis) = Planet,1,0,0,"判断结果：错误  
解释：periapsis（近心点）是一个与天体轨道相关的属性，其定义域通常应为轨道或相关对象，而非Planet（行星）。",0,0,"判断结果：错误  
解释：根据定义域语义规则，使用属性periapsis的主体必须属于类Planet，但常识上periapsis描述的是天体轨道的一个点，与行星类无直接约束关系，因此存在语义冲突。",1,1,"判断结果：正确  
解释：根据背景知识，periapsis是一个属性，Planet是一个类，domain公理表明periapsis的主体应属于Planet类，这符合RDFS语义规则且与常识一致。"
qwen_max,sample_0249,domain,domain(areaMetro) = PopulatedPlace,1,0,0,"判断结果：错误  
解释：属性“areaMetro”的定义域不应仅限于“PopulatedPlace”，因为都市区面积可能涉及更广泛的地理或行政区域。",0,0,"判断结果：错误  
解释：根据定义域语义规则，使用属性areaMetro的主体必须属于类PopulatedPlace，但areaMetro通常用于描述地理区域面积，与PopulatedPlace无直接关联，存在语义冲突。",1,1,"判断结果：正确  
解释：根据背景知识，areaMetro是一个属性，PopulatedPlace是一个类，且语义上“面积”属性可以合理地与“有人居住的地方”相关联，符合domain的定义。"
qwen_max,sample_0251,domain,domain(areaUrban) = PopulatedPlace,1,0,0,"判断结果：错误  
解释：属性“areaUrban”的定义域不应仅限于“PopulatedPlace”，因为城市区域可能涉及更广泛的地理或行政范围。",0,0,"判断结果：错误  
解释：根据定义域语义规则，使用属性areaUrban的主体必须属于类PopulatedPlace，但常识上“城市区域”属性不一定仅适用于“有人居住的地方”，可能存在语义冲突。",1,1,"判断结果：正确  
解释：根据背景知识，areaUrban是一个属性，PopulatedPlace是一个类，且语义上“城市区域面积”可以合理地与“有人居住的地方”相关联，符合domain的定义。"
qwen_max,sample_0263,domain,domain(address) = Place,1,0,0,"判断结果：错误  
解释：地址（address）的定义域通常应为实体（如人或组织），而不是地点（Place）。",0,0,"判断结果：错误  
解释：根据定义域语义规则，使用address属性的主体应属于Place类，但常识中地址通常与地点相关联，而非主体本身属于地点。",1,1,"判断结果：正确  
解释：根据背景知识，address属性描述某事物的地址，而Place类表示地点，语义上地址的主体可以是地点，符合domain(address) = Place的约束。"
qwen_max,sample_0264,domain,domain(administrativeCenter) = AdministrativeRegion,1,0,0,"判断结果：错误  
解释：属性“administrativeCenter”的定义域通常应为一个地理区域或行政区划，而不是“AdministrativeRegion”本身。",0,0,"判断结果：错误  
解释：根据定义域语义规则，使用属性administrativeCenter的主体应属于类AdministrativeRegion，但常识上行政中心通常是一个城市或地点，而非行政区域本身，存在语义冲突。",1,1,"判断结果：正确  
解释：根据背景知识，administrativeCenter的主体应为AdministrativeRegion，符合domain语义规则。"
qwen_max,sample_0265,domain,domain(administrativeCollectivity) = Settlement,1,0,0,"判断结果：错误  
解释：行政集体（administrativeCollectivity）的定义域通常应为更广泛的地理或行政区域，而不仅限于聚落（Settlement）。",0,0,"判断结果：错误  
解释：根据定义域语义规则，使用属性administrativeCollectivity的主体必须属于Settlement类，但常识上行政集体性通常与更大的地理或政治区域相关，而非仅限于定居点。",1,1,"判断结果：正确  
解释：根据背景知识，administrativeCollectivity是一个属性，Settlement是一个类，domain定义了属性的主体类别，语义上表示该属性适用于Settlement类的实例，符合RDFS语义规则。"
qwen_max,sample_0266,domain,domain(administrativeDistrict) = Settlement,1,0,0,"判断结果：错误  
解释：行政区域（administrativeDistrict）的定义域通常应为更大的地理或行政区划类型，而非仅限于居民点（Settlement）。",0,0,"判断结果：错误  
解释：根据定义域语义规则，使用属性administrativeDistrict的主体必须属于Settlement类，但常识上行政区域通常与更大的地理或政治单位相关，而非仅限于聚居地（Settlement）。",1,1,"判断结果：正确  
解释：根据背景知识，administrativeDistrict是一个属性，Settlement是一个类，domain定义了属性的主体应属于的类，语义上行政区域属性的主体可以合理地约束为聚居地类，符合RDFS语义规则。"
qwen_max,sample_0267,domain,domain(agency) = Person,1,0,0,"判断结果：错误  
解释：属性“agency”的定义域为“Person”不符合常识，因为“agency”通常与组织或机构相关，而非个人。",0,0,"判断结果：错误  
解释：根据定义域语义规则，使用属性“agency”的主体必须属于类“Person”，但“agency”通常表示机构或代理关系，其主体不一定是“Person”，可能存在语义冲突。",1,1,"判断结果：正确  
解释：根据背景知识，agency是一个属性，Person是一个类，domain(agency) = Person表示属性agency的主体必须属于类Person，这符合RDFS语义规则中对domain的定义。"
qwen_max,sample_0270,domain,domain(allegiance) = Person,1,0,0,"判断结果：错误  
解释：属性allegiance的定义域通常应为组织或实体，而不是Person。",0,0,"判断结果：错误  
解释：根据定义域语义规则，使用属性allegiance的主体必须属于Person类，但常识中allegiance的主体可能包括组织、国家等非Person实体，因此存在语义冲突。",1,1,"判断结果：正确  
解释：根据背景知识，allegiance属性描述的是一个人服务的国家或势力，而Person类表示人，因此将allegiance的domain定义为Person符合语义规则和常识。"
qwen_max,sample_0272,domain,domain(almaMater) = Person,1,0,0,"判断结果：错误  
解释：属性“almaMater”的定义域通常应为与教育机构相关的类（如University），而不是Person。",0,0,"判断结果：错误  
解释：根据定义域语义规则，使用属性almaMater的主体必须属于类Person，但常识上almaMater通常用于描述教育机构与人的关系，其主体应为教育机构而非Person。",1,1,"判断结果：正确  
解释：根据背景知识，almaMater表示“他们所就读的学校”，其主体应为“人”，而Person类表示“人”，因此该公理符合domain语义规则。"
qwen_max,sample_0273,domain,domain(apoapsis) = CelestialBody,1,0,0,"判断结果：错误  
解释：apoapsis（远地点）是一个与轨道相关的属性，其定义域应为轨道或相关概念，而非天体（CelestialBody）。",0,0,"判断结果：错误  
解释：根据定义域语义规则，使用属性apoapsis的主体应属于CelestialBody类，但apoapsis通常描述天体轨道的远地点，其主体通常是轨道或相关天文对象，而非天体本身，存在语义冲突。",1,1,"判断结果：正确  
解释：根据背景知识，apoapsis是一个属性，CelestialBody是一个类，domain语义规则要求属性的主体属于指定类，而apoapsis的主体可以合理地是CelestialBody，因此该公理符合RDFS语义规则。"
qwen_max,sample_0277,domain,domain(architecturalStyle) = ArchitecturalStructure,1,0,0,"判断结果：错误  
解释：属性 architecturalStyle 的定义域应为与建筑风格相关的实体，而非 ArchitecturalStructure。",0,0,"判断结果：错误  
解释：根据定义域语义规则，使用属性architecturalStyle的主体必须属于类ArchitecturalStructure，但常识上建筑风格（architecturalStyle）通常描述的是建筑（Building）而非建筑结构（ArchitecturalStructure），因此存在语义冲突。",1,1,"判断结果：正确  
解释：根据背景知识，architecturalStyle 是一个属性，而 ArchitecturalStructure 是一个类，domain 语义规则要求该属性的主体属于指定类，这与常识中“建筑风格与建筑结构相关联”相符，因此公理合理。"
qwen_max,sample_0278,domain,domain(areaCode) = Place,1,0,0,"判断结果：错误  
解释：区号（areaCode）的定义域通常应为地理区域或地点的某种表示，而不是抽象的“Place”概念。",0,0,"判断结果：错误  
解释：根据语义规则，属性areaCode的定义域为Place，意味着使用areaCode的主体必须属于类Place，但常识上areaCode通常与地理区域相关，而非泛指所有地点。",1,1,"判断结果：正确  
解释：根据背景知识，areaCode是电话号码的区号属性，而Place是地点类，区号通常与地点相关联，因此将areaCode的domain定义为Place符合语义规则和常识。"
qwen_max,sample_0284,range,range(place) = PopulatedPlace,1,0,0,"判断结果：错误  
解释：属性“place”的值域被限制为“PopulatedPlace”，但“place”通常可以指代任何地点，包括非人口聚集地（如自然景观或地理区域），因此该约束不符合常识。",0,0,"判断结果：错误  
解释：根据值域语义规则，place属性的客体应属于PopulatedPlace类，但常识中“place”可能指代非人口聚集地（如自然景观），与规则冲突。",1,1,"判断结果：正确  
解释：根据背景知识，place属性关联实体与其所在的聚居地（PopulatedPlace），而range(place) = PopulatedPlace符合RDFS语义规则中对属性客体类别的约束。"
qwen_max,sample_0285,range,range(associate) = Person,1,0,0,"判断结果：错误  
解释：属性“associate”的值域被限制为“Person”，但根据常识，“associate”可能关联到其他类型的实体（如组织或事物），因此该定义过于狭窄。",0,0,"判断结果：错误  
解释：根据值域语义规则，属性“associate”的客体必须属于类“Person”，但未提供足够信息表明该属性的值域一定为“Person”，可能存在其他合理值域。",1,1,"判断结果：正确  
解释：根据背景知识，`associate` 是一个属性，`Person` 是一个类，`range(associate) = Person` 表示 `associate` 属性的客体必须属于 `Person` 类，符合 RDFS 的 range 语义规则且无冲突。"
qwen_max,sample_0310,range,range(architect) = Architect,1,0,0,"判断结果：错误  
解释：属性“architect”的值域应为建筑相关的实体或概念，而不是“Architect”本身。",0,0,"判断结果：错误  
解释：根据RDFS语义规则，值域（range）定义了属性客体的类别，但“architect”作为属性与其值域“Architect”之间的关系未明确是否符合常识或规范定义。",1,1,"判断结果：正确  
解释：根据背景知识，architect是属性，Architect是类，且range定义了属性客体的类别，因此该公理符合RDFS语义规则。"
qwen_max,sample_0311,range,range(arrondissement) = PopulatedPlace,1,0,0,"判断结果：错误  
解释：arrondissement通常指行政区划，其值域不应是PopulatedPlace（居住地）。",0,0,"判断结果：错误  
解释：根据RDFS语义规则，值域（range）要求属性的客体属于指定类，但“arrondissement”通常指行政区划，与“PopulatedPlace”（居住地）存在明显语义冲突。",1,1,"判断结果：正确  
解释：根据背景知识，arrondissement 是一个属性，PopulatedPlace 是一个类，且 PopulatedPlace 表示有人口居住的地方，符合 arrondissement 属性值的合理范围，满足 RDFS 的 range 语义规则。"
qwen_max,sample_0312,range,range(artery) = Artery,1,0,0,"判断结果：错误  
解释：属性的值域应为一个类或数据类型，而“artery”作为属性与其值域“Artery”在语义上不匹配。",0,0,"判断结果：错误  
解释：根据RDFS语义规则，值域（range）应描述属性的客体所属类，而artery并非一个属性，而是一个类，因此该公理违反语义规则。",1,1,"判断结果：正确  
解释：根据背景知识，artery是属性，Artery是类，且语义上artery的客体应为Artery类的实例，符合range的定义。"
qwen_max,sample_0318,range,range(automobilePlatform) = Automobile,1,0,0,"判断结果：错误  
解释：属性automobilePlatform的值域不应是Automobile，而应是与平台相关的概念（如Platform）。",0,0,"判断结果：错误  
解释：根据值域语义规则，属性automobilePlatform的客体应属于类Automobile，但常识中平台（platform）通常不是汽车（Automobile）的实例，存在语义冲突。",1,1,"判断结果：正确  
解释：根据背景知识，automobilePlatform 是一个属性，而 Automobile 是一个类，公理表明 automobilePlatform 的客体属于 Automobile 类，符合 range 的语义规则。"
qwen_max,sample_0325,range,range(beltwayCity) = City,1,0,0,"判断结果：错误  
解释：beltwayCity的值域应为与“环城公路城市”相关的概念，而不是泛指所有城市。",0,0,"判断结果：错误  
解释：根据值域语义规则，beltwayCity的值域应为与“beltway”相关的城市子集，而非所有城市（City）。",1,1,"判断结果：正确  
解释：根据背景知识，beltwayCity 是一个属性，City 是一个类，且语义上 beltwayCity 的客体可以合理地属于 City 类，符合 range 的定义。"
qwen_max,sample_0328,range,range(canonizedBy) = Person,1,0,0,"判断结果：错误  
解释：canonizedBy的值域通常应为某种事件或行为，而不是Person。",0,0,"判断结果：错误  
解释：根据值域语义规则，canonizedBy的客体应属于Person类，但常识上“canonizedBy”通常关联的是某种权威机构或组织，而非个人。",1,1,"判断结果：正确  
解释：根据背景知识，canonizedBy是一个属性，Person是一个类，公理表明canonizedBy的客体属于Person类，符合RDFS中range的语义规则。"
qwen_max,sample_0329,range,range(canonizedPlace) = PopulatedPlace,1,0,0,"判断结果：错误  
解释：canonizedPlace的值域被定义为PopulatedPlace，但“canonizedPlace”通常指与宗教或历史相关的地点，其值域不应局限于“有人居住的地方”。",0,0,"判断结果：错误  
解释：根据值域语义规则，属性canonizedPlace的客体应属于PopulatedPlace，但canonizedPlace的定义可能与常识冲突，因为“canonized”通常与宗教或特定文化意义相关，而非直接指代“有人居住的地方”。",1,1,"判断结果：正确  
解释：根据背景知识，canonizedPlace是一个属性，PopulatedPlace是一个类，且PopulatedPlace的定义表明它可以作为地理相关属性的值域，因此该公理符合RDFS语义规则。"
qwen_max,sample_0330,range,range(canton) = Settlement,1,0,0,"判断结果：错误  
解释：根据常识，“canton”通常指行政区划，其值域不应是“Settlement”（聚居地）。",0,0,"判断结果：错误  
解释：根据值域语义规则，属性canton的客体应属于Settlement类，但常识中“canton”通常指行政区划，与“Settlement”（定居点）不符，存在语义冲突。",1,1,"判断结果：正确  
解释：根据背景知识，canton是一个属性，Settlement是一个类，公理表明canton的客体属于Settlement类，符合RDFS中range的语义规则。"
qwen_max,sample_0344,range,range(club) = SportsTeam,1,0,0,"判断结果：错误  
解释：club的范围应包含更广泛的概念，不仅限于SportsTeam，还可以是其他类型的俱乐部。",0,0,"判断结果：错误  
解释：根据值域语义规则，club的值域应为与俱乐部相关的实体，而SportsTeam仅表示运动队，范围过于狭窄，不符合常识。",1,1,"判断结果：正确  
解释：根据背景知识，club是属性，SportsTeam是类，range(club) = SportsTeam表示club的客体属于SportsTeam类，符合RDFS语义规则且与背景知识一致。"
qwen_max,sample_0348,range,range(commandStructure) = MilitaryUnit,1,0,0,"判断结果：错误  
解释：commandStructure的值域通常应为某种结构或指令类型，而非MilitaryUnit。",0,0,"判断结果：错误  
解释：根据值域语义规则，属性commandStructure的客体应属于MilitaryUnit，但常识上commandStructure更可能与命令结构相关，而非直接表示军事单位。",1,1,"判断结果：正确  
解释：根据背景知识，commandStructure 是一个属性，MilitaryUnit 是一个类，公理表明 commandStructure 的客体属于 MilitaryUnit，符合 RDFS 中 range 的语义规则。"
qwen_max,sample_0353,range,range(councilArea) = PopulatedPlace,1,0,0,"判断结果：错误  
解释：councilArea的值域通常应为行政区划或类似概念，而非泛指所有有人居住的地方（PopulatedPlace）。",0,0,"判断结果：错误  
解释：根据值域语义规则，属性councilArea的客体应属于类PopulatedPlace，但常识上councilArea通常指代行政区划，与PopulatedPlace无必然包含关系，存在语义冲突。",1,1,"判断结果：正确  
解释：根据背景知识，councilArea 是一个属性，PopulatedPlace 是一个类，且 range 定义了属性客体的类别约束，因此该公理语义上合理。"
qwen_max,sample_0361,range,range(currentMember) = Person,1,0,0,"判断结果：错误  
解释：currentMember的值域应为具体实体或对象，而不是抽象类Person。",0,0,"判断结果：错误  
解释：根据值域语义规则，currentMember的客体应属于Person类，但常识中currentMember可能关联到组织或团体而非仅限于个人。",1,1,"判断结果：正确  
解释：根据背景知识，currentMember是一个属性，Person是一个类，公理表明currentMember的客体属于Person类，符合RDFS中range的语义规则。"
qwen_max,sample_0362,range,range(dean) = Person,1,0,0,"判断结果：错误  
解释：属性“dean”的值域定义为“Person”不符合常识，因为“dean”通常指代一个职位或角色，其值域更可能是某个具体担任该职位的实体类型（如“Professor”或“Administrator”），而非泛化的“Person”。",0,0,"判断结果：错误  
解释：根据RDFS语义规则，值域（range）表示属性的客体必须属于指定类，但“dean”作为属性与“Person”之间缺乏明确的常识关联，且未提供上下文支持该公理的合理性。",1,1,"判断结果：正确  
解释：根据背景知识，dean是一个属性，Person是一个类，公理表明dean的客体属于Person类，符合RDFS中range的语义规则。"
qwen_max,sample_0375,range,range(district) = PopulatedPlace,1,0,0,"判断结果：错误  
解释：district的值域通常应为行政区划或地理区域，而不是泛指所有有人居住的地方（PopulatedPlace）。",0,0,"判断结果：错误  
解释：根据值域语义规则，属性district的客体应属于类PopulatedPlace，但常识中“区”通常指行政区划，未必与“有人居住的地方”完全对应，存在语义冲突。",1,1,"判断结果：正确  
解释：根据背景知识，district 是一个属性，PopulatedPlace 是一个类，且 range 定义了属性客体的类别约束，因此将 district 的取值范围限定为 PopulatedPlace 符合语义规则和常识。"
qwen_max,sample_0393,subClassOf,TopicalConcept ⊑ AcademicSubject,0,0,1,"判断结果：正确  
解释：主题概念（TopicalConcept）可以是学术科目（AcademicSubject）的一种，符合常识和语义约束。",0,1,"判断结果：正确  
解释：根据子类关系语义规则，TopicalConcept的所有实例都属于AcademicSubject，符合语义规则且无明显常识冲突。",1,0,"判断结果：错误  
解释：根据背景知识，TopicalConcept和AcademicSubject是两个独立的类，且无明确的包含关系表明TopicalConcept一定是AcademicSubject的子类。"
qwen_max,sample_0396,subClassOf,PopulatedPlace ⊑ Agglomeration,0,0,1,"判断结果：正确  
解释：根据常识，有人居住的地方（PopulatedPlace）可以被合理地视为一种聚集地（Agglomeration）。",0,1,"判断结果：正确  
解释：根据子类关系语义规则，PopulatedPlace的所有实例都属于Agglomeration，符合常识和语义规则。",1,0,"判断结果：错误  
解释：根据背景知识，PopulatedPlace指有人口居住的地方，而Agglomeration表示集聚体，二者语义上不存在明显的包含关系，因此公理PopulatedPlace ⊑ Agglomeration与语义规则冲突。"
qwen_max,sample_0405,subClassOf,GridironFootballPlayer ⊑ AmericanFootballPlayer,0,0,1,"判断结果：正确  
解释：GridironFootballPlayer是AmericanFootballPlayer的子类，符合常识和语义关系。",0,1,"判断结果：正确  
解释：根据子类关系语义规则，GridironFootballPlayer的所有实例都属于AmericanFootballPlayer，符合常识和语义规则。",1,0,"判断结果：错误  
解释：根据背景知识，GridironFootballPlayer包含更广泛的概念（如北美橄榄球），而AmericanFootballPlayer是其子集，因此该公理与subClassOf的语义规则冲突。"
qwen_max,sample_0411,subClassOf,ComicsCharacter ⊑ AnimangaCharacter,0,0,1,"判断结果：正确  
解释：漫画角色（ComicsCharacter）可以合理地被视为动画和漫画角色（AnimangaCharacter）的子集，符合常识和语义关系。",0,1,"判断结果：正确  
解释：根据子类关系语义规则，ComicsCharacter的所有实例都属于AnimangaCharacter，符合常识和语义规则。",1,0,"判断结果：错误  
解释：根据背景知识，ComicsCharacter和AnimangaCharacter是两个独立的类，前者表示漫画角色，后者表示动画/漫画角色，二者并无明确的包含关系，因此该公理与语义规则冲突。"
qwen_max,sample_0412,subClassOf,Cartoon ⊑ Anime,0,0,1,"判断结果：正确  
解释：卡通（Cartoon）可以被视为动画（Anime）的一个子类，因为卡通是动画的一种特定形式或风格。",0,1,"判断结果：正确  
解释：根据子类关系语义规则，Cartoon是Anime的子类表示Cartoon的所有实例也属于Anime，这符合常识和语义规则。",1,0,"判断结果：错误  
解释：根据背景知识，Cartoon和Anime是两个不同的类，Anime是起源于日本的一种动画风格，而Cartoon是一个更广泛的类别，二者并非包含关系。"
qwen_max,sample_0427,subClassOf,Satellite ⊑ ArtificialSatellite,0,0,1,"判断结果：正确  
解释：卫星（Satellite）是人造卫星（ArtificialSatellite）的一个子类，符合常识和语义关系。",0,1,"判断结果：正确  
解释：根据子类关系语义规则，Satellite作为ArtificialSatellite的子类，其所有实例必然属于ArtificialSatellite，符合语义规则且无常识冲突。",1,0,"判断结果：错误  
解释：根据背景知识，Satellite是自然天体，而ArtificialSatellite是人造物体，两者语义上不存在包含关系，因此Satellite不是ArtificialSatellite的子类。"
qwen_max,sample_0436,subClassOf,Athlete ⊑ AthleticsPlayer,0,0,1,"判断结果：正确  
解释：根据常识，运动员（Athlete）是从事体育运动的人，而田径运动员（AthleticsPlayer）是运动员的一种，因此该公理符合语义关系。",0,1,"判断结果：正确  
解释：根据子类关系语义规则，Athlete的所有实例都属于AthleticsPlayer，符合语义规则且无明显冲突。",1,0,"判断结果：错误  
解释：根据背景知识，Athlete和AthleticsPlayer是两个独立的类，且无明确的包含关系表明所有Athlete都是AthleticsPlayer。"
