model,sample_id,axiom_type,axiom_text,context_info,model_output,explanation_text,explanation_label,is_explanation_correct,annotation_reason
deepseek-ai/DeepSeek-R1-Distill-Qwen-32B,hard_case_0091,domain,domain(associatedRocket) = Saint,"背景知识：
条目1：
- 名称：associatedRocket
- 类型：Property
- 简介：associated rocket

条目2：
- 名称：Saint
- 类型：Class
- 简介：saint","好，我现在需要分析这个RDFS公理是否正确。公理是domain(associatedRocket) = Saint，也就是说，属性associatedRocket的主体必须属于类Saint。

首先，我得理解每个部分的含义。associatedRocket是一个属性，而Saint是一个类。domain约束意味着任何使用associatedRocket属性的主体都必须是Saint类的实例。

接下来，结合背景知识。Saint类代表的是圣徒，而associatedRocket可能指的是与火箭相关的属性。常识上，圣徒通常是人，而火箭是飞行器，两者之间没有直接的关联。因此，将associatedRocket的主体限制为Saint类似乎不合理。

再考虑RDFS的语义规则。domain约束确保属性的使用符合类的定义。如果属性描述的是火箭相关的内容，那么它的主体应该是与火箭相关的类，比如Rocket或Spacecraft，而不是Saint。

综上所述，这个公理与背景知识和常识不符，因此是错误的。
</think>

判断结果：错误
解释：属性associatedRocket的主体应与火箭相关，而Saint代表圣徒，两者无直接关联，违反常识和语义规则。",属性associatedRocket的主体应与火箭相关，而Saint代表圣徒，两者无直接关联，违反常识和语义规则。,,,
deepseek-ai/DeepSeek-R1-Distill-Qwen-32B,hard_case_0119,domain,domain(maximumTemperature) = Planet,"背景知识：
条目1：
- 名称：maximumTemperature
- 类型：Property
- 简介：maximum temperature (K)

条目2：
- 名称：Planet
- 类型：Class
- 简介：planet","嗯，我现在需要判断这个RDFS公理是否正确。公理是domain(maximumTemperature) = Planet。首先，我得理解每个部分的意思。

domain(maximumTemperature) 表示这个属性的主体应该属于哪个类。这里主体是maximumTemperature，它是一个属性，类型是Property，简介是“maximum temperature (K)”，也就是最大温度，单位是开尔文。那它的主体应该是什么类呢？

接下来，Planet是一个类，简介是“planet”，也就是行星。那问题来了，maximumTemperature这个属性的主体是否应该是Planet呢？也就是说，是否有行星具有最大温度这个属性。

根据常识，行星确实有温度，包括最大温度。比如地球、火星等行星都有各自的温度范围，所以记录它们的最大温度是合理的。因此，将maximumTemperature的domain设置为Planet是正确的，因为行星确实会有最大温度这个属性。

再结合RDFS的语义规则，domain约束了属性的主体必须属于指定的类。这里Planet是正确的主体类，所以这个公理是合理的，没有冲突。
</think>

判断结果：正确
解释：maximumTemperature作为属性，其主体应属于Planet类，因为行星确实具有最大温度这一属性。",maximumTemperature作为属性，其主体应属于Planet类，因为行星确实具有最大温度这一属性。,,,
deepseek-ai/DeepSeek-R1-Distill-Qwen-32B,hard_case_0130,domain,domain(otherChannel) = Drug,"背景知识：
条目1：
- 名称：otherChannel
- 类型：Property
- 简介：other channel

条目2：
- 名称：Drug
- 类型：Class
- 简介：drug","嗯，我现在需要判断这个RDFS公理是否正确。公理是domain(otherChannel) = Drug。首先，我得理解每个部分的意思。

otherChannel是一个属性，Drug是一个类。domain表示属性的主体属于某个类。所以，这个公理的意思是，otherChannel属性的主体必须是Drug类的实例。

接下来，我得看看背景知识。条目1说otherChannel是属性，简介是“other channel”，可能是指其他渠道或来源。条目2说Drug是类，简介是“drug”，也就是药物。

现在，我需要分析这个公理是否合理。domain约束意味着每当使用otherChannel属性时，主语必须是Drug类的实例。比如，如果有一个药物实例d，那么d otherChannel ... 就是合法的。但问题在于，otherChannel的语义是否与Drug相关。

根据常识，otherChannel可能与药物无关，比如可能用于描述其他类型的资源或实体。如果otherChannel通常用于描述非药物的主体，那么这个domain约束可能不正确。

另外，RDFS的domain规则要求属性的主体必须属于指定的类。如果otherChannel的使用场景与Drug无关，那么这个约束会导致错误，因为属性可能被错误地限制在Drug类上。

综上所述，这个公理可能与背景知识或常识不符，因此判断为错误。
</think>

判断结果：错误
解释：属性otherChannel的主体应属于Drug类，但根据背景知识，otherChannel与Drug类无明显关联，因此该公理不合理。",属性otherChannel的主体应属于Drug类，但根据背景知识，otherChannel与Drug类无明显关联，因此该公理不合理。,,,
deepseek-ai/DeepSeek-R1-Distill-Qwen-32B,hard_case_0073,domain,domain(agency) = BaseballPlayer,"背景知识：
条目1：
- 名称：agency
- 类型：Property
- 简介：agency

条目2：
- 名称：BaseballPlayer
- 类型：Class
- 简介：baseball player","嗯，我现在需要判断这个RDFS公理是否正确。公理是domain(agency) = BaseballPlayer。首先，我得理解每个部分的意思。

首先，domain指的是属性的主体类型。也就是说，属性agency的主体必须属于BaseballPlayer这个类。那agency是什么？根据背景知识，agency是一个属性，简介里只写了“agency”，没有更多信息。BaseballPlayer是一个类，代表棒球运动员。

接下来，我得思考agency这个属性通常用来描述什么。在常识中，agency通常指代理机构或代理行为，比如经纪人、代理商等。而BaseballPlayer是棒球运动员，他们可能有经纪人，但经纪人本身可能不是棒球运动员。

所以，如果domain(agency)是BaseballPlayer，意味着只有棒球运动员才能有agency属性。这可能不正确，因为经纪人可能属于其他类，比如Person或者Agent，而不是BaseballPlayer。因此，这个公理可能不符合常识和语义规则。

另外，RDFS的domain规则要求属性的主体必须属于指定的类。如果agency的主体通常是经纪人，而经纪人不属于BaseballPlayer，那么这个公理就是错误的。

综上所述，这个公理可能不正确，因为它限制了agency的主体只能是棒球运动员，而实际上可能还有其他类型的主体。
</think>

判断结果：错误
解释：属性agency的主体通常指经纪人或代理机构，而BaseballPlayer是棒球运动员，两者之间没有直接的语义关联，因此该公理不合理。",属性agency的主体通常指经纪人或代理机构，而BaseballPlayer是棒球运动员，两者之间没有直接的语义关联，因此该公理不合理。,,,
deepseek-ai/DeepSeek-R1-Distill-Qwen-32B,hard_case_0129,domain,domain(otherChannel) = Broadcaster,"背景知识：
条目1：
- 名称：otherChannel
- 类型：Property
- 简介：other channel

条目2：
- 名称：Broadcaster
- 类型：Class
- 简介：A broadcaster is an organisation responsible for the production of radio or television programs and/or their transmission. (http://en.wikipedia.org/wiki/Broadcaster - 28/03/2011)","嗯，我现在需要判断这个RDFS公理是否正确。公理是domain(otherChannel) = Broadcaster。首先，我得理解每个部分的意思。

otherChannel是一个属性，根据背景知识，它被描述为“other channel”，可能指的是其他频道。Broadcaster是一个类，指的是负责制作或传输广播节目的组织。

接下来，domain(otherChannel) = Broadcaster的意思是说，otherChannel属性的主体必须属于Broadcaster类。也就是说，当使用otherChannel属性时，它的主语必须是Broadcaster类的实例。

现在，我需要结合背景知识和RDFS的语义规则来分析。RDFS的domain规则规定，属性的domain指定了该属性的主语必须属于的类。所以，如果otherChannel的domain是Broadcaster，那么所有使用otherChannel的主语都必须是Broadcaster的实例。

根据常识，频道（channel）通常由广播公司（Broadcaster）拥有或运营。因此，otherChannel作为属性，可能表示某个广播公司有其他的频道。所以，主语应该是Broadcaster，而宾语可能是另一个频道。

这样看来，这个公理是合理的，因为它符合现实中的关系：广播公司拥有其他频道。因此，这个公理是正确的。
</think>

判断结果：正确
解释：根据背景知识，otherChannel是一个属性，而Broadcaster是一个类，表示广播组织。domain(otherChannel) = Broadcaster表示otherChannel属性的主体必须是Broadcaster类的实例，这符合广播组织拥有其他频道的常识。",根据背景知识，otherChannel是一个属性，而Broadcaster是一个类，表示广播组织。domain(otherChannel) = Broadcaster表示otherChannel属性的主体必须是Broadcaster类的实例，这符合广播组织拥有其他频道的常识。,,,
deepseek-ai/DeepSeek-R1-Distill-Qwen-32B,hard_case_0140,domain,domain(statisticYear) = ChemicalSubstance,"背景知识：
条目1：
- 名称：statisticYear
- 类型：Property
- 简介：statistic year

条目2：
- 名称：ChemicalSubstance
- 类型：Class
- 简介：chemical substance","嗯，我现在需要判断这个RDFS公理是否正确。公理是domain(statisticYear) = ChemicalSubstance。首先，我得理解每个部分的意思。

statisticYear是一个属性，它的类型是Property，简介是“statistic year”。ChemicalSubstance是一个类，类型是Class，简介是“chemical substance”。所以，这个公理的意思是说，statisticYear属性的主体必须属于ChemicalSubstance类。

接下来，我得分析这个是否合理。statisticYear通常用来表示统计年份，比如某个统计数据是在哪一年进行的。而ChemicalSubstance是化学物质，比如水、氧气之类的。那么，统计年份的主体应该是统计活动或者统计数据，而不是化学物质。

根据RDFS的语义规则，domain约束了属性的主体类型。如果statisticYear的主体是ChemicalSubstance，那么意味着每个化学物质都有一个统计年份，这显然不符合常识。化学物质本身并不涉及年份，而是统计数据可能涉及年份。

所以，这个公理是错误的，因为它不符合背景知识和常识。
</think>

判断结果：错误
解释：statisticYear属性的主体应为统计数据或相关实体，而非化学物质，因此该公理与背景知识不符。",statisticYear属性的主体应为统计数据或相关实体，而非化学物质，因此该公理与背景知识不符。,,,
deepseek-ai/DeepSeek-R1-Distill-Qwen-32B,hard_case_0069,domain,domain(acquirementDate) = Planet,"背景知识：
条目1：
- 名称：acquirementDate
- 类型：Property
- 简介：date of acquirement

条目2：
- 名称：Planet
- 类型：Class
- 简介：planet","嗯，我现在需要判断这个RDFS公理是否正确。公理是domain(acquirementDate) = Planet，也就是说，属性acquirementDate的主体必须属于Planet这个类。首先，我得理解每个部分的意思。

acquirementDate是一个属性，表示获取日期。Planet是一个类，代表行星。根据RDFS的规则，domain约束了属性的主体类型。所以，这里的意思是说，只有Planet类的实例才能拥有acquirementDate属性。

接下来，我得结合背景知识来分析。acquirementDate通常用于记录某个事物被获取的日期，比如购买日期、收购日期等。而Planet是行星，比如地球、火星这样的天体。那么，行星是否有获取日期呢？这似乎不太常见。通常，获取日期用于有所有者的事物，比如物品、公司等，而行星通常是自然存在的，没有所有者，所以不太可能有获取日期。

再考虑常识，行星是自然形成的天体，它们的存在并不涉及获取或收购的概念。因此，将acquirementDate的domain设置为Planet是不合理的，因为这不符合实际情况。

综上所述，这个公理与背景知识和常识不符，所以是错误的。
</think>

判断结果：错误
解释：属性acquirementDate的主体应为具有获取日期的事物，而Planet类代表行星，通常不涉及获取日期，因此该公理不合理。",属性acquirementDate的主体应为具有获取日期的事物，而Planet类代表行星，通常不涉及获取日期，因此该公理不合理。,,,
deepseek-ai/DeepSeek-R1-Distill-Qwen-32B,hard_case_0266,domain,domain(timeofprotest) = time,"背景知识：
条目1：
- 名称：timeofprotest
- 类型：Unknown
- 简介：{%%s is the %s the event %%s, time of}
- 补充信息：generalizations: relatedto | domain: time | range: protestevent

条目2：
- 名称：time
- 类型：Unknown
- 简介：a specific time
- 补充信息：generalizations: abstractthing","好，我现在需要判断给定的RDFS公理是否正确。公理是domain(timeofprotest) = time。首先，我得理解这个公理的意思。domain表示属性的主体属于某个类，所以这里的意思是，timeofprotest属性的主体必须属于time类。

接下来，我查看背景知识。条目1中提到timeofprotest的补充信息里有domain: time，这说明timeofprotest的主体确实是time类。而条目2中，time类的类型是Unknown，简介是“a specific time”，补充信息里提到generalizations: abstractthing，说明time是抽象事物的一个子类。

根据RDFS的语义规则，domain约束确保属性的主体属于指定的类。这里，timeofprotest的domain被明确设置为time，这与背景知识中的描述一致。因此，这个公理是正确的，因为它符合背景知识中的定义和RDFS的规则。
</think>

判断结果：正确
解释：根据背景知识，timeofprotest的domain被明确指定为time，这与给定的公理一致，因此公理是正确的。",根据背景知识，timeofprotest的domain被明确指定为time，这与给定的公理一致，因此公理是正确的。,,,
deepseek-ai/DeepSeek-R1-Distill-Qwen-32B,hard_case_0144,domain,domain(upperAge) = Engine,"背景知识：
条目1：
- 名称：upperAge
- 类型：Property
- 简介：upper age

条目2：
- 名称：Engine
- 类型：Class
- 简介：engine","嗯，我现在需要判断这个RDFS公理是否正确。公理是domain(upperAge) = Engine，也就是说属性upperAge的主体必须属于Engine这个类。首先，我得理解每个部分的含义。

首先，upperAge是一个属性，类型是Property，简介是upper age。这可能指的是某个东西的上限年龄，比如机器的使用年限或者人的年龄上限。然后，Engine是一个类，类型是Class，简介是engine，通常指的是发动机或引擎。

接下来，根据RDFS的语义规则，domain约束了属性的主体必须属于某个类。所以这里的意思是，任何拥有upperAge属性的主体都必须是Engine类的实例。比如，如果一辆车有upperAge属性，那么这辆车必须属于Engine类吗？这似乎不太对，因为通常来说，upperAge可能与人或机器相关，而Engine类可能指的是发动机本身，而不是拥有年龄的实体。

再结合常识，发动机通常不会被描述为有年龄上限，而是可能有寿命或使用年限。而upperAge更可能用于描述人或设备的年龄上限，比如退休年龄或设备的报废年限。因此，将upperAge的domain设置为Engine可能不符合常识，因为Engine类的实例可能不会直接关联到年龄属性。

另外，从背景知识来看，Engine类的简介只是“engine”，没有提到与年龄相关的内容，而upperAge的简介是“upper age”，也没有明确说明与Engine类的关联。因此，这个公理可能不符合预期的语义关系。

综上所述，这个公理可能不合理，因为它将upperAge的主体限制为Engine类，而根据常识和背景知识，这可能不成立。
</think>

判断结果：错误
解释：属性upperAge的主体应属于Engine类，但根据常识，upperAge通常与年龄相关，而Engine类通常指发动机，两者语义不符。",属性upperAge的主体应属于Engine类，但根据常识，upperAge通常与年龄相关，而Engine类通常指发动机，两者语义不符。,,,
deepseek-ai/DeepSeek-R1-Distill-Qwen-32B,hard_case_0133,domain,domain(populationUrbanDensity) = Island,"背景知识：
条目1：
- 名称：populationUrbanDensity
- 类型：Property
- 简介：population urban density (/sqkm)

条目2：
- 名称：Island
- 类型：Class
- 简介：island","嗯，我现在需要判断这个RDFS公理是否正确。公理是domain(populationUrbanDensity) = Island。首先，我得理解每个部分的意思。

populationUrbanDensity是一个属性，类型是Property，简介是“population urban density (/sqkm)”，也就是人口密度，单位是每平方公里。Island是一个类，类型是Class，简介是“island”，也就是岛屿。

接下来，domain的意思是属性的主体必须属于某个类。所以这个公理的意思是说，populationUrbanDensity这个属性的主体必须是Island类的实例。也就是说，只有岛屿才能有这个属性，表示它们的人口密度。

那我得想想，人口密度是不是只能用在岛屿上。人口密度通常指的是某个区域的人口数量，比如城市、国家、地区等等。岛屿当然可以有人口密度，但并不是只有岛屿才有。比如城市、国家、省份等也可以有这个属性。所以，如果domain限制为Island，那可能太严格了，排除了其他可能的情况。

另外，根据RDFS的语义规则，domain约束了属性的主体必须属于某个类。如果这个属性被用在非Island的实例上，比如一个城市，那么就会违反这个约束。但实际情况中，人口密度不仅仅适用于岛屿，所以这个约束可能不合理。

综上所述，这个公理可能限制了属性的使用范围，导致它无法正确应用到其他应该有该属性的类上。因此，这个公理可能是错误的。
</think>

判断结果：错误
解释：属性populationUrbanDensity的主体应为具有人口密度的区域，而不仅仅是岛屿。",属性populationUrbanDensity的主体应为具有人口密度的区域，而不仅仅是岛屿。,,,
deepseek-ai/DeepSeek-R1-Distill-Qwen-32B,hard_case_0106,domain,domain(firstLaunchRocket) = Scientist,"背景知识：
条目1：
- 名称：firstLaunchRocket
- 类型：Property
- 简介：first launch rocket

条目2：
- 名称：Scientist
- 类型：Class
- 简介：scientist","好，我现在需要分析这个RDFS公理是否正确。公理是domain(firstLaunchRocket) = Scientist。首先，我得理解每个部分的意思。

首先，domain表示属性的主体属于某个类。这里，firstLaunchRocket是一个属性，Scientist是一个类。所以这个公理的意思是，所有使用firstLaunchRocket属性的主体都必须是Scientist类的实例。

接下来，我需要结合背景知识。firstLaunchRocket的简介是“first launch rocket”，这可能指的是第一次发射火箭的事件。Scientist类则是指科学家。那么，问题来了：科学家是否是发射火箭的主体？

常识上，发射火箭通常是由组织、公司或机构进行的，比如NASA、SpaceX等，而不是单个科学家。科学家可能参与设计或研究，但发射火箭的主体通常是组织或机构，而不是个人科学家。

再考虑RDFS的语义规则，domain约束了属性的主体类型。如果公理设定domain为Scientist，那么所有使用firstLaunchRocket的实例都必须是Scientist。但根据常识，这并不符合实际情况，因为发射火箭的主体通常是组织，而不是个人科学家。

因此，这个公理与常识和背景知识不符，所以判断为错误。
</think>

判断结果：错误
解释：属性firstLaunchRocket的主体应为发射火箭的组织或机构，而非科学家。",属性firstLaunchRocket的主体应为发射火箭的组织或机构，而非科学家。,,,
deepseek-ai/DeepSeek-R1-Distill-Qwen-32B,hard_case_0100,domain,domain(diameter) = Automobile,"背景知识：
条目1：
- 名称：diameter
- 类型：Property
- 简介：diameter (mm)

条目2：
- 名称：Automobile
- 类型：Class
- 简介：automobile","嗯，我现在需要判断这个RDFS公理是否正确。公理是domain(diameter) = Automobile，也就是说，属性diameter的主体必须属于Automobile类。首先，我得理解每个部分的意思。

diameter是一个属性，类型是Property，简介是直径（毫米）。Automobile是一个类，代表汽车。那么，domain(diameter) = Automobile的意思是，只有Automobile类的实例才能拥有diameter属性。

接下来，我得考虑常识。直径通常用来描述圆形物体的大小，比如轮胎、轮毂或者其他圆形部件。而Automobile作为一个整体，可能有多个部分，比如轮胎、发动机等，每个部分可能有各自的直径。但Automobile本身作为一个整体，是否有直径呢？一般来说，汽车的尺寸可能用长度、宽度、高度来描述，而不是直径。直径更常用于描述圆形或球形的物体。

再结合RDFS的语义规则，domain约束了属性的主体类型。如果diameter的domain是Automobile，那么所有拥有diameter属性的实例都必须是Automobile类的。但实际情况中，diameter可能更多地用于汽车的部件，而不是汽车本身。因此，将diameter的domain限制为Automobile可能过于狭窄，不符合常识。

另外，从背景知识来看，diameter的简介只是说明它是一个直径属性，没有特别指出它只能用于汽车。所以，将它的domain设为Automobile可能不符合预期的使用场景。

综上所述，这个公理可能不合理，因为它限制了diameter只能用于Automobile类，而实际上diameter可能用于更广泛的类，比如轮胎、轮毂等，而不仅仅是汽车本身。
</think>

判断结果：错误
解释：属性diameter通常用于描述圆形物体的直径，而Automobile类通常不直接具有直径属性，因此将diameter的domain设为Automobile不符合常识和语义规则。",属性diameter通常用于描述圆形物体的直径，而Automobile类通常不直接具有直径属性，因此将diameter的domain设为Automobile不符合常识和语义规则。,,,
deepseek-ai/DeepSeek-R1-Distill-Qwen-32B,hard_case_0121,domain,domain(meltingPoint) = Drug,"背景知识：
条目1：
- 名称：meltingPoint
- 类型：Property
- 简介：melting point (K)

条目2：
- 名称：Drug
- 类型：Class
- 简介：drug","嗯，我现在需要判断这个RDFS公理是否正确。公理是domain(meltingPoint) = Drug，也就是说，属性meltingPoint的主体必须属于Drug这个类。首先，我得理解每个部分的含义。

meltingPoint是一个属性，类型是Property，简介是熔点，单位是开尔文。Drug是一个类，类型是Class，简介是药物。所以，domain(meltingPoint) = Drug的意思是，任何拥有meltingPoint属性的实例都必须是Drug类的成员。

接下来，我得考虑常识。熔点通常用于描述物质的物理性质，比如化学物质、材料等。而药物确实属于化学物质的一种，所以从常识上看，药物有熔点是合理的。因此，将meltingPoint的domain设为Drug是正确的，因为药物确实会有熔点属性。

再结合RDFS的语义规则，domain约束确保属性只能用于特定类的实例。这里Drug类的实例确实可能有熔点，所以这个公理是合理的，没有冲突。
</think>

判断结果：正确
解释：属性meltingPoint的主体应属于Drug类，这与常识相符，因为药物通常具有熔点属性。",属性meltingPoint的主体应属于Drug类，这与常识相符，因为药物通常具有熔点属性。,,,
deepseek-ai/DeepSeek-R1-Distill-Qwen-32B,hard_case_0082,domain,domain(archipelago) = School,"背景知识：
条目1：
- 名称：archipelago
- 类型：Property
- 简介：archipelago

条目2：
- 名称：School
- 类型：Class
- 简介：school","嗯，我现在需要判断这个RDFS公理是否正确。公理是domain(archipelago) = School。首先，我得理解每个部分的意思。

archipelago是一个属性，而School是一个类。domain表示属性的主体属于某个类。所以，这个公理的意思是说，属性archipelago的主体必须是School类的实例。

接下来，我得看看背景知识。archipelago的简介里只写了“archipelago”，没有更多的信息。School是类，简介是“school”。常识上，archipelago通常指的是群岛，比如菲律宾群岛。而School通常指学校，两者似乎没有直接的关联。

根据RDFS的语义规则，domain约束了属性的主体类型。如果archipelago的主体应该是School，那意味着所有使用archipelago属性的主体都必须是学校。但群岛和学校之间没有明显的联系，这可能不符合常识。

所以，这个公理可能不合理，因为它强制将群岛属性与学校类相关联，而实际上两者没有直接关系。
</think>

判断结果：错误
解释：属性archipelago的主体应属于School类，但根据常识，archipelago通常指群岛，与School类无明显关联。",属性archipelago的主体应属于School类，但根据常识，archipelago通常指群岛，与School类无明显关联。,,,
deepseek-ai/DeepSeek-R1-Distill-Qwen-32B,hard_case_0254,domain,domain(inverseofarthropodlooklikeinsect) = insect,"背景知识：
条目1：
- 名称：inverseofarthropodlooklikeinsect
- 类型：Unknown
- 简介：Describes the arthropod that look like specific insects
- 补充信息：generalizations: relatedto | domain: insect | range: arthropod

条目2：
- 名称：insect
- 类型：Unknown
- 简介：class within the arthropods that have a chitinous exoskeleton, a three-part body (head, thorax, and abdomen), three pairs of jointed legs, compound eyes, and two antennae
- 补充信息：generalizations: arthropod","好，我现在需要分析这个RDFS公理是否正确。公理是domain(inverseofarthropodlooklikeinsect) = insect。首先，我得理解每个部分的含义。

根据背景知识，inverseofarthropodlooklikeinsect是一个属性，它的domain是insect，range是arthropod。这意味着这个属性的主体必须是insect类的实例，而客体则是arthropod类的实例。

接下来，RDFS的domain规则规定，如果一个属性的domain是某个类，那么所有使用该属性的实例的主体都必须属于该类。这里，inverseofarthropodlooklikeinsect的domain被设定为insect，所以任何使用这个属性的实例，其主体都必须是insect类的成员。

结合背景知识，insect类属于arthropod，所以insect是arthropod的一个子类。因此，将domain设为insect是合理的，因为它符合RDFS的规则，确保属性的主体属于正确的类。

综上所述，这个公理是正确的，因为它符合RDFS的domain规则，并且与背景知识一致。
</think>

判断结果：正确
解释：根据背景知识，inverseofarthropodlooklikeinsect的domain被明确设定为insect，这与RDFS的domain规则一致，因此该公理是正确的。",根据背景知识，inverseofarthropodlooklikeinsect的domain被明确设定为insect，这与RDFS的domain规则一致，因此该公理是正确的。,,,
deepseek-ai/DeepSeek-R1-Distill-Qwen-32B,hard_case_0108,domain,domain(height) = ChemicalSubstance,"背景知识：
条目1：
- 名称：height
- 类型：Property
- 简介：height (mm)

条目2：
- 名称：ChemicalSubstance
- 类型：Class
- 简介：chemical substance","嗯，我现在需要判断这个RDFS公理是否正确。公理是domain(height) = ChemicalSubstance。首先，我得理解每个部分的意思。

domain(height)表示属性height的主体必须属于某个类。这里主体是height，属性的主体通常是主语，比如在三元组中，主语是拥有这个属性的实体。所以，domain(height) = ChemicalSubstance意味着所有具有height属性的实体都必须是ChemicalSubstance类的实例。

接下来，我看看背景知识。height是一个属性，类型是Property，简介是height (mm)，也就是高度，单位是毫米。ChemicalSubstance是一个类，类型是Class，简介是化学物质。那么，height通常用来描述什么？比如，物体的高度，可能用于描述人、动物、物品等，而ChemicalSubstance是化学物质，比如水、氧气等。

根据常识，化学物质通常用属性来描述它们的性质，比如分子式、沸点、密度等，而高度可能不是化学物质的主要属性。比如，水的高度可能指的是液位，但通常来说，height属性更常用于描述物体的物理尺寸，而不是化学物质的特性。

再结合RDFS的语义规则，domain约束了属性的主体类型。如果height的主体必须是ChemicalSubstance，那么所有使用height属性的实例都必须是化学物质。这可能不符合常识，因为height通常用于描述各种实体，而不仅仅是化学物质。

所以，这个公理可能不正确，因为它限制了height只能用于化学物质，而实际上height的应用范围更广。因此，这个公理与背景知识和常识不符，应该判定为错误。
</think>

判断结果：错误
解释：属性height通常用于描述物体的高度，而ChemicalSubstance是化学物质，两者之间没有直接的语义关联，因此domain(height) = ChemicalSubstance不符合常识和语义规则。",属性height通常用于描述物体的高度，而ChemicalSubstance是化学物质，两者之间没有直接的语义关联，因此domain(height) = ChemicalSubstance不符合常识和语义规则。,,,
deepseek-ai/DeepSeek-R1-Distill-Qwen-32B,hard_case_0257,domain,domain(inverseofsoftwareprogrammedinprogramminglanguage) = programminglanguage,"背景知识：
条目1：
- 名称：inverseofsoftwareprogrammedinprogramminglanguage
- 类型：Class
- 简介：inverseofsoftwareprogrammedinprogramminglanguage is a class in the NELL knowledge base.
- 补充信息：generalizations: relatedto | domain: programminglanguage | range: software

条目2：
- 名称：programminglanguage
- 类型：Class
- 简介：{%%s is a %s, programming language}
- 补充信息：generalizations: abstractthing","好，我现在需要分析这个RDFS公理是否正确。公理是domain(inverseofsoftwareprogrammedinprogramminglanguage) = programminglanguage。首先，我得理解每个部分的含义。

根据背景知识，inverseofsoftwareprogrammedinprogramminglanguage是一个类，它的补充信息显示domain是programminglanguage，range是software。这意味着这个类的属性主体属于programminglanguage，客体属于software。

接下来，RDFS的domain规则规定，属性的主体必须属于domain指定的类。这里，inverseofsoftwareprogrammedinprogramminglanguage的domain被设定为programminglanguage，所以任何使用这个属性的主体都必须是programminglanguage的实例。

现在，结合背景知识，programminglanguage是一个类，属于abstractthing。而inverseofsoftwareprogrammedinprogramminglanguage的domain确实是programminglanguage，这与RDFS的规则一致。因此，这个公理是正确的，因为它符合定义和语义规则。
</think>

判断结果：正确
解释：根据背景知识，inverseofsoftwareprogrammedinprogramminglanguage的domain被明确指定为programminglanguage，这与RDFS的domain规则一致。",根据背景知识，inverseofsoftwareprogrammedinprogramminglanguage的domain被明确指定为programminglanguage，这与RDFS的domain规则一致。,,,
deepseek-ai/DeepSeek-R1-Distill-Qwen-32B,hard_case_0388,domain,domain(step) = HowTo,"背景知识：
条目1：
- 名称：step
- 类型：Property
- 简介：A single step item (as HowToStep, text, document, video, etc.) or a HowToSection.
- 补充信息：domainIncludes: http://schema.org/HowTo | rangeIncludes: http://schema.org/CreativeWork, http://schema.org/HowToSection, http://schema.org/HowToStep, http://schema.org/Text

条目2：
- 名称：HowTo
- 类型：Property
- 简介：How to or how-to may refer to:A user guide A tutorial Especially, instructional material created for the do it yourself market","好，我现在需要判断给定的RDFS公理是否正确。公理是domain(step) = HowTo。首先，我得理解这个公理的意思。domain(step)指的是属性step的主体类型，也就是step这个属性的主语必须属于哪个类。这里公理说step的主语必须是HowTo类。

接下来，我查看背景知识。条目1中提到step是一个属性，它的domainIncludes是http://schema.org/HowTo，也就是说step的主语应该属于HowTo类。这和公理中的domain(step)=HowTo是一致的。同时，条目2中HowTo被描述为一个属性，但这里可能是指HowTo作为一个类，因为通常在RDFS中，类和属性是分开的。不过，从条目1的补充信息来看，step的主语确实是HowTo类。

根据RDFS的语义规则，domain约束了属性的主语类型。如果公理domain(step)=HowTo成立，那么所有使用step属性的主语都必须是HowTo类的实例。这与背景知识中的domainIncludes一致，没有冲突。

因此，这个公理是正确的，因为它符合背景知识中的domain约束。
</think>

判断结果：正确
解释：根据背景知识，属性step的主语类型包括HowTo，因此domain(step) = HowTo是正确的。",根据背景知识，属性step的主语类型包括HowTo，因此domain(step) = HowTo是正确的。,,,
deepseek-ai/DeepSeek-R1-Distill-Qwen-32B,hard_case_0261,domain,domain(organizationhastopmember) = company,"背景知识：
条目1：
- 名称：organizationhastopmember
- 类型：Unknown
- 简介：Identifies people in high-level, leading positions at organizations. Applicable positions have authority over the entire organization (e.g. presidents, VPs, directors, and C-level executives), not merely over departments or subsidiaries.
- 补充信息：generalizations: organizationleadbyperson, worker | domain: company | range: person

条目2：
- 名称：company
- 类型：Unknown
- 简介：A company is an organization whose goal is to make money
- 补充信息：generalizations: organization","好，我现在需要判断给定的RDFS公理是否正确。公理是domain(organizationhastopmember) = company。首先，我得理解每个部分的含义。

根据背景知识，organizationhastopmember是一个属性，它的类型是Unknown，简介中提到它标识组织中高层领导职位的人，比如总裁、副总裁、董事等。补充信息里提到它的domain是company，range是person。而company是一个类，属于organization的子类，简介中说公司是一个以营利为目的的组织。

接下来，RDFS的domain规则规定，属性的domain指定了该属性的主体必须属于某个类。这里，organizationhastopmember的domain被设定为company，意味着只有company类的实例才能作为该属性的主体。

结合背景知识，organizationhastopmember确实与company相关，因为公司是组织的一种，而高层领导职位通常存在于公司中。因此，将domain设为company是合理的，符合常识和背景信息。

所以，这个公理是正确的，因为它准确反映了属性与类之间的关系。
</think>

判断结果：正确
解释：根据背景知识，organizationhastopmember的domain被明确指定为company，这与RDFS的domain规则一致，因此该公理是正确的。",根据背景知识，organizationhastopmember的domain被明确指定为company，这与RDFS的domain规则一致，因此该公理是正确的。,,,
deepseek-ai/DeepSeek-R1-Distill-Qwen-32B,hard_case_0260,domain,domain(officeheldbypolitician) = politicaloffice,"背景知识：
条目1：
- 名称：officeheldbypolitician
- 类型：Unknown
- 简介：Specifies that a particular politician holds a particular office
- 补充信息：generalizations: relatedto | domain: politicaloffice | range: politician

条目2：
- 名称：politicaloffice
- 类型：Unknown
- 简介：This type is for the office, title, or position within a government. It includes both single-person offices (prime minister, emperor, mayor), titles of members of a governing body (representative, sentator, MP), and titles of additional pos...
- 补充信息：generalizations: abstractthing","好，我现在需要分析给定的RDFS公理是否正确。公理是domain(officeheldbypolitician) = politicaloffice。首先，我得理解每个部分的含义。

根据背景知识，officeheldbypolitician是一个属性，它的简介说明它指某个政客担任某个职位。补充信息中提到它的domain是politicaloffice，range是politician。这意味着这个属性的主体应该是属于politicaloffice类的实例，而客体属于politician类。

接下来，我需要结合RDFS的语义规则来分析。domain公理规定了属性的主体必须属于某个类。这里，domain(officeheldbypolitician) = politicaloffice，意味着所有使用这个属性的陈述，其主语必须是politicaloffice类的实例。

再看background中的条目2，politicaloffice被定义为政府中的职位、头衔或位置，属于abstractthing。这表明politicaloffice是一个抽象类，可能包括各种职位类型。

现在，我需要判断这个公理是否合理。根据补充信息，domain确实是politicaloffice，所以公理是正确的。同时，RDFS规则也支持这种定义，没有冲突。

所以，结论是正确的，因为公理与背景知识一致，并且符合RDFS的语义规则。
</think>

判断结果：正确
解释：根据背景知识，属性officeheldbypolitician的domain被明确指定为politicaloffice，这与公理domain(officeheldbypolitician) = politicaloffice一致，因此该公理是正确的。",根据背景知识，属性officeheldbypolitician的domain被明确指定为politicaloffice，这与公理domain(officeheldbypolitician) = politicaloffice一致，因此该公理是正确的。,,,
deepseek-ai/DeepSeek-R1-Distill-Qwen-32B,hard_case_0186,range,range(college) = Infrastructure,"背景知识：
条目1：
- 名称：college
- 类型：Property
- 简介：college

条目2：
- 名称：Infrastructure
- 类型：Class
- 简介：infrastructure","嗯，我现在需要判断这个RDFS公理是否正确。公理是range(college) = Infrastructure。首先，我得理解每个部分的意思。

公理中的range表示属性的客体应该属于某个类。这里，属性是college，类是Infrastructure。所以，这个公理的意思是说，属性college的客体必须是Infrastructure类的实例。

接下来，我看看背景知识。条目1说college是一个Property，简介里只写了college，没有更多信息。条目2说Infrastructure是一个Class，简介是infrastructure。所以，Infrastructure是一个类，而college是一个属性。

根据RDFS的语义规则，range约束的是属性的值类型。也就是说，当使用属性college时，它的值必须属于Infrastructure类。比如，如果有一个陈述Alice college MIT，那么MIT必须是Infrastructure类的实例。

现在，我需要结合常识来判断是否合理。通常，college是一个属性，可能用来表示某人所在的大学。而Infrastructure通常指的是基础设施，比如道路、桥梁等。大学通常属于教育机构，而不是基础设施。所以，将college的range设置为Infrastructure似乎不太合理。

因此，这个公理可能与常识不符，因为college的值通常是大学，而大学属于教育机构，而不是基础设施。所以，这个公理可能是错误的。
</think>

判断结果：错误
解释：属性college的范围被错误地限制为Infrastructure类，而通常college的值应属于教育机构类，而非基础设施类。",属性college的范围被错误地限制为Infrastructure类，而通常college的值应属于教育机构类，而非基础设施类。,,,
deepseek-ai/DeepSeek-R1-Distill-Qwen-32B,hard_case_0425,range,range(recipient) = Person,"背景知识：
条目1：
- 名称：recipient
- 类型：Property
- 简介：A sub property of participant. The participant who is at the receiving end of the action.
- 补充信息：domainIncludes: http://schema.org/AuthorizeAction, http://schema.org/CommunicateAction, http://schema.org/DonateAction, http://schema.org/GiveAction, http://schema.org/Message, htt...

条目2：
- 名称：Person
- 类型：Property
- 简介：A person is a being who has certain capacities or attributes such as reason, morality, consciousness or self-consciousness, and being a part of a culturally established form of social relations such as kinship, ownership of property, or leg...","好，我现在需要判断给定的RDFS公理是否正确。公理是range(recipient) = Person。首先，我得理解每个部分的含义。

公理中的recipient是一个属性，根据背景知识，它属于participant的子属性，表示动作的接收者。而Person是一个类，代表人。range约束意味着recipient属性的值必须属于Person类。

接下来，我查看背景知识中的补充信息，发现recipient的domain包括AuthorizeAction、CommunicateAction等，这些动作通常涉及人作为接收者。常识上，接收者通常是人，比如在DonateAction中，接收者是Person。

根据RDFS规则，range约束确保属性的值属于指定类。这里recipient的值通常是Person，所以range(recipient)=Person是合理的。没有明显冲突，因此公理正确。
</think>

判断结果：正确
解释：根据背景知识，recipient属性的值通常是指人，而Person类代表人，因此range(recipient) = Person是合理的。",根据背景知识，recipient属性的值通常是指人，而Person类代表人，因此range(recipient) = Person是合理的。,,,
deepseek-ai/DeepSeek-R1-Distill-Qwen-32B,hard_case_0211,range,range(location) = College,"背景知识：
条目1：
- 名称：location
- 类型：Property
- 简介：The location of the thing.

条目2：
- 名称：College
- 类型：Class
- 简介：college","好，我现在需要分析这个RDFS公理是否正确。公理是range(location) = College。首先，我得理解每个部分的意思。

location是一个属性，表示“事物的位置”。College是一个类，代表“大学”。range公理在这里表示location属性的客体必须属于College类。

接下来，我得考虑常识。通常，位置属性的客体可以是任何地点，比如城市、国家、建筑等，而不仅仅是大学。所以，将location的范围限制为College可能太狭窄了。

再结合RDFS的语义规则，range约束了属性的值类型。如果location的范围被设定为College，那么所有使用location属性的地方都必须指向College类的实例。这在现实中不太合理，因为位置可以指向各种不同的地点，而不仅仅是大学。

因此，这个公理可能与常识和背景知识不符，判断为错误。
</think>

判断结果：错误
解释：属性location的范围被限制为College，这与常识不符，因为location通常可以指向任何地点，而不仅仅是大学。",属性location的范围被限制为College，这与常识不符，因为location通常可以指向任何地点，而不仅仅是大学。,,,
deepseek-ai/DeepSeek-R1-Distill-Qwen-32B,hard_case_0168,range,range(beatifiedBy) = Person,"背景知识：
条目1：
- 名称：beatifiedBy
- 类型：Property
- 简介：beatified by

条目2：
- 名称：Person
- 类型：Class
- 简介：person","嗯，我现在需要判断这个RDFS公理是否正确。公理是range(beatifiedBy) = Person。首先，我得理解每个部分的意思。

beatifiedBy是一个属性，类型是Property，简介是“beatified by”。Person是一个类，类型是Class，简介是“person”。所以，这个公理的意思是说，属性beatifiedBy的客体必须属于Person这个类。

接下来，我得分析这个属性的语义。beatified by通常指的是“被封为圣人的人”，所以这个属性的客体应该是人。比如，某人被封为圣人，那么这个属性的值应该是Person类的一个实例。

根据RDFS的range规则，属性的range定义了该属性的值必须属于某个类。在这里，beatifiedBy的range被设定为Person，这意味着任何使用这个属性的陈述，其值都必须是Person类的实例。这符合常识，因为封圣的行为是由人进行的，所以客体应该是人。

再结合背景知识，Person类确实代表人，而beatifiedBy的属性描述也符合这个设定。因此，这个公理是合理的，没有冲突。
</think>

判断结果：正确
解释：属性beatifiedBy的客体应为Person类的实例，符合常识和语义规则。",属性beatifiedBy的客体应为Person类的实例，符合常识和语义规则。,,,
deepseek-ai/DeepSeek-R1-Distill-Qwen-32B,hard_case_0175,range,range(ceremonialCounty) = Department,"背景知识：
条目1：
- 名称：ceremonialCounty
- 类型：Property
- 简介：Ceremonial County

条目2：
- 名称：Department
- 类型：Class
- 简介：department","嗯，我现在需要判断这个RDFS公理是否正确。公理是range(ceremonialCounty) = Department。首先，我得理解每个部分的意思。

ceremonialCounty是一个属性，类型是Property，简介是“Ceremonial County”。Department是一个类，类型是Class，简介是“department”。所以，这个公理的意思是说，ceremonialCounty属性的值域是Department类。

接下来，我得分析这个是否合理。根据RDFS的语义规则，range约束了属性的值必须属于某个类。那么，ceremonialCounty的值是否应该是Department类的实例呢？

从常识来看，Ceremonial County通常指的是英国的一种行政区划，属于地方政府的结构。而Department通常指的是政府部门或部门，比如人力资源部、财务部等。这两者在现实中并没有直接的关联，Ceremonial County的值不太可能是一个Department。

另外，背景知识中并没有提到ceremonialCounty和Department之间的关系，所以这个公理可能不符合实际情况。因此，这个公理可能是错误的。
</think>

判断结果：错误
解释：ceremonialCounty是一个属性，其值域应为某个类，但根据常识，Ceremonial County通常指英国的一种行政区划，与Department（部门）无直接关联，因此该公理不合理。",ceremonialCounty是一个属性，其值域应为某个类，但根据常识，Ceremonial County通常指英国的一种行政区划，与Department（部门）无直接关联，因此该公理不合理。,,,
deepseek-ai/DeepSeek-R1-Distill-Qwen-32B,hard_case_0191,range,range(councilArea) = PopulatedPlace,"背景知识：
条目1：
- 名称：councilArea
- 类型：Property
- 简介：Council area

条目2：
- 名称：PopulatedPlace
- 类型：Class
- 简介：As defined by the United States Geological Survey, a populated place is a place or area with clustered or scattered buildings and a permanent human population (city, settlement, town, or village) referenced with geographic coordinates (http...","好，我现在需要分析这个RDFS公理是否正确。公理是range(councilArea) = PopulatedPlace。首先，我得理解每个部分的含义。

councilArea是一个属性，类型是Property，简介是“Council area”。这可能指的是某个行政区域，比如市议会管辖的区域。PopulatedPlace是一个类，类型是Class，简介来自USGS，指的是有人口聚集的地方，比如城市、定居点、城镇或村庄，有地理坐标。

接下来，分析range的语义。range表示属性的客体必须属于某个类。所以，这里的意思是，councilArea属性的值必须是PopulatedPlace类的实例。

结合背景知识，councilArea通常指的是一个区域，而PopulatedPlace指的是有人口的地方。通常，市议会的区域确实是一个有人口的地方，比如城市或城镇。因此，从语义上看，这个公理是合理的，因为councilArea的值应该是PopulatedPlace的一个实例。

没有明显的冲突，所以这个公理是正确的。
</think>

判断结果：正确
解释：councilArea属性的值应属于PopulatedPlace类，这与背景知识中councilArea作为行政区域和PopulatedPlace作为有人口的地方的定义相符。",councilArea属性的值应属于PopulatedPlace类，这与背景知识中councilArea作为行政区域和PopulatedPlace作为有人口的地方的定义相符。,,,
deepseek-ai/DeepSeek-R1-Distill-Qwen-32B,hard_case_0163,range,range(associate) = BroadcastNetwork,"背景知识：
条目1：
- 名称：associate
- 类型：Property
- 简介：associate

条目2：
- 名称：BroadcastNetwork
- 类型：Class
- 简介：A broadcast network is an organization, such as a corporation or other association, that provides live or recorded content, such as movies, newscasts, sports, and public affairs programs for broadcast over a group of radio or television sta...","好，我现在需要判断这个RDFS公理是否正确。公理是range(associate) = BroadcastNetwork。首先，我得理解每个部分的意思。

“range”在RDFS中表示属性的客体应该属于某个类。也就是说，属性“associate”的值必须是“BroadcastNetwork”类的实例。

接下来，我看看背景知识。属性“associate”没有提供具体的定义，可能是一个关联属性，比如“关联”或“联系”。而“BroadcastNetwork”是一个类，指的是广播网络组织，比如公司或协会，提供广播内容。

现在，我需要分析“associate”这个属性的客体是否应该是“BroadcastNetwork”。通常，“associate”可能用于表示某种关联关系，比如一个人与某个组织的关联。如果“associate”的客体被限制为“BroadcastNetwork”，那么它只能指向广播网络类的实例，这可能过于狭窄，除非“associate”特别定义为仅用于广播网络。

但根据常识，“associate”可能更广泛，可以关联到各种类型的组织或实体，而不仅仅是广播网络。因此，将range限制为BroadcastNetwork可能不符合常识，除非有特别的定义。

综上所述，这个公理可能不合理，因为它限制了属性的客体范围，而背景知识中并没有明确支持这一点。
</think>

判断结果：错误
解释：属性“associate”的范围被限制为“BroadcastNetwork”，但根据常识，“associate”通常可以关联到更广泛的实体，而不仅仅是广播网络。",属性“associate”的范围被限制为“BroadcastNetwork”，但根据常识，“associate”通常可以关联到更广泛的实体，而不仅仅是广播网络。,,,
deepseek-ai/DeepSeek-R1-Distill-Qwen-32B,hard_case_0270,range,range(dateatwhichexistslocation) = city,"背景知识：
条目1：
- 名称：dateatwhichexistslocation
- 类型：Class
- 简介：dateatwhichexistslocation is a class in the NELL knowledge base.
- 补充信息：generalizations: dateof | domain: date | range: location

条目2：
- 名称：city
- 类型：Unknown
- 简介：City/town/village refers to all named inhabited places at the most locally recognized level, but above the level of neighborhood. It is the most local region where there is a form of government or self-organization. Cities/towns/villages ar...
- 补充信息：generalizations: geopoliticallocation, geopoliticalorganization, geolocatablething","好，我现在需要分析这个RDFS公理是否正确。公理是range(dateatwhichexistslocation) = city。首先，我得理解每个部分的含义。

dateatwhichexistslocation是一个类，根据背景知识，它的补充信息显示domain是date，range是location。这意味着这个类的属性通常关联到日期和位置。而city是一个类，属于geopoliticallocation等更广泛的类别。

接下来，RDFS的range规则规定，属性的值必须属于指定的类。这里，公理声称dateatwhichexistslocation的range是city。但根据背景知识，dateatwhichexistslocation的range是location，而city是location的一个子类。因此，将range限制为city会比原来的范围更窄，可能排除了其他属于location但不是city的情况，比如country或state。

常识上，日期和存在的位置可能包括各种地理位置，而不仅仅是城市。因此，将range限定为city可能不符合实际，导致公理不正确。
</think>

判断结果：错误
解释：根据背景知识，dateatwhichexistslocation的range是location，而city是location的一个子类，因此将range限定为city会排除其他属于location的情况，与背景知识冲突。",根据背景知识，dateatwhichexistslocation的range是location，而city是location的一个子类，因此将range限定为city会排除其他属于location的情况，与背景知识冲突。,,,
deepseek-ai/DeepSeek-R1-Distill-Qwen-32B,hard_case_0159,range,range(appointer) = Company,"背景知识：
条目1：
- 名称：appointer
- 类型：Property
- 简介：appointer

条目2：
- 名称：Company
- 类型：Class
- 简介：company","嗯，我现在需要判断这个RDFS公理是否正确。公理是range(appointer) = Company。首先，我得理解每个部分的意思。

appointer是一个属性，Company是一个类。range的意思是说，这个属性的客体必须属于Company这个类。也就是说，当使用appointer属性时，它的值必须是Company类的一个实例。

接下来，我得看看背景知识。背景里提到appointer是属性，Company是类，但没有提供更多的信息。所以，我需要依靠常识来判断。appointer通常指的是任命者，比如一个人被任命到某个职位，那么任命者通常是公司、组织或者个人。但这里range限制为Company，意味着任命者只能是公司，这可能不准确，因为任命者也可以是个人或其他组织。

根据RDFS的语义规则，range约束了属性的值类型。如果任命者通常可以是多种类型，而这里只允许Company，那么这个公理可能过于严格，不符合实际情况。因此，这个公理可能不正确。
</think>

判断结果：错误
解释：根据常识，appointer的范围通常不限于Company，可能包括其他实体，因此将range限制为Company是不合理的。",根据常识，appointer的范围通常不限于Company，可能包括其他实体，因此将range限制为Company是不合理的。,,,
deepseek-ai/DeepSeek-R1-Distill-Qwen-32B,hard_case_0193,range,range(creatorOfDish) = Person,"背景知识：
条目1：
- 名称：creatorOfDish
- 类型：Property
- 简介：The person that creates (invents) the food (eg. Caesar Cardini is the creator of the Caesar salad).

条目2：
- 名称：Person
- 类型：Class
- 简介：person","嗯，我现在需要判断这个RDFS公理是否正确。公理是range(creatorOfDish) = Person。首先，我得理解每个部分的意思。

首先，creatorOfDish是一个属性，根据背景知识，它表示创造食物的人，比如凯撒·卡迪尼创造了凯撒沙拉。所以，这个属性的客体应该是人，也就是Person类。

接下来，range的意思是属性的客体应该属于某个类。这里，range(creatorOfDish) = Person，意味着creatorOfDish属性的值必须是Person类的实例。

结合背景知识，creatorOfDish的客体确实是人，所以这个公理是正确的。没有冲突，符合RDFS的语义规则。
</think>

判断结果：正确
解释：根据背景知识，creatorOfDish属性的客体是创造食物的人，属于Person类，因此range(creatorOfDish) = Person是正确的。",根据背景知识，creatorOfDish属性的客体是创造食物的人，属于Person类，因此range(creatorOfDish) = Person是正确的。,,,
deepseek-ai/DeepSeek-R1-Distill-Qwen-32B,hard_case_0160,range,range(architect) = Place,"背景知识：
条目1：
- 名称：architect
- 类型：Property
- 简介：architect

条目2：
- 名称：Place
- 类型：Class
- 简介：place","嗯，我现在需要判断这个RDFS公理是否正确。公理是range(architect) = Place。首先，我得理解每个部分的意思。

architect是一个属性，而Place是一个类。range的意思是说，这个属性的客体必须属于某个类。所以，range(architect) = Place意味着architect属性的值必须是Place类的实例。

接下来，我得看看背景知识。architect被定义为一个属性，但没有提供更多的信息，比如它的常用范围。Place是一个类，通常指地点。那么，architect属性通常用来表示什么呢？比如，可能表示某人是建筑师，或者某个建筑的建筑师是谁。

在常识中，architect属性通常用来描述一个人，比如“John的architect是Jane”，这里的architect可能指的是建筑师这个角色，而Jane是一个人，而不是一个地点。所以，如果architect的range是Place，那意味着architect的值必须是地点，这显然不符合常识，因为建筑师通常是人，而不是地点。

另外，从RDFS的语义规则来看，range约束了属性的值类型。如果这里将architect的range设为Place，那么所有使用architect属性的地方，其值都必须是Place类的实例。这与实际使用情况不符，因为architect通常指向人，而不是地点。

所以，这个公理是错误的，因为它与常识和属性的常见用法相冲突。
</think>

判断结果：错误
解释：architect属性通常用于表示建筑师，其值应为人物，而Place表示地点，两者语义不符。",architect属性通常用于表示建筑师，其值应为人物，而Place表示地点，两者语义不符。,,,
deepseek-ai/DeepSeek-R1-Distill-Qwen-32B,hard_case_0192,range,range(countryWithFirstSatellite) = Country,"背景知识：
条目1：
- 名称：countryWithFirstSatellite
- 类型：Property
- 简介：country with first satellite

条目2：
- 名称：Country
- 类型：Class
- 简介：country","嗯，我现在需要判断这个RDFS公理是否正确。公理是range(countryWithFirstSatellite) = Country。首先，我得理解每个部分的意思。

countryWithFirstSatellite是一个属性，类型是Property，简介是“country with first satellite”。这可能表示一个国家发射了第一个卫星。Country是一个类，类型是Class，简介是“country”，也就是国家。

接下来，RDFS的range公理表示属性的客体应该属于某个类。所以这里的意思是，countryWithFirstSatellite属性的值必须是Country类的实例。

那我得想，这个属性的客体是什么。countryWithFirstSatellite可能用来表示某个国家发射了第一个卫星，比如“X countryWithFirstSatellite Y”，其中Y应该是国家。所以Y应该属于Country类，这符合range的定义。

背景知识中，countryWithFirstSatellite的类型是Property，Country是Class，所以它们的类型是正确的。属性的range指向类，这是符合RDFS规则的。

常识上，发射卫星的国家当然是国家，所以Y必须是Country类的实例。因此，这个公理是合理的，没有冲突。
</think>

判断结果：正确
解释：属性countryWithFirstSatellite的范围被定义为Country类，符合常识，因为发射卫星的国家属于Country类。",属性countryWithFirstSatellite的范围被定义为Country类，符合常识，因为发射卫星的国家属于Country类。,,,
deepseek-ai/DeepSeek-R1-Distill-Qwen-32B,hard_case_0194,range,range(crosses) = River,"背景知识：
条目1：
- 名称：crosses
- 类型：Property
- 简介：crosses

条目2：
- 名称：River
- 类型：Class
- 简介：a large natural stream","好，我现在需要分析这个RDFS公理是否正确。公理是range(crosses) = River，也就是属性crosses的值域是River类。首先，我得理解每个部分的含义。

crosses是一个属性，根据背景知识，它没有详细的简介，可能是一个动词短语，表示“穿过”或者“跨越”。River是一个类，代表河流，是自然的大溪流。

接下来，RDFS的range规则规定，属性的值域应该是指该属性的值必须属于某个类。所以，如果range(crosses) = River，意味着crosses属性的值必须是River类的实例。

现在，我需要考虑crosses通常用来描述什么。比如，如果有一个句子“桥crosses河流”，那么crosses的值应该是河流，也就是River类。这符合常识，因为桥通常跨越河流。因此，这个公理是合理的，因为它准确地反映了crosses属性的值域。

另外，检查是否有冲突。背景知识中没有提到crosses的其他可能值域，所以没有冲突。因此，这个公理是正确的。
</think>

判断结果：正确
解释：属性crosses的值域被定义为River类，这符合常识，因为crosses通常用于描述跨越河流的情况。",属性crosses的值域被定义为River类，这符合常识，因为crosses通常用于描述跨越河流的情况。,,,
deepseek-ai/DeepSeek-R1-Distill-Qwen-32B,hard_case_0181,range,range(channel) = CareerStation,"背景知识：
条目1：
- 名称：channel
- 类型：Property
- 简介：channel

条目2：
- 名称：CareerStation
- 类型：Class
- 简介：this class marks a career step in the life of a person, e.g. a soccer player, holding information on the time span, matches and goals he or she achieved at a certain club","嗯，我现在需要判断这个RDFS公理是否正确。公理是range(channel) = CareerStation。首先，我得理解每个部分的意思。

首先，channel是一个属性，根据背景知识，它被定义为Property，但没有更多的简介，可能是一个通用的属性。CareerStation是一个类，表示一个人的职业生涯中的一个步骤，比如足球运动员在某个俱乐部的经历，包含时间跨度、比赛和进球等信息。

接下来，range(channel) = CareerStation的意思是说，属性channel的客体必须属于CareerStation这个类。也就是说，当使用channel属性时，它的值必须是CareerStation的一个实例。

现在，我需要结合RDFS的语义规则来分析。RDFS中的range约束规定，属性的值必须属于指定的类。所以，如果channel的range是CareerStation，那么所有使用channel属性的陈述中，右边的值都必须是CareerStation的实例。

但是，根据背景知识，channel的简介并没有提到它与职业站位有关。通常，channel可能指的是频道、渠道等，比如在媒体或通信中的概念。而CareerStation明显是关于职业阶段的，两者之间似乎没有直接的关联。

因此，将channel的range设置为CareerStation可能不符合常识，因为channel通常不会指向职业站位。这可能是一个错误的公理，因为它与属性channel的预期用法不符。
</think>

判断结果：错误
解释：属性channel的range被设定为CareerStation，但channel通常不与职业站位相关联，这与常识不符。",属性channel的range被设定为CareerStation，但channel通常不与职业站位相关联，这与常识不符。,,,
deepseek-ai/DeepSeek-R1-Distill-Qwen-32B,hard_case_0161,range,range(arrondissement) = Organisation,"背景知识：
条目1：
- 名称：arrondissement
- 类型：Property
- 简介：arrondissement

条目2：
- 名称：Organisation
- 类型：Class
- 简介：organisation","嗯，我现在需要判断这个RDFS公理是否正确。公理是range(arrondissement) = Organisation。首先，我得理解每个部分的意思。

arrondissement是一个属性，而Organisation是一个类。range的意思是说，这个属性的值必须属于某个类。所以这里的意思是，arrondissement属性的值必须是Organisation类的实例。

接下来，我得看看背景知识。arrondissement的简介里只写了“arrondissement”，没有更多的信息。Organisation是一个类，代表组织。那arrondissement通常指的是什么？在法语中，arrondissement通常指市辖区或者行政区划的一部分，比如巴黎的区。所以，arrondissement可能是一个属性，用来表示某个地方属于哪个区。

现在，问题来了：arrondissement的值是否应该是Organisation类的实例？也就是说，这个属性的值是否是组织？这可能有问题，因为通常arrondissement指的是地理区域，而不是组织。比如，一个城市可能属于某个arrondissement，而这个arrondissement可能是一个地理类，而不是组织类。

所以，根据常识，arrondissement的值应该是地理区域，而不是组织。因此，将range设置为Organisation可能不符合实际情况，导致公理错误。
</think>

判断结果：错误
解释：arrondissement通常表示地理区域，而Organisation是组织类，属性的值应为地理类，因此公理错误。",arrondissement通常表示地理区域，而Organisation是组织类，属性的值应为地理类，因此公理错误。,,,
deepseek-ai/DeepSeek-R1-Distill-Qwen-32B,hard_case_0165,range,range(automobilePlatform) = Album,"背景知识：
条目1：
- 名称：automobilePlatform
- 类型：Property
- 简介：automobile platform

条目2：
- 名称：Album
- 类型：Class
- 简介：album","嗯，我现在需要判断这个RDFS公理是否正确。公理是range(automobilePlatform) = Album。首先，我得理解每个部分的意思。

automobilePlatform是一个属性，类型是Property，简介是“automobile platform”。Album是一个类，类型是Class，简介是“album”。所以，这个公理的意思是说，属性automobilePlatform的值域是Album类。

接下来，我得分析这个是否合理。automobilePlatform通常指的是汽车平台，可能涉及汽车的结构、底盘等。而Album通常指的是音乐专辑或者相册。这两者之间有什么关系吗？从常识来看，汽车平台和专辑是完全不同的领域，没有直接的关联。

根据RDFS的语义规则，range约束了属性的值必须属于某个类。如果automobilePlatform的值是Album，那么意味着每次使用automobilePlatform属性时，其值必须是Album类的一个实例。这显然不符合实际情况，因为汽车平台的属性值不太可能指向专辑。

所以，这个公理在语义上是不合理的，因为它将两个无关的概念联系在一起，违反了常识和RDFS的语义规则。
</think>

判断结果：错误
解释：automobilePlatform是一个属性，而Album是一个类，将automobilePlatform的值域设置为Album在语义上是不合理的，因为automobilePlatform通常与汽车相关，而Album与音乐或相册相关，两者没有直接关联。",automobilePlatform是一个属性，而Album是一个类，将automobilePlatform的值域设置为Album在语义上是不合理的，因为automobilePlatform通常与汽车相关，而Album与音乐或相册相关，两者没有直接关联。,,,
deepseek-ai/DeepSeek-R1-Distill-Qwen-32B,hard_case_0420,range,range(pathophysiology) = Text,"背景知识：
条目1：
- 名称：pathophysiology
- 类型：Property
- 简介：Changes in the normal mechanical, physical, and biochemical functions that are associated with this activity or condition.
- 补充信息：domainIncludes: http://schema.org/MedicalCondition, http://schema.org/PhysicalActivity | rangeIncludes: http://schema.org/Text

条目2：
- 名称：Text
- 类型：Property
- 简介：Text may refer to:","好，我现在需要判断这个RDFS公理是否正确。公理是range(pathophysiology) = Text。首先，我得理解每个部分的含义。

根据背景知识，pathophysiology是一个属性，它的rangeIncludes是Text。这意味着当使用pathophysiology属性时，它的值应该属于Text类。而Text在这里也是一个属性，但它的简介显示Text可能指的是文本内容，可能是一个数据类型或者类。

接下来，我需要考虑RDFS的语义规则。range公理规定了属性的值类型。如果pathophysiology的range是Text，那么所有使用pathophysiology的实例都应该指向Text类型的值。这与背景知识中的rangeIncludes一致，说明公理是正确的。

另外，Text作为属性可能在这里被用作数据类型，或者可能是一个类。但无论如何，pathophysiology的range被定义为Text，符合背景知识中的描述，所以公理是正确的。
</think>

判断结果：正确
解释：根据背景知识，pathophysiology的rangeIncludes为Text，因此range(pathophysiology) = Text是正确的。",根据背景知识，pathophysiology的rangeIncludes为Text，因此range(pathophysiology) = Text是正确的。,,,
deepseek-ai/DeepSeek-R1-Distill-Qwen-32B,hard_case_0206,range,range(district) = Artery,"背景知识：
条目1：
- 名称：district
- 类型：Property
- 简介：district

条目2：
- 名称：Artery
- 类型：Class
- 简介：artery","好，我现在需要分析这个RDFS公理是否正确。公理是range(district) = Artery。首先，我得理解每个部分的意思。

district是一个属性，而Artery是一个类。range(district) = Artery意味着district属性的值必须属于Artery类。接下来，我得看看背景知识中是否有相关信息。背景知识中，district被定义为一个属性，但没有说明它的具体用途或范围。Artery被定义为一个类，可能代表动脉或其他相关概念。

根据常识，district通常指地区或区域，而Artery可能指动脉，比如血管中的动脉。这两者之间似乎没有直接的关联。因此，将district的范围限制为Artery类可能不合理，因为district的值通常不会是动脉。

另外，RDFS的range规则要求属性的值必须属于指定的类。如果district的值通常是地区，而Artery是动脉，那么这个公理会导致类型错误，因为地区不属于动脉类。

综上所述，这个公理与常识和背景知识不符，因此是错误的。
</think>

判断结果：错误
解释：根据背景知识，district是一个属性，而Artery是一个类，将district的范围限制为Artery类与常识不符，因此该公理不合理。",根据背景知识，district是一个属性，而Artery是一个类，将district的范围限制为Artery类与常识不符，因此该公理不合理。,,,
deepseek-ai/DeepSeek-R1-Distill-Qwen-32B,hard_case_0187,range,range(commandStructure) = MilitaryUnit,"背景知识：
条目1：
- 名称：commandStructure
- 类型：Property
- 简介：command structure

条目2：
- 名称：MilitaryUnit
- 类型：Class
- 简介：military unit","嗯，我现在需要判断这个RDFS公理是否正确。公理是range(commandStructure) = MilitaryUnit。首先，我得理解每个部分的意思。

commandStructure是一个属性，而MilitaryUnit是一个类。RDFS中的range公理表示属性的客体必须属于某个类。所以这里的意思是，commandStructure属性的值必须是MilitaryUnit类的实例。

接下来，我得看看背景知识。commandStructure的简介是“command structure”，这可能指的是指挥结构，通常在军事单位中使用。MilitaryUnit是“military unit”，也就是军事单位。所以，commandStructure的值应该是某个军事单位，这符合常识，因为指挥结构通常属于某个军事单位。

再考虑RDFS的语义规则，range约束确保属性的值属于指定的类。这里commandStructure的值确实是MilitaryUnit，所以符合规则。没有明显的冲突，因此这个公理是正确的。
</think>

判断结果：正确
解释：根据背景知识，commandStructure的范围应为MilitaryUnit，符合RDFS的range规则。",根据背景知识，commandStructure的范围应为MilitaryUnit，符合RDFS的range规则。,,,
deepseek-ai/DeepSeek-R1-Distill-Qwen-32B,hard_case_0397,range,range(availableFrom) = DateTime,"背景知识：
条目1：
- 名称：availableFrom
- 类型：Property
- 简介：When the item is available for pickup from the store, locker, etc.
- 补充信息：domainIncludes: http://schema.org/DeliveryEvent | rangeIncludes: http://schema.org/DateTime

条目2：
- 名称：DateTime
- 类型：Property
- 简介：DateTime is a property in the knowledge base.","好，我现在需要判断这个RDFS公理是否正确。公理是range(availableFrom) = DateTime。首先，我得理解每个部分的意思。

availableFrom是一个属性，根据背景知识，它的domain是DeliveryEvent，range是DateTime。这意味着availableFrom的值应该是一个DateTime类型的值。RDFS中的range公理规定了属性的值类型，所以这里公理是说availableFrom的值必须是DateTime。

接下来，我检查背景知识。条目1明确指出availableFrom的rangeIncludes是DateTime，这与公理一致。DateTime在条目2中被定义为一个属性，但这里作为range使用，可能是指DateTime类型。通常，range可以指向类或数据类型，DateTime在这里可能作为数据类型使用，比如xsd:dateTime。

根据RDFS规则，range公理是正确的，因为availableFrom的值确实属于DateTime。因此，这个公理是正确的。
</think>

判断结果：正确
解释：根据背景知识，availableFrom的rangeIncludes明确指出其值应为DateTime，与公理一致。",根据背景知识，availableFrom的rangeIncludes明确指出其值应为DateTime，与公理一致。,,,
deepseek-ai/DeepSeek-R1-Distill-Qwen-32B,hard_case_0298,subClassOf,State_Public_Works_Engineering_Corps__u0028_France_u0029_ ⊑ Engineer,"背景知识：
条目1：
- 名称：State_Public_Works_Engineering_Corps__u0028_France_u0029_
- 类型：Class
- 简介：State_Public_Works_Engineering_Corps__u0028_France_u0029_ is a class in the knowledge base.

条目2：
- 名称：Engineer
- 类型：Class
- 简介：An engineer is a practitioner of engineering. The word engineer is derived from the Latin words ingeniare and ingenium (""cleverness""). The foundational qualifications of a licensed professional engineer typically include a four-year bachelo...","嗯，我现在需要判断这个RDFS公理是否正确。公理是State_Public_Works_Engineering_Corps__u0028_France_u0029_ ⊑ Engineer，也就是State_Public_Works_Engineering_Corps__u0028_France_u0029_是Engineer的子类。

首先，我得理解这两个类的含义。根据背景知识，State_Public_Works_Engineering_Corps__u0028_France_u0029_是一个类，可能指的是法国的公共工程 Corps。而Engineer类指的是工程师，是工程领域的从业者。

接下来，我需要分析这两个类之间的关系。子类关系意味着所有属于State_Public_Works_Engineering_Corps__u0028_France_u0029_的实例都必须是Engineer的实例。也就是说，法国公共工程 Corps 的成员都是工程师。

根据常识，公共工程 Corps 通常由工程师组成，因为他们负责规划、设计和监督公共工程项目。因此，这个子类关系在语义上是合理的，符合背景知识和常识。

所以，这个公理是正确的，因为它准确地反映了法国公共工程 Corps 成员的职业身份。
</think>

判断结果：正确
解释：State_Public_Works_Engineering_Corps__u0028_France_u0029_的成员都是工程师，因此该公理正确。",State_Public_Works_Engineering_Corps__u0028_France_u0029_的成员都是工程师，因此该公理正确。,,,
deepseek-ai/DeepSeek-R1-Distill-Qwen-32B,hard_case_0015,subClassOf,ChristianBishop ⊑ Archbishop,"背景知识：
条目1：
- 名称：ChristianBishop
- 类型：Class
- 简介：Christian Bishop

条目2：
- 名称：Archbishop
- 类型：Class
- 简介：archbishop","好，我现在需要分析这个RDFS公理是否正确。公理是ChristianBishop ⊑ Archbishop，也就是ChristianBishop是Archbishop的子类。首先，我得理解这两个类的含义。

根据背景知识，ChristianBishop是一个类，简介是“Christian Bishop”，而Archbishop的简介是“archbishop”。我知道，Bishop通常指的是主教，而Archbishop是大主教，通常在基督教中，大主教是比普通主教更高的职位。所以，从语义上看，Archbishop应该是Bishop的一个子类，而不是相反。

接下来，按照RDFS的subClassOf规则，如果A是B的子类，那么所有A的实例都是B的实例。这里，如果ChristianBishop是Archbishop的子类，那么每个ChristianBishop都是Archbishop，这显然不符合实际情况，因为大主教是更高级别的职位，而不是所有主教都是大主教。

因此，这个公理与常识和语义规则相冲突，判断为错误。
</think>

判断结果：错误
解释：根据常识，Archbishop是Bishop的高级职位，因此ChristianBishop应为Archbishop的父类，而非子类。",根据常识，Archbishop是Bishop的高级职位，因此ChristianBishop应为Archbishop的父类，而非子类。,,,
deepseek-ai/DeepSeek-R1-Distill-Qwen-32B,hard_case_0017,subClassOf,Eukaryote ⊑ Animal,"背景知识：
条目1：
- 名称：Eukaryote
- 类型：Class
- 简介：eukaryote

条目2：
- 名称：Animal
- 类型：Class
- 简介：animal","嗯，我现在需要判断这个RDFS公理是否正确。公理是Eukaryote ⊑ Animal，也就是Eukaryote是Animal的子类。首先，我得理解这两个类的定义。

根据背景知识，Eukaryote是一个类，简介是“eukaryote”，也就是真核生物。而Animal也是一个类，简介是“animal”，也就是动物。那真核生物和动物之间是什么关系呢？

真核生物包括很多生物，比如动物、植物、真菌等等。动物只是真核生物的一部分。所以，从包含关系来看，Eukaryote应该包含Animal，而不是反过来。也就是说，Animal应该是Eukaryote的子类，而不是Eukaryote是Animal的子类。

RDFS的subClassOf公理表示的是类之间的包含关系，也就是左边的类是右边类的子类。所以，如果Eukaryote是Animal的子类，那就意味着所有真核生物都是动物，这显然不对，因为真核生物还包括植物和其他生物。

因此，这个公理是错误的，因为它颠倒了正确的包含关系。
</think>

判断结果：错误
解释：Eukaryote是包含Animal在内的更广泛类，因此Eukaryote不能是Animal的子类。",Eukaryote是包含Animal在内的更广泛类，因此Eukaryote不能是Animal的子类。,,,
deepseek-ai/DeepSeek-R1-Distill-Qwen-32B,hard_case_0023,subClassOf,Type ⊑ TopicalConcept,"背景知识：
条目1：
- 名称：Type
- 类型：Class
- 简介：a category within a classification system

条目2：
- 名称：TopicalConcept
- 类型：Class
- 简介：topical concept","嗯，我现在需要判断这个RDFS公理是否正确。公理是Type ⊑ TopicalConcept，也就是Type是TopicalConcept的子类。首先，我得理解这两个类的定义。

根据背景知识，Type是一个类别，属于分类系统中的一个类别。而TopicalConcept则是主题概念。那么，Type是否属于TopicalConcept的子类呢？

Type通常指的是分类系统中的类别，比如在图书馆中，书籍会被分类到不同的Type里。而TopicalConcept更广泛，指的是主题概念，可能包括更广泛的领域或主题。Type作为分类系统的一部分，可能属于TopicalConcept的一种，因为主题概念可以涵盖各种分类方式。

RDFS的subClassOf公理要求子类的所有实例都是父类的实例。Type作为分类系统中的类别，确实可以被视为主题概念的一种，因此Type ⊑ TopicalConcept是合理的。

所以，这个公理是正确的，因为它符合RDFS的语义规则，并且与背景知识一致。
</think>

判断结果：正确
解释：Type作为分类系统中的类别，属于TopicalConcept的子类，符合RDFS的subClassOf语义规则。",Type作为分类系统中的类别，属于TopicalConcept的子类，符合RDFS的subClassOf语义规则。,,,
deepseek-ai/DeepSeek-R1-Distill-Qwen-32B,hard_case_0005,subClassOf,AnimangaCharacter ⊑ ComicsCharacter,"背景知识：
条目1：
- 名称：AnimangaCharacter
- 类型：Class
- 简介：Anime/Manga character

条目2：
- 名称：ComicsCharacter
- 类型：Class
- 简介：comics character","嗯，我现在需要判断这个RDFS公理是否正确。公理是AnimangaCharacter ⊑ ComicsCharacter，也就是AnimangaCharacter是ComicsCharacter的子类。首先，我得理解这两个类的定义。

根据背景知识，AnimangaCharacter指的是Anime和Manga中的角色，而ComicsCharacter指的是漫画中的角色。Anime通常指的是日本的动画，而Manga是日本的漫画。而ComicsCharacter可能更广泛，包括美国漫画、欧洲漫画等。

接下来，我需要分析这两个类之间的关系。Anime和Manga中的角色是否属于更广泛的漫画角色类别？一般来说，Manga确实是漫画的一种，所以AnimangaCharacter中的角色应该属于ComicsCharacter。因此，AnimangaCharacter应该是ComicsCharacter的子类。

再考虑RDFS的subClassOf规则，如果A是B的子类，那么所有属于A的实例也属于B。这里，所有Anime/Manga角色都是漫画角色，所以这个公理是合理的。

有没有可能有例外？比如，如果ComicsCharacter特指非日本的漫画角色，那么可能有问题。但通常情况下，ComicsCharacter是一个更广泛的类别，包括所有漫画角色，无论来源。因此，这个公理是正确的。
</think>

判断结果：正确
解释：AnimangaCharacter作为Anime和Manga中的角色，属于更广泛的ComicsCharacter类别，因此该公理符合语义规则。",AnimangaCharacter作为Anime和Manga中的角色，属于更广泛的ComicsCharacter类别，因此该公理符合语义规则。,,,
deepseek-ai/DeepSeek-R1-Distill-Qwen-32B,hard_case_0287,subClassOf,Français_Guyanais_Q102098874 ⊑ French_language,"背景知识：
条目1：
- 名称：Français_Guyanais_Q102098874
- 类型：Class
- 简介：Français_Guyanais_Q102098874 is a class in the knowledge base.

条目2：
- 名称：French_language
- 类型：Class
- 简介：French is a Romance language of the Indo-European family. Like all other Romance languages, it descended from the Vulgar Latin of the Roman Empire. French evolved from Northern Old Gallo-Romance, a descendant of the Latin spoken in Northern...","好，我现在需要分析这个RDFS公理是否正确。公理是Français_Guyanais_Q102098874 ⊑ French_language，也就是Français_Guyanais_Q102098874是French_language的子类。

首先，我得理解这两个类的含义。根据背景知识，French_language是法语，属于罗曼语族，起源于拉丁语。而Français_Guyanais_Q102098874是一个类，但简介中没有详细说明，可能是一个特定的法语变体，比如法属圭亚那的法语方言。

接下来，根据RDFS的subClassOf规则，子类必须满足所有父类的属性和约束。法语是一个广泛使用的语言，而法属圭亚那的法语是其方言之一。方言通常被视为母语的子类，因为它们共享大部分特征，但可能有地区性的变化。

所以，Français_Guyanais_Q102098874作为法语的一种方言，应该是French_language的子类。这符合subClassOf的定义，因为它属于更广泛的法语类别。

因此，这个公理是正确的，因为它正确地反映了方言与母语之间的包含关系。
</think>

判断结果：正确
解释：Français_Guyanais_Q102098874作为法语的一种方言，属于French_language的子类，符合subClassOf的语义规则。",Français_Guyanais_Q102098874作为法语的一种方言，属于French_language的子类，符合subClassOf的语义规则。,,,
deepseek-ai/DeepSeek-R1-Distill-Qwen-32B,hard_case_0018,subClassOf,Genre ⊑ ArtisticGenre,"背景知识：
条目1：
- 名称：Genre
- 类型：Class
- 简介：genre

条目2：
- 名称：ArtisticGenre
- 类型：Class
- 简介：Genres of art, e.g. Pointillist, Modernist","嗯，我现在需要判断这个RDFS公理是否正确。公理是Genre ⊑ ArtisticGenre，也就是Genre是ArtisticGenre的子类。首先，我得理解这两个类的定义。

根据背景知识，Genre是一个类，简介是“genre”，这通常指的是类型或类别，比如音乐、文学中的类型。而ArtisticGenre也是一个类，简介是“Genres of art，例如点彩派、现代主义”。这说明ArtisticGenre特指艺术领域的类型，比如绘画风格、艺术流派等。

接下来，我需要分析这两个类之间的关系。Genre是一个比较广泛的类，可以涵盖各种类型，不仅仅是艺术领域，比如音乐、电影、文学等都有各自的类型。而ArtisticGenre则是更具体的，专门针对艺术领域的类型。

根据RDFS的subClassOf规则，如果A是B的子类，那么所有属于A的实例也属于B。那么，如果Genre是ArtisticGenre的子类，意味着所有的Genre都是ArtisticGenre的一部分。但实际情况是，Genre的范围更广，包括艺术以外的类型，比如音乐类型、电影类型等，而ArtisticGenre只涵盖艺术类型。因此，Genre并不完全包含在ArtisticGenre中，反而ArtisticGenre应该是Genre的一个子类，因为艺术类型是类型的一种。

所以，这个公理是错误的，因为它颠倒了类的包含关系。正确的应该是ArtisticGenre ⊑ Genre，而不是反过来。
</think>

判断结果：错误
解释：Genre是一个更广泛的类，而ArtisticGenre是其子类，因此公理应为ArtisticGenre ⊑ Genre。",Genre是一个更广泛的类，而ArtisticGenre是其子类，因此公理应为ArtisticGenre ⊑ Genre。,,,
deepseek-ai/DeepSeek-R1-Distill-Qwen-32B,hard_case_0289,subClassOf,Historical_Chinese_Q10913056 ⊑ Chinese_language,"背景知识：
条目1：
- 名称：Historical_Chinese_Q10913056
- 类型：Class
- 简介：Historical_Chinese_Q10913056 is a class in the knowledge base.

条目2：
- 名称：Chinese_language
- 类型：Class
- 简介：Chinese is an umbrella term for all Sinitic languages, widely recognized as a collection of language varieties, spoken natively by the ethnic Han Chinese majority and many minority ethnic groups in Greater China, as well as by various commu...","嗯，我现在需要判断这个RDFS公理是否正确。公理是Historical_Chinese_Q10913056 ⊑ Chinese_language，也就是Historical_Chinese_Q10913056是Chinese_language的子类。首先，我得理解这两个类的含义。

根据背景知识，Historical_Chinese_Q10913056是一个类，但简介里没有详细说明，可能是一个特定的历史时期或变体的中文。而Chinese_language是一个更广泛的类，指的是所有汉语方言的集合，包括现代和历史上的各种形式。

RDFS的subClassOf表示的是类的包含关系，也就是Historical_Chinese_Q10913056的所有实例都属于Chinese_language。这在语义上是合理的，因为历史上的中文变体自然属于汉语的范畴。所以，这个公理应该是正确的。
</think>

判断结果：正确
解释：Historical_Chinese_Q10913056作为历史上的中文变体，属于更广泛的Chinese_language类别，符合subClassOf的语义关系。",Historical_Chinese_Q10913056作为历史上的中文变体，属于更广泛的Chinese_language类别，符合subClassOf的语义关系。,,,
deepseek-ai/DeepSeek-R1-Distill-Qwen-32B,hard_case_0285,subClassOf,Fictional_Human_Q15632617 ⊑ Witcher_Q20011098,"背景知识：
条目1：
- 名称：Fictional_Human_Q15632617
- 类型：Class
- 简介：Fictional_Human_Q15632617 is a class in the knowledge base.

条目2：
- 名称：Witcher_Q20011098
- 类型：Class
- 简介：Witcher_Q20011098 is a class in the knowledge base.","嗯，我现在需要判断这个RDFS公理是否正确。公理是Fictional_Human_Q15632617 ⊑ Witcher_Q20011098，也就是Fictional_Human_Q15632617是Witcher_Q20011098的子类。首先，我得理解这两个类是什么。

根据背景知识，Fictional_Human_Q15632617是一个类，代表虚构的人类，而Witcher_Q20011098也是一个类，可能指的是猎魔人。猎魔人通常是在虚构作品中出现的，比如《巫师》系列中的角色，他们通常是人类，但经过特殊训练或改造，拥有超自然的能力。

现在，公理说Fictional_Human_Q15632617是Witcher_Q20011098的子类，也就是所有虚构的人类都是猎魔人。这显然不对，因为虚构的人类可以有很多种，比如小说中的普通人类角色，或者魔法师、骑士等等，而猎魔人只是其中的一种特定类型。所以，虚构的人类并不都是猎魔人，因此这个子类关系是错误的。

另外，从RDFS的语义规则来看，subClassOf表示的是类的包含关系，即所有属于子类的实例都属于父类。但在这里，虚构的人类并不全都是猎魔人，所以这个公理违反了subClassOf的定义，因此是错误的。
</think>

判断结果：错误
解释：Fictional_Human_Q15632617作为虚构的人类类，不能被推断为Witcher_Q20011098（猎魔人）的子类，因为猎魔人是虚构人类中的一个特定类型，而不是所有虚构人类都是猎魔人。",Fictional_Human_Q15632617作为虚构的人类类，不能被推断为Witcher_Q20011098（猎魔人）的子类，因为猎魔人是虚构人类中的一个特定类型，而不是所有虚构人类都是猎魔人。,,,
deepseek-ai/DeepSeek-R1-Distill-Qwen-32B,hard_case_0216,subClassOf,caf_ ⊑ company,"背景知识：
条目1：
- 名称：caf_
- 类型：Class
- 简介：{%%s is a %s, café}
- 补充信息：generalizations: location, company

条目2：
- 名称：company
- 类型：Class
- 简介：{%%s is a %s, company}
- 补充信息：generalizations: organization","嗯，我现在需要判断这个RDFS公理是否正确。公理是caf_ ⊑ company，也就是caf_是company的子类。首先，我得理解这两个类的定义和背景知识。

根据背景知识，caf_的类型是Class，简介里说它是一个café，补充信息里提到它的上位类是location和company。而company也是一个Class，简介里说它是一个company，补充信息里提到它的上位类是organization。

RDFS中的subClassOf表示类之间的包含关系，也就是说，如果A ⊑ B，那么A的所有实例都是B的实例。所以，我需要看看caf_是否确实是company的子类。

从背景知识来看，caf_的上位类包括company，这意味着caf_是company的一个具体例子。因此，caf_应该是company的子类，符合subClassOf的定义。所以，这个公理是正确的。
</think>

判断结果：正确
解释：根据背景知识，caf_的上位类包括company，因此caf_是company的子类，符合subClassOf的定义。",根据背景知识，caf_的上位类包括company，因此caf_是company的子类，符合subClassOf的定义。,,,
deepseek-ai/DeepSeek-R1-Distill-Qwen-32B,hard_case_0292,subClassOf,Lyricist ⊑ Cancionista_Q24961653,"背景知识：
条目1：
- 名称：Lyricist
- 类型：Class
- 简介：A lyricist is a writer who writes lyrics, as opposed to a composer, who writes the song's music which may include the melody, harmony, arrangement and accompaniment.

条目2：
- 名称：Cancionista_Q24961653
- 类型：Class
- 简介：Cancionista_Q24961653 is a class in the knowledge base.","好，我现在需要判断这个RDFS公理是否正确。公理是Lyricist ⊑ Cancionista_Q24961653，也就是Lyricist是Cancionista_Q24961653的子类。首先，我得理解这两个类的定义。

根据背景知识，Lyricist是一个类，指的是创作歌词的人，与作曲家不同，作曲家负责音乐部分。而Cancionista_Q24961653也是一个类，但简介里只提到它是一个知识库中的类，没有具体说明它的定义。这可能意味着Cancionista_Q24961653可能是一个更广泛或不同的类别，比如可能与音乐表演者有关，或者有其他特定的含义。

接下来，我需要分析这两个类之间的关系。Lyricist主要涉及歌词创作，而Cancionista可能与演唱或表演有关。通常，创作歌词的人和表演歌曲的人是不同的角色，虽然有时一个人可能同时担任这两个角色，但这并不意味着所有Lyricist都是Cancionista_Q24961653的子类。

根据RDFS的subClassOf规则，如果Lyricist是Cancionista_Q24961653的子类，那么所有Lyricist的实例都必须属于Cancionista_Q24961653。但根据常识，创作歌词的人并不一定都是表演者，因此这种包含关系可能不成立。

此外，Cancionista_Q24961653的定义不够明确，无法确定它是否涵盖了Lyricist的所有实例。因此，这个公理可能与背景知识和常识相冲突，判断为错误。
</think>

判断结果：错误
解释：Lyricist和Cancionista_Q24961653在背景知识中没有明确的包含关系，因此无法确定Lyricist是Cancionista_Q24961653的子类。",Lyricist和Cancionista_Q24961653在背景知识中没有明确的包含关系，因此无法确定Lyricist是Cancionista_Q24961653的子类。,,,
deepseek-ai/DeepSeek-R1-Distill-Qwen-32B,hard_case_0008,subClassOf,Archive ⊑ CollectionOfValuables,"背景知识：
条目1：
- 名称：Archive
- 类型：Class
- 简介：Collection of documents pertaining to a person or organisation.

条目2：
- 名称：CollectionOfValuables
- 类型：Class
- 简介：Collection of valuables is a collection considered to be a work in itself)","嗯，我现在需要判断这个RDFS公理是否正确。公理是Archive ⊑ CollectionOfValuables，也就是Archive是CollectionOfValuables的子类。首先，我得理解这两个类的定义。

根据背景知识，Archive是一个类，简介是“与一个人或组织相关的文件集合”。而CollectionOfValuables也是一个类，简介是“一种被视为作品本身的收藏品集合”。那么，Archive和CollectionOfValuables之间有什么关系呢？

Archive主要是指文件的集合，比如文档、记录等，而CollectionOfValuables则更广泛，可能包括各种有价值的物品，不仅仅是文件。所以，Archive是否是CollectionOfValuables的子类呢？

从语义上看，Archive确实是一种特定的CollectionOfValuables，因为它也是一种有价值的收藏品。文件集合通常具有一定的价值，尤其是对于个人或组织来说，可能被视为重要的资料。因此，Archive作为CollectionOfValuables的子类是合理的。

再考虑RDFS的subClassOf规则，如果Archive的所有实例都属于CollectionOfValuables，那么这个公理就是正确的。根据背景知识，Archive的定义符合这一点，所以公理是正确的。
</think>

判断结果：正确
解释：Archive作为文件集合，符合CollectionOfValuables的定义，因此Archive是其子类。",Archive作为文件集合，符合CollectionOfValuables的定义，因此Archive是其子类。,,,
deepseek-ai/DeepSeek-R1-Distill-Qwen-32B,hard_case_0020,subClassOf,Person ⊑ Animal,"背景知识：
条目1：
- 名称：Person
- 类型：Class
- 简介：person

条目2：
- 名称：Animal
- 类型：Class
- 简介：animal","嗯，我现在需要判断这个RDFS公理是否正确。公理是Person ⊑ Animal，也就是Person是Animal的子类。首先，我得理解subClassOf的意思，它表示类之间的包含关系，也就是说，所有Person都是Animal。

接下来，我看看背景知识。Person被定义为一个类，简介是“person”，而Animal也是一个类，简介是“animal”。根据常识，人属于动物的一种，所以Person应该是Animal的子类。

然后，我回忆一下RDFS的语义规则。subClassOf公理意味着如果一个类A是类B的子类，那么所有属于A的实例也属于B。这里，Person作为子类，所有Person实例都是Animal的实例，这符合常识。

再考虑是否有冲突。背景知识中没有提到Person不属于Animal，也没有其他信息与此公理相矛盾。因此，这个公理是合理的。

综上所述，这个公理是正确的，因为它符合常识和RDFS的语义规则。
</think>

判断结果：正确
解释：根据常识，Person是Animal的子类，因此该公理符合背景知识和RDFS语义规则。",根据常识，Person是Animal的子类，因此该公理符合背景知识和RDFS语义规则。,,,
deepseek-ai/DeepSeek-R1-Distill-Qwen-32B,hard_case_0281,subClassOf,Engineering_Mathematician_Q96777281 ⊑ Engineer,"背景知识：
条目1：
- 名称：Engineering_Mathematician_Q96777281
- 类型：Class
- 简介：Engineering_Mathematician_Q96777281 is a class in the knowledge base.

条目2：
- 名称：Engineer
- 类型：Class
- 简介：An engineer is a practitioner of engineering. The word engineer is derived from the Latin words ingeniare and ingenium (""cleverness""). The foundational qualifications of a licensed professional engineer typically include a four-year bachelo...","嗯，我现在需要判断这个RDFS公理是否正确。公理是Engineering_Mathematician_Q96777281 ⊑ Engineer，也就是Engineering_Mathematician_Q96777281是Engineer的子类。首先，我得理解这两个类的含义。

根据背景知识，Engineering_Mathematician_Q96777281是一个类，但没有提供具体的信息，可能是一个特定的工程师类型。而Engineer的定义是工程的从业者，通常需要四年的学士学位等资格。

接下来，我需要分析这两个类之间的关系。子类关系意味着所有属于Engineering_Mathematician_Q96777281的实例都必须属于Engineer。也就是说，工程数学家是否是工程师的一种。

常识上，工程数学家通常是指在工程领域应用数学知识的专业人士，他们确实是工程师的一种，属于工程师的子集。因此，这个子类关系是合理的。

所以，这个公理是正确的，因为它符合常识和背景知识中的定义。
</think>

判断结果：正确
解释：Engineering_Mathematician_Q96777281作为工程数学家，属于工程师的一种，因此是Engineer的子类。",Engineering_Mathematician_Q96777281作为工程数学家，属于工程师的一种，因此是Engineer的子类。,,,
deepseek-ai/DeepSeek-R1-Distill-Qwen-32B,hard_case_0019,subClassOf,GridironFootballPlayer ⊑ AmericanFootballPlayer,"背景知识：
条目1：
- 名称：GridironFootballPlayer
- 类型：Class
- 简介：Gradiron football, also called North American football, is a family of soccer team games played primarily in the United States and Canada.

条目2：
- 名称：AmericanFootballPlayer
- 类型：Class
- 简介：american football player","嗯，我现在需要判断这个RDFS公理是否正确。公理是GridironFootballPlayer ⊑ AmericanFootballPlayer，也就是GridironFootballPlayer是AmericanFootballPlayer的子类。首先，我得理解这两个类的定义。

根据背景知识，GridironFootballPlayer的简介提到，Gradiron football，也称为北美足球，主要在美国和加拿大进行。而AmericanFootballPlayer的简介比较简短，只是说“American football player”。通常，American football指的是美式足球，而Gridiron football有时也被用来指美式足球，尤其是在加拿大，因为加拿大足球和美式足球有很多相似之处，但也有不同之处，比如场地大小和规则有些差异。

接下来，我需要分析这两个类之间的关系。GridironFootballPlayer是否是AmericanFootballPlayer的子类呢？从常识来看，美式足球运动员（AmericanFootballPlayer）通常指的是在美国职业橄榄球大联盟（NFL）等联赛中踢球的球员，而Gridiron football可能包括美式足球和加拿大足球。因此，GridironFootballPlayer可能包括美式足球运动员，但可能还包括加拿大足球运动员。所以，GridironFootballPlayer是否是AmericanFootballPlayer的子类呢？或者说，AmericanFootballPlayer是否是GridironFootballPlayer的子类？

根据公理，GridironFootballPlayer是AmericanFootballPlayer的子类，意味着所有GridironFootballPlayer都是AmericanFootballPlayer。这可能不正确，因为GridironFootballPlayer可能包括加拿大足球运动员，而他们可能不属于AmericanFootballPlayer。因此，这个公理可能不正确，因为它可能过于宽泛，将GridironFootballPlayer的范围扩大到包括不属于AmericanFootballPlayer的球员。

另外，从语义规则来看，subClassOf表示类之间的包含关系，即所有属于子类的实例都属于父类。如果GridironFootballPlayer确实包括AmericanFootballPlayer，那么公理是正确的。但根据背景知识，Gridiron football可能更广泛，包括美式和加式足球，因此GridironFootballPlayer可能不是AmericanFootballPlayer的子类，而是父类，或者两者是并列的。

综上所述，这个公理可能不正确，因为它可能错误地将GridironFootballPlayer作为AmericanFootballPlayer的子类，而实际上它们可能有不同的范围。
</think>

判断结果：错误
解释：GridironFootballPlayer和AmericanFootballPlayer在背景知识中没有明确的子类关系，且Gridiron football可能包括更广泛的范围，因此该公理不正确。",GridironFootballPlayer和AmericanFootballPlayer在背景知识中没有明确的子类关系，且Gridiron football可能包括更广泛的范围，因此该公理不正确。,,,
deepseek-ai/DeepSeek-R1-Distill-Qwen-32B,hard_case_0297,subClassOf,Skerry_Coast_Q13137873 ⊑ Archipelago,"背景知识：
条目1：
- 名称：Skerry_Coast_Q13137873
- 类型：Class
- 简介：Skerry_Coast_Q13137873 is a class in the knowledge base.

条目2：
- 名称：Archipelago
- 类型：Class
- 简介：An archipelago, sometimes called an island group or island chain, is a chain, cluster, or collection of islands. An archipelago may be in an ocean, a sea, or a smaller body of water. Examples of archipelagos include the Aegean Islands, the....","好，我现在需要判断这个RDFS公理是否正确。公理是Skerry_Coast_Q13137873 ⊑ Archipelago，也就是Skerry_Coast_Q13137873是Archipelago的子类。

首先，我得理解这两个类的定义。Skerry_Coast_Q13137873是一个类，但背景知识里没有详细说明它具体是什么。而Archipelago是一个群岛，由多个岛屿组成，通常位于海洋、海或较小的水域中，比如爱琴海群岛。

接下来，我需要分析Skerry_Coast_Q13137873是否属于群岛。Skerry在地理学中通常指的是小岛或礁石，特别是在北欧地区。Skerry Coast可能指的是由这些小岛组成的海岸线，比如瑞典的斯科格海岸。这种情况下，Skerry Coast可能是一个由多个小岛组成的区域，类似于群岛。

根据RDFS的subClassOf规则，如果Skerry_Coast_Q13137873确实是由多个岛屿组成的，那么它作为Archipelago的子类是合理的。因为群岛的定义就是多个岛屿的集合，而Skerry Coast可能正好符合这一点。

不过，我需要确认Skerry_Coast_Q13137873的具体定义是否确实指代一个群岛。如果它指的是一个单一的地理特征，而不是多个岛屿的集合，那么这个公理可能就不正确了。但根据常识，Skerry Coast通常指的是由多个小岛组成的海岸，因此它应该属于群岛的范畴。

综上所述，这个公理是正确的，因为Skerry_Coast_Q13137873符合Archipelago的定义。
</think>

判断结果：正确
解释：Skerry_Coast_Q13137873作为由多个小岛组成的海岸线，符合Archipelago的定义，因此是其子类。",Skerry_Coast_Q13137873作为由多个小岛组成的海岸线，符合Archipelago的定义，因此是其子类。,,,
deepseek-ai/DeepSeek-R1-Distill-Qwen-32B,hard_case_0283,subClassOf,Fictional_Human_Q15632617 ⊑ Fictional_Human_Formerly_Considered_To_Be_Historical_Q64520857,"背景知识：
条目1：
- 名称：Fictional_Human_Q15632617
- 类型：Class
- 简介：Fictional_Human_Q15632617 is a class in the knowledge base.

条目2：
- 名称：Fictional_Human_Formerly_Considered_To_Be_Historical_Q64520857
- 类型：Class
- 简介：Fictional_Human_Formerly_Considered_To_Be_Historical_Q64520857 is a class in the knowledge base.","嗯，我现在需要判断这个RDFS公理是否正确。公理是Fictional_Human_Q15632617 ⊑ Fictional_Human_Formerly_Considered_To_Be_Historical_Q64520857。首先，我得理解这个符号的意思。这里的“⊑”表示的是subClassOf，也就是前者是后者的子类。

接下来，我看看这两个类的定义。Fictional_Human_Q15632617是一个虚构的人类的类，而Fictional_Human_Formerly_Considered_To_Be_Historical_Q64520857则是指那些曾经被认为是历史人物但实际上属于虚构的人类。那么，问题来了，虚构的人类是否都是曾经被认为是历史人物的虚构人类呢？

根据常识，虚构的人类有很多种，比如小说中的角色、神话中的英雄等等，并不是所有虚构的人类都曾经被认为是真实的历史人物。因此，将Fictional_Human_Q15632617作为Fictional_Human_Formerly_Considered_To_Be_Historical_Q64520857的子类，意味着所有虚构的人类都属于后者，这显然不符合实际情况。因此，这个公理是错误的。
</think>

判断结果：错误
解释：Fictional_Human_Q15632617并不一定是Fictional_Human_Formerly_Considered_To_Be_Historical_Q64520857的子类，因为并非所有虚构人类都曾被认为是历史人物。",Fictional_Human_Q15632617并不一定是Fictional_Human_Formerly_Considered_To_Be_Historical_Q64520857的子类，因为并非所有虚构人类都曾被认为是历史人物。,,,
deepseek-ai/DeepSeek-R1-Distill-Qwen-32B,hard_case_0288,subClassOf,Ghanaian_Pidgin_English ⊑ English_language,"背景知识：
条目1：
- 名称：Ghanaian_Pidgin_English
- 类型：Class
- 简介：Ghanaian Pidgin English (GhaPE) is a Ghanaian English-lexifier pidgin also known as Pidgin, Broken English, and Kru English. GhaPE is a regional variety of West African Pidgin English spoken in Ghana, predominantly in the southern capital,....

条目2：
- 名称：English_language
- 类型：Class
- 简介：English is a West Germanic language that emerged in early medieval England and has since become a global lingua franca. The namesake of the language is the Angles, one of the Germanic peoples who migrated to Britain after the end of Roman r...","嗯，我现在需要判断这个RDFS公理是否正确。公理是Ghanaian_Pidgin_English ⊑ English_language，也就是Ghanaian Pidgin English是English language的子类。首先，我得理解这两个类是什么。

根据背景知识，Ghanaian Pidgin English（GhaPE）是一种加纳的英语基底皮钦语，也被称为Pidgin、Broken English和Kru English。它主要在加纳南部首都等地使用，是西非皮钦英语的一种地区变体。而English language则是指英语，一种西日耳曼语，起源于早期中世纪的英格兰，后来成为全球通用语。

现在，我需要分析这两个类之间的关系。RDFS中的subClassOf表示类的包含关系，即GhaPE是否是英语的一个子类。从背景知识来看，GhaPE是一种皮钦语，而皮钦语通常是不同语言接触后形成的混合语，通常基于一种主要语言，这里是英语。因此，GhaPE可以被视为英语的一种变体或方言，属于英语的子类。

常识上，皮钦语通常被视为母语语言的变体，因此在这种情况下，GhaPE作为英语的一种变体，确实属于英语语言的子类。因此，这个公理是正确的。
</think>

判断结果：正确
解释：Ghanaian Pidgin English作为英语的一种变体，属于英语语言的子类，符合subClassOf的语义规则。",Ghanaian Pidgin English作为英语的一种变体，属于英语语言的子类，符合subClassOf的语义规则。,,,
deepseek-ai/DeepSeek-R1-Distill-Qwen-32B,hard_case_0290,subClassOf,Lawyer ⊑ Rábula_Q10365511,"背景知识：
条目1：
- 名称：Lawyer
- 类型：Class
- 简介：A lawyer is a person who is qualified to offer advice about the law, draft legal documents, or represent individuals in legal matters.

条目2：
- 名称：Rábula_Q10365511
- 类型：Class
- 简介：Rábula_Q10365511 is a class in the knowledge base.","好，我现在需要分析这个RDFS公理是否正确。公理是Lawyer ⊑ Rábula_Q10365511，也就是Lawyer是Rábula_Q10365511的子类。首先，我得理解这两个类的定义。

Lawyer是一个职业，指的是有资格提供法律建议、起草法律文件或代表个人处理法律事务的人。而Rábula_Q10365511在背景知识中没有详细的描述，只知道它是一个类。根据常识，Rábula可能是一个特定领域或特定知识库中的类，但没有具体信息。

接下来，我需要考虑RDFS的subClassOf规则。如果Lawyer是Rábula的子类，那么所有律师都必须属于Rábula类。但因为Rábula的信息不明确，无法确定它是否与律师相关。常识上，律师通常属于更广泛的类别，比如Person或Professional，而不是一个未知的类。

因此，这个公理可能不合理，因为它缺乏足够的背景支持。Rábula_Q10365511的定义不明确，无法确认它与Lawyer之间的包含关系是否正确。所以，这个公理应该是错误的。
</think>

判断结果：错误
解释：Rábula_Q10365511的定义不明确，无法确认Lawyer是否是其子类。",Rábula_Q10365511的定义不明确，无法确认Lawyer是否是其子类。,,,
deepseek-ai/DeepSeek-R1-Distill-Qwen-32B,hard_case_0291,subClassOf,Legal_Scholar_Q16012028 ⊑ Constitutional_Lawyer_Q2325224,"背景知识：
条目1：
- 名称：Legal_Scholar_Q16012028
- 类型：Class
- 简介：Legal_Scholar_Q16012028 is a class in the knowledge base.

条目2：
- 名称：Constitutional_Lawyer_Q2325224
- 类型：Class
- 简介：Constitutional_Lawyer_Q2325224 is a class in the knowledge base.","嗯，我现在需要判断这个RDFS公理是否正确。公理是Legal_Scholar_Q16012028 ⊑ Constitutional_Lawyer_Q2325224，也就是Legal_Scholar是Constitutional_Lawyer的子类。首先，我得理解这两个类的含义。

根据背景知识，Legal_Scholar_Q16012028是一个类，可能指的是法律学者，而Constitutional_Lawyer_Q2325224则是宪法律师。法律学者通常是指在法律领域有研究的人，可能包括各种法律分支，比如刑法、民法、宪法等。而宪法律师则更具体，专门处理宪法相关的问题。

接下来，我需要分析这两个类之间的关系。子类关系意味着所有属于Legal_Scholar的实例都必须属于Constitutional_Lawyer。也就是说，每个法律学者都是宪法律师。这显然有问题，因为法律学者可能专注于其他领域，比如商法或刑法，而不一定是宪法。因此，这种包含关系并不成立。

再考虑RDFS的语义规则，subClassOf表示的是严格的包含关系，即所有实例都必须满足。这里的情况显然不符合，因为法律学者的范围更广，而宪法律师只是其中的一部分。所以，这个公理是错误的。
</think>

判断结果：错误
解释：Legal_Scholar_Q16012028作为法律学者，其范围比Constitutional_Lawyer_Q2325224宪法律师更广，因此不能作为其子类。",Legal_Scholar_Q16012028作为法律学者，其范围比Constitutional_Lawyer_Q2325224宪法律师更广，因此不能作为其子类。,,,
deepseek-ai/DeepSeek-R1-Distill-Qwen-32B,hard_case_0063,subPropertyOf,premiereDate ⊑p releaseDate,"背景知识：
条目1：
- 名称：premiereDate
- 类型：Property
- 简介：Date the play was first performed.

条目2：
- 名称：releaseDate
- 类型：Property
- 简介：Release date of a Work or another product (eg Aircraft or other MeansOfTransportation","嗯，我现在需要判断这个RDFS公理是否正确。公理是premiereDate ⊑p releaseDate，也就是premiereDate是releaseDate的子属性。首先，我得理解这两个属性的含义。

根据背景知识，premiereDate指的是戏剧首次演出的日期，而releaseDate则是作品或其他产品（比如飞机或交通工具）的发布日期。这两个属性都属于时间属性，但它们的应用范围不同。

接下来，我得分析它们的语义关系。premiereDate通常用于戏剧、表演等领域，而releaseDate则更广泛，可能用于电影、软件、产品发布等。从常识来看，premiereDate可以看作是releaseDate的一个特例，因为戏剧的首演也是一种发布形式。

然后，根据RDFS的subPropertyOf规则，如果premiereDate是releaseDate的子属性，那么所有使用premiereDate的地方都可以用releaseDate来表示。这在语义上是合理的，因为首演日期确实是一种发布日期。

不过，我需要确认是否有冲突。比如，releaseDate可能包括更多类型的发布，而premiereDate只针对戏剧。但作为子属性，这并不矛盾，因为子属性可以更具体。

综上所述，这个公理是正确的，因为它符合语义规则，并且背景知识支持这种包含关系。
</think>

判断结果：正确
解释：premiereDate作为戏剧的首演日期，可以被视为releaseDate的一种具体形式，因此premiereDate是releaseDate的子属性。",premiereDate作为戏剧的首演日期，可以被视为releaseDate的一种具体形式，因此premiereDate是releaseDate的子属性。,,,
deepseek-ai/DeepSeek-R1-Distill-Qwen-32B,hard_case_0311,subPropertyOf,identifier ⊑p gtin12,"背景知识：
条目1：
- 名称：identifier
- 类型：Property
- 简介：The identifier property represents any kind of identifier for any kind of <a class=""localLink"" href=""/Thing"">Thing</a>, such as ISBNs, GTIN codes, UUIDs etc. Schema.org provides dedicated properties for representing many of these, either as...
- 补充信息：domainIncludes: http://schema.org/Thing | rangeIncludes: http://schema.org/PropertyValue, http://schema.org/Text, http://schema.org/URL

条目2：
- 名称：gtin12
- 类型：Property
- 简介：The GTIN-12 code of the product, or the product to which the offer refers. The GTIN-12 is the 12-digit GS1 Identification Key composed of a U.P.C. Company Prefix, Item Reference, and Check Digit used to identify trade items. See <a href=""ht...
- 补充信息：domainIncludes: http://schema.org/Demand, http://schema.org/Offer, http://schema.org/Product | rangeIncludes: http://schema.org/Text","嗯，我现在需要判断这个RDFS公理是否正确。公理是identifier ⊑p gtin12，也就是identifier是gtin12的子属性。首先，我得理解这两个属性的定义和背景知识。

根据背景知识，identifier是一个属性，用于表示任何种类的Thing的标识符，比如ISBN、GTIN码、UUID等等。它的domain是Thing，range包括PropertyValue、Text和URL。而gtin12则是专门用于表示产品的GTIN-12代码，domain包括Demand、Offer和Product，range是Text。

接下来，我需要分析subPropertyOf的关系是否成立。subPropertyOf意味着identifier的所有使用情况都必须满足gtin12的条件。也就是说，任何使用identifier的地方都必须符合gtin12的定义。但实际情况是，identifier的范围更广，可以包含各种类型的标识符，而gtin12只是其中一种特定的类型。因此，identifier并不完全被gtin12所包含，反而gtin12应该是identifier的一个子属性，而不是反过来。

此外，从domain和range来看，identifier的domain是Thing，而gtin12的domain更具体，只包括Demand、Offer和Product。如果identifier是gtin12的子属性，那么identifier的domain应该包含在gtin12的domain中，但实际上并非如此。因此，这个公理与背景知识不符，是错误的。
</think>

判断结果：错误
解释：identifier的范围比gtin12更广泛，不能作为其子属性。",identifier的范围比gtin12更广泛，不能作为其子属性。,,,
deepseek-ai/DeepSeek-R1-Distill-Qwen-32B,hard_case_0038,subPropertyOf,code ⊑p fdaUniiCode,"背景知识：
条目1：
- 名称：code
- 类型：Property
- 简介：Superproperty for any designation (string, integer as string) that is meant to identify an entity within the context of a system

条目2：
- 名称：fdaUniiCode
- 类型：Property
- 简介：FDA Unique Ingredient Identifier (UNII) code for a DBpedia Drug","好，我现在需要分析这个RDFS公理是否正确。公理是code ⊑p fdaUniiCode，也就是code是fdaUniiCode的上位属性。首先，我得理解这两个属性的定义。

根据背景知识，code是一个超属性，用于标识系统中的实体，可以是字符串或整数字符串。而fdaUniiCode是FDA的唯一成分标识符，专门用于DBpedia药物。看起来fdaUniiCode是code的一个具体应用，属于更具体的子属性。

RDFS的subPropertyOf规则指出，如果一个属性是另一个的子属性，那么前者的所有实例也属于后者。这里，fdaUniiCode作为更具体的属性，应该属于code的子属性，而不是反过来。所以，正确的公理应该是fdaUniiCode ⊑p code，而不是code ⊑p fdaUniiCode。

因此，这个公理是错误的，因为它颠倒了属性的上下位关系。
</think>

判断结果：错误
解释：code是fdaUniiCode的超属性，而公理表示code是fdaUniiCode的子属性，这与背景知识中的属性层次关系不符。",code是fdaUniiCode的超属性，而公理表示code是fdaUniiCode的子属性，这与背景知识中的属性层次关系不符。,,,
deepseek-ai/DeepSeek-R1-Distill-Qwen-32B,hard_case_0246,subPropertyOf,relatedto ⊑p magnitudeofearthquaque,"背景知识：
条目1：
- 名称：relatedto
- 类型：Unknown
- 简介：associated; connected (http://dictionary.reference.com/browse/related)
- 补充信息：generalizations: slot | domain: everypromotedthing | range: everypromotedthing

条目2：
- 名称：magnitudeofearthquaque
- 类型：Unknown
- 简介：{%%s is the %s the event %%s, magnitude of}
- 补充信息：generalizations: relatedto | domain: everypromotedthing | range: earthquakeevent","嗯，我现在需要判断这个RDFS公理是否正确。公理是relatedto ⊑p magnitudeofearthquaque，也就是relatedto是magnitudeofearthquaque的子属性。首先，我得理解这两个属性的定义和背景知识。

根据背景知识，relatedto的类型是Unknown，简介是associated; connected，补充信息显示它的domain和range都是everypromotedthing。而magnitudeofearthquaque的简介是关于地震事件的，补充信息显示它的generalizations是relatedto，domain是everypromotedthing，range是earthquakeevent。

RDFS的subPropertyOf公理意味着如果a ⊑p b，那么a的属性范围和域必须是b的子集。也就是说，magnitudeofearthquaque的domain和range必须是relatedto的子集。这里，magnitudeofearthquaque的domain是everypromotedthing，而relatedto的domain也是everypromotedthing，所以domain是符合的。但是，magnitudeofearthquaque的range是earthquakeevent，而relatedto的range是everypromotedthing。earthquakeevent应该是everypromotedthing的一个子类，所以range也是符合的。

不过，magnitudeofearthquaque的generalizations是relatedto，这意味着magnitudeofearthquaque是relatedto的一个特例，所以relatedto应该是更广泛的属性，而magnitudeofearthquaque是更具体的。因此，relatedto应该是magnitudeofearthquaque的超属性，而不是子属性。所以，公理应该是magnitudeofearthquaque ⊑p relatedto，而不是反过来。因此，这个公理是错误的。
</think>

判断结果：错误
解释：relatedto是magnitudeofearthquaque的超属性，而不是子属性，因此该公理与背景知识冲突。",relatedto是magnitudeofearthquaque的超属性，而不是子属性，因此该公理与背景知识冲突。,,,
deepseek-ai/DeepSeek-R1-Distill-Qwen-32B,hard_case_0026,subPropertyOf,averageDepth ⊑p depth,"背景知识：
条目1：
- 名称：averageDepth
- 类型：Property
- 简介：Source of the value can be declare by .

条目2：
- 名称：depth
- 类型：Property
- 简介：Is a measure of the distance between a reference height and a point underneath. The exact meaning for a place is unclear. If possible, use or to be unambiguous.","嗯，我现在需要判断这个RDFS公理是否正确。公理是averageDepth ⊑p depth，也就是averageDepth是depth的子属性。首先，我得理解这两个属性的含义。

根据背景知识，averageDepth是一个属性，它的来源可以被声明。而depth是一个属性，表示从参考高度到下方某点的距离，但具体对某个地方的含义不太清楚，建议使用更明确的属性。

接下来，我得分析它们之间的关系。averageDepth听起来像是深度的一个平均值，而depth是一个更通用的概念。通常，averageDepth应该属于depth的一个子属性，因为平均深度是深度的一种具体形式。

然后，根据RDFS的subPropertyOf规则，如果averageDepth是depth的子属性，那么任何使用averageDepth的地方都可以用depth来代替。这符合常识，因为平均深度确实是深度的一种。

所以，这个公理是正确的，因为它符合属性的层次结构和语义规则。
</think>

判断结果：正确
解释：averageDepth作为depth的子属性，符合属性层次结构，因为averageDepth是depth的一种具体形式。",averageDepth作为depth的子属性，符合属性层次结构，因为averageDepth是depth的一种具体形式。,,,
deepseek-ai/DeepSeek-R1-Distill-Qwen-32B,hard_case_0028,subPropertyOf,championInMixedDouble ⊑p championInDouble,"背景知识：
条目1：
- 名称：championInMixedDouble
- 类型：Property
- 简介：winner of a competition in the mixed double session (as in tennis)

条目2：
- 名称：championInDouble
- 类型：Property
- 简介：winner of a competition in the double session (as in tennis)","嗯，我现在需要判断这个RDFS公理是否正确。公理是championInMixedDouble ⊑p championInDouble，也就是championInMixedDouble是championInDouble的子属性。首先，我得理解这两个属性的含义。

根据背景知识，championInMixedDouble是“在混合双打比赛中获胜的人”，而championInDouble是“在双打比赛中获胜的人”。混合双打是双打的一种，所以混合双打的冠军肯定是双打的冠军，对吧？所以从语义上看，championInMixedDouble应该是championInDouble的子属性，因为混合双打属于双打的一部分。

接下来，按照RDFS的规则，subPropertyOf表示属性间的包含关系。如果A是B的子属性，那么A的所有实例也属于B。这里，混合双打冠军的实例自然也是双打冠军的实例，所以这个公理是符合语义规则的。

再考虑常识，混合双打是双打的一种，所以冠军在混合双打中获胜的人，当然也是双打中的冠军。因此，这个公理在常识上也是合理的。

综上所述，这个公理是正确的，因为它正确地反映了混合双打冠军是双打冠军的一种情况。
</think>

判断结果：正确
解释：championInMixedDouble是championInDouble的子属性，因为混合双打是双打的一种，所以混合双打冠军也是双打冠军。",championInMixedDouble是championInDouble的子属性，因为混合双打是双打的一种，所以混合双打冠军也是双打冠军。,,,
deepseek-ai/DeepSeek-R1-Distill-Qwen-32B,hard_case_0233,subPropertyOf,inverseofcriminalssuchascriminals ⊑p specializationof,"背景知识：
条目1：
- 名称：inverseofcriminalssuchascriminals
- 类型：Unknown
- 简介：Describes the criminals types that are generalizations of specific criminals
- 补充信息：generalizations: specializationof | domain: criminal | range: criminal

条目2：
- 名称：specializationof
- 类型：Unknown
- 简介：one thing is a more specific kind of another thing
- 补充信息：generalizations: relatedto | domain: everypromotedthing | range: everypromotedthing","好，我现在需要分析这个RDFS公理是否正确。公理是inverseofcriminalssuchascriminals ⊑p specializationof。首先，我得理解每个部分的含义。

根据背景知识，inverseofcriminalssuchascriminals是一个属性，类型未知，描述的是犯罪分子的类型，是具体犯罪分子的概括。它的补充信息显示，它有一个generalizations关系，即specializationof，同时domain和range都是criminal。

接下来，specializationof也是一个属性，类型未知，表示一种事物是另一种事物的更具体类型。它的补充信息显示，generalizations是relatedto，domain和range都是everypromotedthing。

现在，公理中的subPropertyOf关系意味着inverseofcriminalssuchascriminals是specializationof的子属性。也就是说，任何使用inverseofcriminalssuchascriminals的地方，都可以用specializationof来代替。

接下来，我需要检查domain和range是否符合。inverseofcriminalssuchascriminals的domain和range都是criminal，而specializationof的domain和range是everypromotedthing。这里，criminal是否是everypromotedthing的子类呢？背景知识中没有明确说明，但通常criminal可以被视为一种被推广的事物，所以可能属于everypromotedthing。

此外，检查subPropertyOf的语义规则，如果A是B的子属性，那么A的domain和range必须是B的domain和range的子集。这里，inverseofcriminalssuchascriminals的domain和range是criminal，而specializationof的domain和range是everypromotedthing。如果criminal是everypromotedthing的子类，那么这个条件满足。

因此，这个公理是合理的，没有明显冲突。
</think>

判断结果：正确
解释：inverseofcriminalssuchascriminals的domain和range都是criminal，而specializationof的domain和range是everypromotedthing，且criminal是everypromotedthing的子类，因此该公理符合RDFS语义规则。",inverseofcriminalssuchascriminals的domain和range都是criminal，而specializationof的domain和range是everypromotedthing，且criminal是everypromotedthing的子类，因此该公理符合RDFS语义规则。,,,
deepseek-ai/DeepSeek-R1-Distill-Qwen-32B,hard_case_0343,subPropertyOf,workLocation ⊑p location,"背景知识：
条目1：
- 名称：workLocation
- 类型：Property
- 简介：A contact location for a person's place of work.
- 补充信息：domainIncludes: http://schema.org/Person | rangeIncludes: http://schema.org/ContactPoint, http://schema.org/Place

条目2：
- 名称：location
- 类型：Property
- 简介：The location of, for example, where an event is happening, where an organization is located, or where an action takes place.
- 补充信息：domainIncludes: http://schema.org/Action, http://schema.org/Event, http://schema.org/InteractionCounter, http://schema.org/Organization | rangeIncludes: http://schema.org/Place, ht...","嗯，我现在需要判断这个RDFS公理是否正确。公理是workLocation ⊑p location，也就是workLocation是location的子属性。首先，我得理解这两个属性的定义和背景知识。

根据背景知识，workLocation是一个属性，用于表示一个人的工作地点。它的domain是Person，range包括ContactPoint和Place。而location属性则更广泛，用于表示事件、组织等的位置，domain包括Action、Event、InteractionCounter、Organization，range是Place等。

接下来，我需要分析它们的语义关系。workLocation专门用于描述人的工作地点，而location则更通用，可以描述各种事物的位置。从语义上看，workLocation确实可以被视为location的一个特例，因为它描述的也是一种位置，只是特定于工作场所。

然后，根据RDFS的subPropertyOf规则，如果workLocation的domain和range都包含在location的domain和range中，那么workLocation可以是location的子属性。workLocation的domain是Person，而location的domain包括Organization，Person和Organization都是不同的类，但这里可能需要更仔细地分析。不过，从属性的角度来看，workLocation的使用场景是Person的工作地点，而location可以用于更广泛的主体，所以workLocation的使用范围更窄，符合subPropertyOf的条件。

此外，workLocation的range包括ContactPoint和Place，而location的range包括Place，所以workLocation的range并没有超出location的范围，这也支持了workLocation是location的子属性。

综上所述，这个公理是合理的，workLocation确实是location的子属性。
</think>

判断结果：正确
解释：workLocation的语义范围是Person的工作地点，属于更广泛的location属性的特例，符合subPropertyOf的定义。",workLocation的语义范围是Person的工作地点，属于更广泛的location属性的特例，符合subPropertyOf的定义。,,,
deepseek-ai/DeepSeek-R1-Distill-Qwen-32B,hard_case_0234,subPropertyOf,inverseofmammalsuchasmammal ⊑p specializationof,"背景知识：
条目1：
- 名称：inverseofmammalsuchasmammal
- 类型：Class
- 简介：inverseofmammalsuchasmammal is a class in the NELL knowledge base.
- 补充信息：generalizations: specializationof | domain: mammal | range: mammal

条目2：
- 名称：specializationof
- 类型：Class
- 简介：{%%s is a %s %%s, kind of}
- 补充信息：generalizations: relatedto | domain: everypromotedthing | range: everypromotedthing","好，我现在需要分析这个RDFS公理是否正确。公理是inverseofmammalsuchasmammal ⊑p specializationof。首先，我得理解这两个类之间的关系。

根据背景知识，inverseofmammalsuchasmammal是一个类，它的补充信息显示它属于specializationof的子类。这可能意味着它在某种上下文中是specializationof的一个特例。而specializationof也是一个类，它的简介看起来像是一个模板，可能表示某种特定的关系。

接下来，我需要考虑RDFS的语义规则。subClassOf表示类之间的包含关系，即如果A是B的子类，那么A的所有实例都是B的实例。这里，inverseofmammalsuchasmammal被声明为specializationof的子类，所以它应该满足specializationof的所有约束。

查看补充信息，inverseofmammalsuchasmammal的domain和range都是mammal，而specializationof的domain和range是everypromotedthing。这可能意味着inverseofmammalsuchasmammal的实例都是mammal，而specializationof的实例是everypromotedthing。如果mammal是everypromotedthing的一个子类，那么这个公理可能是合理的。否则，可能会有类型不匹配的问题。

另外，specializationof的generalizations是relatedto，而inverseofmammalsuchasmammal的generalizations是specializationof。这表明inverseofmammalsuchasmammal在类层次结构中位于specializationof之下，这符合subClassOf的关系。

综合来看，虽然存在一些可能的类型约束问题，但根据背景知识，inverseofmammalsuchasmammal确实被定义为specializationof的子类，因此这个公理是正确的。
</think>

判断结果：正确
解释：根据背景知识，inverseofmammalsuchasmammal被定义为specializationof的子类，符合RDFS的subClassOf语义规则。",根据背景知识，inverseofmammalsuchasmammal被定义为specializationof的子类，符合RDFS的subClassOf语义规则。,,,
deepseek-ai/DeepSeek-R1-Distill-Qwen-32B,hard_case_0024,subPropertyOf,Wins ⊑p rankingWins,"背景知识：
条目1：
- 名称：Wins
- 类型：Unknown
- 简介：Wins

条目2：
- 名称：rankingWins
- 类型：Property
- 简介：ranking wins","好，我现在需要分析这个RDFS公理是否正确。公理是Wins ⊑p rankingWins，也就是Wins是rankingWins的子属性。首先，我得理解这两个术语的含义。

根据背景知识，Wins的类型是Unknown，简介里只写了“Wins”，没有详细说明。而rankingWins的类型是Property，简介是“ranking wins”。看起来rankingWins可能是指排名中的胜利，比如在比赛中获得的排名胜利。

接下来，我需要分析subPropertyOf的关系。subPropertyOf表示一个属性是另一个属性的子属性，意味着所有属于子属性的实例也属于父属性。所以，如果Wins是rankingWins的子属性，那么所有具有Wins属性的实例也应该具有rankingWins属性。

但是，Wins的类型是Unknown，这可能意味着它不是一个明确定义的属性，或者它的定义不够明确。而rankingWins是一个明确的属性，用于描述排名中的胜利。如果Wins没有明确的定义，或者它的含义与rankingWins不完全一致，那么将Wins作为rankingWins的子属性可能不合适。

另外，从常识来看，Wins通常指的是胜利，而rankingWins可能特指排名中的胜利。如果Wins的范围更广，包括各种胜利，而不仅仅是排名中的胜利，那么Wins就不能完全被包含在rankingWins中。因此，这种子属性关系可能不成立。

综上所述，由于Wins的定义不明确，且可能与rankingWins的范围不完全一致，这个公理可能存在问题。
</think>

判断结果：错误
解释：Wins的类型未知，无法确定其是否为rankingWins的子属性。",Wins的类型未知，无法确定其是否为rankingWins的子属性。,,,
deepseek-ai/DeepSeek-R1-Distill-Qwen-32B,hard_case_0224,subPropertyOf,cityhostsattraction ⊑p cityattractions,"背景知识：
条目1：
- 名称：cityhostsattraction
- 类型：Unknown
- 简介：Attraction occurs in the city
- 补充信息：generalizations: cityattractions | domain: city | range: attraction

条目2：
- 名称：cityattractions
- 类型：Unknown
- 简介：The city that an attraction is located in
- 补充信息：generalizations: locationcontainslocation | domain: city | range: attraction","嗯，我现在需要判断这个RDFS公理是否正确。公理是cityhostsattraction ⊑p cityattractions，也就是cityhostsattraction是cityattractions的子属性。首先，我得理解这两个属性的定义和背景知识。

根据背景知识，条目1中，cityhostsattraction的类型是Unknown，简介是Attraction occurs in the city，补充信息显示它的domain是city，range是attraction。而条目2中的cityattractions，简介是The city that an attraction is located in，补充信息显示它的domain也是city，range同样是attraction。

接下来，我需要分析这两个属性的语义关系。cityhostsattraction表示一个城市举办或拥有一个景点，而cityattractions则表示一个城市包含的景点。从语义上看，这两个属性描述的是类似的关系，都是从城市到景点的属性。

RDFS中的subPropertyOf公理要求，如果a ⊑p b，那么a的domain和range必须是b的domain和range的子集。这里，cityhostsattraction和cityattractions的domain和range都是相同的，都是city和attraction。因此，它们的domain和range并没有冲突，满足subPropertyOf的条件。

另外，从常识来看，一个城市举办景点和一个城市包含景点，这两者在语义上是相近的，甚至可以认为cityhostsattraction是cityattractions的一个更具体的表达。因此，将cityhostsattraction作为cityattractions的子属性是合理的。

综上所述，这个公理是正确的，因为它符合RDFS的语义规则，并且与背景知识中的定义一致。
</think>

判断结果：正确
解释：cityhostsattraction和cityattractions具有相同的domain和range，符合subPropertyOf的语义规则。",cityhostsattraction和cityattractions具有相同的domain和range，符合subPropertyOf的语义规则。,,,
deepseek-ai/DeepSeek-R1-Distill-Qwen-32B,hard_case_0239,subPropertyOf,istallerthan ⊑p relatedto,"背景知识：
条目1：
- 名称：istallerthan
- 类型：Class
- 简介：{%%s is %s %%s, taller than}
- 补充信息：generalizations: relatedto | domain: everypromotedthing | range: everypromotedthing

条目2：
- 名称：relatedto
- 类型：Class
- 简介：{%%s is somehow %s %%s, related to}
- 补充信息：generalizations: slot | domain: everypromotedthing | range: everypromotedthing","嗯，我现在需要判断这个RDFS公理是否正确。公理是istallerthan ⊑p relatedto，也就是istallerthan是relatedto的子属性。首先，我得理解这两个属性的定义和背景知识。

根据背景知识，istallerthan是一个类，简介是“%%s is %s %%s, taller than”，补充信息显示它的domain和range都是everypromotedthing，generalizations是relatedto。而relatedto也是一个类，简介是“%%s is somehow %s %%s, related to”，它的generalizations是slot，同样domain和range都是everypromotedthing。

RDFS中的subPropertyOf公理意味着istallerthan的所有实例都必须是relatedto的实例。也就是说，如果A istallerthan B，那么A必须relatedto B。这在语义上是否合理呢？

从背景知识来看，istallerthan是relatedto的子类，这可能意味着taller than是一种更具体的related to关系。常识上，如果A比B高，那么A和B之间确实有某种关系，所以这个推论是合理的。因此，这个公理是正确的。
</think>

判断结果：正确
解释：istallerthan是relatedto的子属性，符合RDFS的subPropertyOf规则，且在语义上合理。",istallerthan是relatedto的子属性，符合RDFS的subPropertyOf规则，且在语义上合理。,,,
deepseek-ai/DeepSeek-R1-Distill-Qwen-32B,hard_case_0062,subPropertyOf,owningOrganisation ⊑p owner,"背景知识：
条目1：
- 名称：owningOrganisation
- 类型：Property
- 简介：owning organisation

条目2：
- 名称：owner
- 类型：Property
- 简介：Used as if meaning: owned by, has as its owner","好，我现在需要分析这个RDFS公理是否正确。公理是owningOrganisation ⊑p owner，也就是owningOrganisation是owner的子属性。首先，我得理解这两个属性的含义。

根据背景知识，owningOrganisation是一个属性，类型是Property，简介是“owning organisation”，这可能表示拥有该组织的实体。而owner也是一个属性，简介是“owned by, has as its owner”，通常用来表示拥有者。

接下来，我需要分析它们之间的关系。subPropertyOf表示一个属性是另一个属性的子属性，意味着所有使用子属性的情况都适用父属性。也就是说，如果A是B的子属性，那么每当A被使用时，B也应该被应用。

现在，owningOrganisation和owner都是表示拥有关系的属性，但它们的侧重点可能不同。owningOrganisation可能更具体，指向组织，而owner则更广泛，可以指向任何拥有者，无论是个人还是组织。

根据RDFS规则，如果owningOrganisation是owner的子属性，那么每当使用owningOrganisation时，owner也应该适用。这在语义上是合理的，因为拥有组织也是一种拥有行为，所以owner可以涵盖owningOrganisation的情况。

因此，这个公理是正确的，因为它符合属性之间的包含关系，且没有与背景知识或语义规则冲突。
</think>

判断结果：正确
解释：owningOrganisation作为owner的子属性，表示拥有组织的属性，符合owner的语义范围，因此该公理合理。",owningOrganisation作为owner的子属性，表示拥有组织的属性，符合owner的语义范围，因此该公理合理。,,,
deepseek-ai/DeepSeek-R1-Distill-Qwen-32B,hard_case_0228,subPropertyOf,dateof ⊑p dateatwhichexistslocation,"背景知识：
条目1：
- 名称：dateof
- 类型：Unknown
- 简介：assigns dates to things.
- 补充信息：generalizations: relatedto | domain: date | range: everypromotedthing

条目2：
- 名称：dateatwhichexistslocation
- 类型：Unknown
- 简介：Most general location-to-date relation. Note that locations are not eternal.
- 补充信息：generalizations: dateof | domain: date | range: location","好，我现在需要判断这个RDFS公理是否正确。公理是dateof ⊑p dateatwhichexistslocation，也就是dateof是dateatwhichexistslocation的子属性。首先，我得理解这两个属性的定义和背景知识。

根据背景知识，dateof的类型是Unknown，简介是给事物分配日期，补充信息显示它的domain是date，range是everypromotedthing。而dateatwhichexistslocation的类型也是Unknown，简介是最一般的地点到日期的关系，补充信息显示它的generalizations是dateof，domain是date，range是location。

接下来，我需要分析subPropertyOf的关系。subPropertyOf表示一个属性是另一个属性的子属性，意味着所有dateof的实例也必须是dateatwhichexistslocation的实例。也就是说，如果一个属性是另一个的子属性，那么它的domain和range必须满足父属性的约束。

dateof的domain是date，range是everypromotedthing。而dateatwhichexistslocation的domain同样是date，但range是location。这里有个问题，因为everypromotedthing是一个更广泛的类别，而location是其中的一个子类。所以，dateof的range比dateatwhichexistslocation的range更广，这可能导致冲突。

根据RDFS规则，如果dateof是dateatwhichexistslocation的子属性，那么dateof的range必须是location的子类。但everypromotedthing并不一定是location的子类，因此这违反了RDFS的语义规则。因此，这个公理是错误的。
</think>

判断结果：错误
解释：dateof的range是everypromotedthing，而dateatwhichexistslocation的range是location，everypromotedthing并不一定是location的子类，因此dateof不能是dateatwhichexistslocation的子属性。",dateof的range是everypromotedthing，而dateatwhichexistslocation的range是location，everypromotedthing并不一定是location的子类，因此dateof不能是dateatwhichexistslocation的子属性。,,,
deepseek-ai/DeepSeek-R1-Distill-Qwen-32B,hard_case_0238,subPropertyOf,invertebratehascolor ⊑p relatedto,"背景知识：
条目1：
- 名称：invertebratehascolor
- 类型：Class
- 简介：{%%s %s %%s, is related to}
- 补充信息：generalizations: relatedto | domain: invertebrate | range: color

条目2：
- 名称：relatedto
- 类型：Class
- 简介：{%%s is somehow %s %%s, related to}
- 补充信息：generalizations: slot | domain: everypromotedthing | range: everypromotedthing","嗯，我现在需要判断这个RDFS公理是否正确。公理是invertebratehascolor ⊑p relatedto，也就是invertebratehascolor是relatedto的子属性。首先，我得理解这两个属性的定义和背景知识。

根据背景知识，invertebratehascolor的类型是Class，补充信息显示它的domain是invertebrate，range是color。而relatedto的类型也是Class，domain和range都是everypromotedthing。补充信息还提到relatedto的generalizations是slot，而invertebratehascolor的generalizations是relatedto。

RDFS的subPropertyOf公理意味着如果a ⊑p b，那么a的属性必须满足b的所有约束。也就是说，invertebratehascolor的domain和range必须是relatedto的domain和range的子集或等于。

invertebratehascolor的domain是invertebrate，而relatedto的domain是everypromotedthing。invertebrate应该属于everypromotedthing，因为invertebrate是具体的生物类别，而everypromotedthing可能是一个更广泛的类别。同样，range方面，invertebratehascolor的range是color，而relatedto的range是everypromotedthing。color作为属性，可能属于everypromotedthing，所以这里没有冲突。

另外，invertebratehascolor的generalizations是relatedto，这说明它确实是relatedto的一个子属性。因此，这个公理符合RDFS的语义规则，没有冲突。
</think>

判断结果：正确
解释：invertebratehascolor的domain和range分别是invertebrate和color，而relatedto的domain和range都是everypromotedthing，因此invertebratehascolor的属性约束满足relatedto的约束，符合RDFS的subPropertyOf规则。",invertebratehascolor的domain和range分别是invertebrate和color，而relatedto的domain和range都是everypromotedthing，因此invertebratehascolor的属性约束满足relatedto的约束，符合RDFS的subPropertyOf规则。,,,
deepseek-ai/DeepSeek-R1-Distill-Qwen-32B,hard_case_0236,subPropertyOf,inverseofplantgrowinginplant ⊑p relatedto,"背景知识：
条目1：
- 名称：inverseofplantgrowinginplant
- 类型：Class
- 简介：inverseofplantgrowinginplant is a class in the NELL knowledge base.
- 补充信息：generalizations: relatedto | domain: plant | range: plant

条目2：
- 名称：relatedto
- 类型：Class
- 简介：{%%s is somehow %s %%s, related to}
- 补充信息：generalizations: slot | domain: everypromotedthing | range: everypromotedthing","好，我现在需要分析这个RDFS公理是否正确。公理是inverseofplantgrowinginplant ⊑p relatedto，也就是inverseofplantgrowinginplant是relatedto的子类。

首先，我得理解这两个类的定义。根据背景知识，inverseofplantgrowinginplant是一个类，属于NELL知识库，它的补充信息显示generalizations是relatedto，domain是plant，range也是plant。这可能意味着它描述的是植物之间的一种逆向生长关系，比如植物A生长在植物B中，那么B就是A的inverseofplantgrowinginplant。

然后是relatedto类，它属于slot，domain和range都是everypromotedthing。这可能表示relatedto是一个更广泛的类，用于描述任何事物之间的某种相关性。

接下来，我需要应用RDFS的语义规则。subClassOf表示子类关系，即inverseofplantgrowinginplant的所有实例都属于relatedto。根据背景知识，inverseofplantgrowinginplant的generalizations是relatedto，这可能意味着它确实属于relatedto的一个子类。

但是，我还需要考虑domain和range的约束。inverseofplantgrowinginplant的domain和range都是plant，而relatedto的domain和range是everypromotedthing，这是一个更广泛的类别。因此，inverseofplantgrowinginplant的实例在domain和range上都比relatedto更具体，这可能意味着它们确实属于relatedto的子类，因为它们满足更严格的条件。

不过，我有点困惑，因为有时候更具体的类可能不会直接成为更广泛类的子类，除非它们在所有方面都满足。但在这个情况下，inverseofplantgrowinginplant的generalizations明确指向relatedto，这可能意味着它确实是relatedto的子类。

综上所述，这个公理是正确的，因为它符合背景知识中的generalizations，并且在语义上也合理。
</think>

判断结果：正确
解释：inverseofplantgrowinginplant的generalizations包括relatedto，符合RDFS的subClassOf语义规则。",inverseofplantgrowinginplant的generalizations包括relatedto，符合RDFS的subClassOf语义规则。,,,
deepseek-ai/DeepSeek-R1-Distill-Qwen-32B,hard_case_0306,subPropertyOf,confirmationNumber ⊑p identifier,"背景知识：
条目1：
- 名称：confirmationNumber
- 类型：Property
- 简介：A number that confirms the given order or payment has been received.
- 补充信息：domainIncludes: http://schema.org/Invoice, http://schema.org/Order | rangeIncludes: http://schema.org/Text

条目2：
- 名称：identifier
- 类型：Property
- 简介：The identifier property represents any kind of identifier for any kind of <a class=""localLink"" href=""/Thing"">Thing</a>, such as ISBNs, GTIN codes, UUIDs etc. Schema.org provides dedicated properties for representing many of these, either as...
- 补充信息：domainIncludes: http://schema.org/Thing | rangeIncludes: http://schema.org/PropertyValue, http://schema.org/Text, http://schema.org/URL","嗯，我现在需要判断这个RDFS公理是否正确。公理是confirmationNumber ⊑p identifier，也就是确认号属性是标识符属性的子属性。首先，我得理解这两个属性的定义和背景知识。

根据背景知识，confirmationNumber是一个属性，用于确认订单或支付已被接收，它的domain包括Invoice和Order，range是Text。而identifier是一个更广泛的属性，用于表示任何事物的标识符，比如ISBN、GTIN码等，domain是Thing，范围包括PropertyValue、Text和URL。

接下来，我需要分析subPropertyOf的关系是否成立。subPropertyOf意味着confirmationNumber的所有实例都必须是identifier的实例。也就是说，任何使用confirmationNumber的地方，也应该被视为使用identifier的情况。

从定义上看，确认号确实是一种标识符，因为它用于确认订单或支付，通常是一个文本字符串。因此，从语义上看，confirmationNumber可以被视为identifier的一个子属性。此外，domain和range的约束也支持这一点，因为Invoice和Order都是Thing的子类，而Text也在identifier的范围内。

所以，这个公理是合理的，没有违反RDFS的规则，也没有与背景知识冲突。
</think>

判断结果：正确
解释：confirmationNumber作为标识符的一种，符合identifier的定义和范围，因此可以作为其子属性。",confirmationNumber作为标识符的一种，符合identifier的定义和范围，因此可以作为其子属性。,,,
deepseek-ai/DeepSeek-R1-Distill-Qwen-32B,hard_case_0232,subPropertyOf,inverseofcoachcanspeaklanguage ⊑p relatedto,"背景知识：
条目1：
- 名称：inverseofcoachcanspeaklanguage
- 类型：Unknown
- 简介：Describes the languages that coaches might speak
- 补充信息：generalizations: relatedto | domain: language | range: coach

条目2：
- 名称：relatedto
- 类型：Unknown
- 简介：associated; connected (http://dictionary.reference.com/browse/related)
- 补充信息：generalizations: slot | domain: everypromotedthing | range: everypromotedthing","嗯，我现在需要判断这个RDFS公理是否正确。公理是inverseofcoachcanspeaklanguage ⊑p relatedto。首先，我得理解每个部分的意思。

inverseofcoachcanspeaklanguage，根据背景知识，它描述的是教练可以说的语言。它的类型是Unknown，简介里说它描述教练可能说的语言，补充信息里提到它的domain是language，range是coach。也就是说，这个属性的主体是语言，客体是教练，可能表示某种关系，比如教练可以说这种语言。

然后是relatedto，类型也是Unknown，简介说是相关的，补充信息里说它的domain和range都是everypromotedthing，也就是说，这个属性连接的是任何被推广的事物，可能表示事物之间的关联。

现在，公理是说inverseofcoachcanspeaklanguage是relatedto的子属性。根据RDFS的subPropertyOf规则，如果A ⊑p B，那么A的所有实例都必须是B的实例。也就是说，如果一个属性是另一个属性的子属性，那么它的应用范围必须更小或相等。

接下来，我需要分析这两个属性的domain和range。inverseofcoachcanspeaklanguage的domain是language，range是coach。而relatedto的domain和range都是everypromotedthing，这是一个更广泛的类别，可能包括教练、语言以及其他事物。

那么，inverseofcoachcanspeaklanguage的domain是language，而relatedto的domain是everypromotedthing，显然language是everypromotedthing的一个子类，所以domain方面是符合的。同样，range方面，coach也是everypromotedthing的子类，所以range也符合。

因此，inverseofcoachcanspeaklanguage的所有实例都属于relatedto的实例，因为它们的domain和range都是更具体的类别，而relatedto的范围更广。所以，这个公理是正确的。
</think>

判断结果：正确
解释：inverseofcoachcanspeaklanguage的domain是language，range是coach，而relatedto的domain和range都是everypromotedthing，因此inverseofcoachcanspeaklanguage是relatedto的子属性。",inverseofcoachcanspeaklanguage的domain是language，range是coach，而relatedto的domain和range都是everypromotedthing，因此inverseofcoachcanspeaklanguage是relatedto的子属性。,,,
deepseek-ai/DeepSeek-R1-Distill-Qwen-32B,hard_case_0305,subPropertyOf,clipNumber ⊑p position,"背景知识：
条目1：
- 名称：clipNumber
- 类型：Property
- 简介：Position of the clip within an ordered group of clips.
- 补充信息：domainIncludes: http://schema.org/Clip | rangeIncludes: http://schema.org/Integer, http://schema.org/Text

条目2：
- 名称：position
- 类型：Property
- 简介：The position of an item in a series or sequence of items.
- 补充信息：domainIncludes: http://schema.org/CreativeWork, http://schema.org/ListItem | rangeIncludes: http://schema.org/Integer, http://schema.org/Text","嗯，我现在需要判断这个RDFS公理是否正确。公理是clipNumber ⊑p position，也就是clipNumber是position的子属性。首先，我得理解这两个属性的定义和背景知识。

根据背景知识，clipNumber的类型是Property，简介是表示剪辑在有序剪辑组中的位置。补充信息显示，它的domain是Clip，range包括Integer和Text。而position也是一个Property，简介是表示项目在系列或序列中的位置，domain包括CreativeWork和ListItem，range同样包括Integer和Text。

接下来，我需要分析这两个属性的语义关系。clipNumber专门用于描述Clip的位置，而position则更广泛，适用于CreativeWork和ListItem。从语义上看，clipNumber可以看作是position的一个具体应用，因为Clip可能属于CreativeWork的一种，所以clipNumber的位置信息可以被position所涵盖。

根据RDFS的subPropertyOf规则，如果clipNumber的domain和range都是position的子集或相等，那么clipNumber可以是position的子属性。这里，clipNumber的domain是Clip，而position的domain包括CreativeWork，假设Clip是CreativeWork的子类，那么clipNumber的domain确实在position的domain范围内。此外，两者的range都是Integer和Text，完全一致。

因此，clipNumber作为position的子属性是合理的，符合RDFS的语义规则。所以，这个公理是正确的。
</think>

判断结果：正确
解释：clipNumber是position的子属性，因为clipNumber的语义范围和约束条件与position相匹配，clipNumber的domain和range都是position的子集或相等。",clipNumber是position的子属性，因为clipNumber的语义范围和约束条件与position相匹配，clipNumber的domain和range都是position的子集或相等。,,,
deepseek-ai/DeepSeek-R1-Distill-Qwen-32B,hard_case_0065,subPropertyOf,rankingWins ⊑p Wins,"背景知识：
条目1：
- 名称：rankingWins
- 类型：Property
- 简介：ranking wins

条目2：
- 名称：Wins
- 类型：Unknown
- 简介：Wins","好的，我现在需要分析给定的RDFS公理是否正确。公理是rankingWins ⊑p Wins，也就是rankingWins是Wins的子属性。首先，我得理解这两个属性的含义。

根据背景知识，rankingWins是一个属性，简介是“ranking wins”，可能指的是排名中的胜利次数。而Wins的类型是Unknown，简介是“Wins”，可能指的是总的胜利次数。通常，排名中的胜利次数应该属于总的胜利次数的一部分，所以从语义上看，rankingWins应该是Wins的子属性，这符合subPropertyOf的定义。

接下来，检查是否有背景知识中的冲突。Wins的类型是Unknown，但属性类型不影响subPropertyOf的判断，只要语义上是包含关系即可。因此，这个公理是合理的。
</think>

判断结果：正确
解释：rankingWins作为属性，其语义上属于Wins的子属性，符合subPropertyOf的定义。",rankingWins作为属性，其语义上属于Wins的子属性，符合subPropertyOf的定义。,,,
