数据集,模型,正例Acc,负例Acc,整体Acc,Precision,Recall,F1
dbpedia,claude_haiku,0.8236842105263158,0.8541114058355438,0.8388375165125496,0.8505434782608695,0.8236842105263158,0.8368983957219251
dbpedia,gpt_5_mini,0.8631578947368421,0.8052631578947368,0.8342105263157895,0.8159203980099502,0.8631578947368421,0.8388746803069054
dbpedia,qwen_max,0.7578947368421053,0.9578947368421052,0.8578947368421053,0.9473684210526315,0.7578947368421053,0.8421052631578947
yago,claude_haiku,0.5458333333333333,0.9583333333333334,0.7520833333333333,0.9290780141843972,0.5458333333333333,0.6876640419947506
yago,gpt_5_mini,0.5041666666666667,0.9916666666666667,0.7479166666666667,0.983739837398374,0.5041666666666667,0.6666666666666666
yago,qwen_max,0.5125,0.9958333333333333,0.7541666666666667,0.9919354838709677,0.5125,0.6758241758241759
nell,claude_haiku,0.8333333333333334,1.0,0.9166666666666666,1.0,0.8333333333333334,0.9090909090909091
nell,gpt_5_mini,0.8833333333333333,0.9916317991631799,0.9373695198329853,0.9906542056074766,0.8833333333333333,0.933920704845815
nell,qwen_max,0.9583333333333334,0.9875,0.9729166666666667,0.9871244635193133,0.9583333333333334,0.9725158562367865
