id,axiom_type,axiom_text,context_info,label,model_name,temperature,max_tokens,base_url,model_output,model_label,is_correct,error
hard_case_0001,subClassOf,Airline ⊑ PublicTransitSystem,"背景知识：
条目1：
- 名称：Airline
- 类型：Class
- 简介：airline

条目2：
- 名称：PublicTransitSystem
- 类型：Class
- 简介：A public transit system is a shared passenger transportation service which is available for use by the general public. Public transport modes include buses, trolleybuses, trams and trains, 'rapid transit' (metro/subways/undergrounds etc) an...",1,qwen-max-0125,0.0,8192,https://api2.aigcbest.top/v1,"判断结果：正确  
解释：根据背景知识，航空公司（Airline）可以被视为一种公共交通系统（PublicTransitSystem），因为它们都提供公共客运服务，符合RDFS中subClassOf的语义规则。",1,1,
hard_case_0002,subClassOf,Album ⊑ MusicalWork,"背景知识：
条目1：
- 名称：Album
- 类型：Class
- 简介：album

条目2：
- 名称：MusicalWork
- 类型：Class
- 简介：musical work",1,qwen-max-0125,0.0,8192,https://api2.aigcbest.top/v1,"判断结果：正确  
解释：根据背景知识，Album是音乐专辑，MusicalWork是音乐作品，专辑属于作品的一种，因此Album是MusicalWork的子类，符合subClassOf语义规则。",1,1,
hard_case_0003,subClassOf,Ambassador ⊑ Politician,"背景知识：
条目1：
- 名称：Ambassador
- 类型：Class
- 简介：An ambassador is the highest ranking diplomat that represents a nation and is usually accredited to a foreign sovereign or government, or to an international organization.

条目2：
- 名称：Politician
- 类型：Class
- 简介：politician",1,qwen-max-0125,0.0,8192,https://api2.aigcbest.top/v1,"判断结果：正确  
解释：根据背景知识，Ambassador是代表国家的高级外交官，属于Politician的一种特殊角色，符合RDFS中subClassOf的语义规则。",1,1,
hard_case_0010,subClassOf,Attack ⊑ SocietalEvent,"背景知识：
条目1：
- 名称：Attack
- 类型：Class
- 简介：An Attack is not necessarily part of a Military Conflict

条目2：
- 名称：SocietalEvent
- 类型：Class
- 简介：an event that is clearly different from strictly personal events",1,qwen-max-0125,0.0,8192,https://api2.aigcbest.top/v1,"判断结果：正确  
解释：根据背景知识，Attack 是一种事件，而 SocietalEvent 表示与个人事件不同的社会性事件，Attack 可以被合理地视为 SocietalEvent 的子类。",1,1,
hard_case_0015,subClassOf,ChristianBishop ⊑ Archbishop,"背景知识：
条目1：
- 名称：ChristianBishop
- 类型：Class
- 简介：Christian Bishop

条目2：
- 名称：Archbishop
- 类型：Class
- 简介：archbishop",0,qwen-max-0125,0.0,8192,https://api2.aigcbest.top/v1,"判断结果：错误  
解释：根据背景知识，ChristianBishop和Archbishop是两个独立的类，未表明ChristianBishop一定是Archbishop的子类，因此该公理与背景知识不符。",0,1,
hard_case_0017,subClassOf,Eukaryote ⊑ Animal,"背景知识：
条目1：
- 名称：Eukaryote
- 类型：Class
- 简介：eukaryote

条目2：
- 名称：Animal
- 类型：Class
- 简介：animal",0,qwen-max-0125,0.0,8192,https://api2.aigcbest.top/v1,"判断结果：错误  
解释：根据背景知识和常识，Eukaryote（真核生物）是一个更大的类，包含Animal（动物）等多个子类，而公理“Eukaryote ⊑ Animal”错误地表示所有真核生物都是动物。",0,1,
hard_case_0019,subClassOf,GridironFootballPlayer ⊑ AmericanFootballPlayer,"背景知识：
条目1：
- 名称：GridironFootballPlayer
- 类型：Class
- 简介：Gradiron football, also called North American football, is a family of soccer team games played primarily in the United States and Canada.

条目2：
- 名称：AmericanFootballPlayer
- 类型：Class
- 简介：american football player",0,qwen-max-0125,0.0,8192,https://api2.aigcbest.top/v1,"判断结果：错误  
解释：根据背景知识，GridironFootballPlayer包含更广泛的概念（如北美橄榄球），而AmericanFootballPlayer是其子集，因此该公理与subClassOf的语义规则冲突。",0,1,
hard_case_0020,subClassOf,Person ⊑ Animal,"背景知识：
条目1：
- 名称：Person
- 类型：Class
- 简介：person

条目2：
- 名称：Animal
- 类型：Class
- 简介：animal",1,qwen-max-0125,0.0,8192,https://api2.aigcbest.top/v1,"判断结果：正确  
解释：根据背景知识和常识，Person是Animal的一个子类，符合RDFS中subClassOf的语义规则，表示Person的所有实例也是Animal的实例。",1,1,
hard_case_0021,subClassOf,PopulatedPlace ⊑ Agglomeration,"背景知识：
条目1：
- 名称：PopulatedPlace
- 类型：Class
- 简介：As defined by the United States Geological Survey, a populated place is a place or area with clustered or scattered buildings and a permanent human population (city, settlement, town, or village) referenced with geographic coordinates (http...

条目2：
- 名称：Agglomeration
- 类型：Class
- 简介：agglomeration",0,qwen-max-0125,0.0,8192,https://api2.aigcbest.top/v1,"判断结果：错误  
解释：根据背景知识，PopulatedPlace指有人口居住的地方，而Agglomeration表示集聚体，二者语义上不存在明显的包含关系，因此公理PopulatedPlace ⊑ Agglomeration与语义规则冲突。",0,1,
hard_case_0022,subClassOf,TopicalConcept ⊑ Type,"背景知识：
条目1：
- 名称：TopicalConcept
- 类型：Class
- 简介：topical concept

条目2：
- 名称：Type
- 类型：Class
- 简介：a category within a classification system",0,qwen-max-0125,0.0,8192,https://api2.aigcbest.top/v1,"判断结果：错误  
解释：根据背景知识，TopicalConcept和Type是两个独立的类，没有明确的包含关系表明TopicalConcept一定是Type的子类。",0,1,
hard_case_0024,subPropertyOf,Wins ⊑p rankingWins,"背景知识：
条目1：
- 名称：Wins
- 类型：Unknown
- 简介：Wins

条目2：
- 名称：rankingWins
- 类型：Property
- 简介：ranking wins",0,qwen-max-0125,0.0,8192,https://api2.aigcbest.top/v1,"判断结果：错误  
解释：根据背景知识，Wins的类型未知，无法确定其与rankingWins的属性关系，且RDFS中类与属性之间不存在直接的subPropertyOf关系。",0,1,
hard_case_0025,subPropertyOf,administrativeHeadCity ⊑p capital,"背景知识：
条目1：
- 名称：administrativeHeadCity
- 类型：Property
- 简介：city where stand the administrative power

条目2：
- 名称：capital
- 类型：Property
- 简介：capital",0,qwen-max-0125,0.0,8192,https://api2.aigcbest.top/v1,"判断结果：错误  
解释：根据背景知识，administrativeHeadCity和capital是两个不同的属性，前者表示行政权力所在城市，后者表示首都，二者并无明确的包含关系，因此该公理与语义规则冲突。",0,1,
hard_case_0028,subPropertyOf,championInMixedDouble ⊑p championInDouble,"背景知识：
条目1：
- 名称：championInMixedDouble
- 类型：Property
- 简介：winner of a competition in the mixed double session (as in tennis)

条目2：
- 名称：championInDouble
- 类型：Property
- 简介：winner of a competition in the double session (as in tennis)",1,qwen-max-0125,0.0,8192,https://api2.aigcbest.top/v1,"判断结果：正确  
解释：根据背景知识，championInMixedDouble 是混合双打比赛的获胜者，而 championInDouble 是双打比赛的获胜者，混合双打是双打的一种特殊形式，因此 championInMixedDouble 是 championInDouble 的子属性，符合 subPropertyOf 语义规则。",1,1,
hard_case_0030,subPropertyOf,code ⊑p brinCode,"背景知识：
条目1：
- 名称：code
- 类型：Property
- 简介：Superproperty for any designation (string, integer as string) that is meant to identify an entity within the context of a system

条目2：
- 名称：brinCode
- 类型：Property
- 简介：The code used by the Dutch Ministry of Education to identify a school (as an organisation)",0,qwen-max-0125,0.0,8192,https://api2.aigcbest.top/v1,"判断结果：错误  
解释：根据背景知识，code是brinCode的超属性，而公理code ⊑p brinCode表示code是brinCode的子属性，与背景知识冲突。",0,1,
hard_case_0031,subPropertyOf,code ⊑p codeListOfHonour,"背景知识：
条目1：
- 名称：code
- 类型：Property
- 简介：Superproperty for any designation (string, integer as string) that is meant to identify an entity within the context of a system

条目2：
- 名称：codeListOfHonour
- 类型：Property
- 简介：code on List of Honour",0,qwen-max-0125,0.0,8192,https://api2.aigcbest.top/v1,"判断结果：错误  
解释：根据背景知识，code是用于标识系统中实体的超属性，而codeListOfHonour是特定场景下的属性，二者无明确包含关系，违反了subPropertyOf的语义规则。",0,1,
hard_case_0032,subPropertyOf,code ⊑p codeStockExchange,"背景知识：
条目1：
- 名称：code
- 类型：Property
- 简介：Superproperty for any designation (string, integer as string) that is meant to identify an entity within the context of a system

条目2：
- 名称：codeStockExchange
- 类型：Property
- 简介：code Stock Exchange",0,qwen-max-0125,0.0,8192,https://api2.aigcbest.top/v1,"判断结果：错误  
解释：根据背景知识，code是用于标识实体的超级属性，而codeStockExchange是具体的属性，二者无明确的包含关系，因此该公理与语义规则冲突。",0,1,
hard_case_0033,subPropertyOf,code ⊑p cosparId,"背景知识：
条目1：
- 名称：code
- 类型：Property
- 简介：Superproperty for any designation (string, integer as string) that is meant to identify an entity within the context of a system

条目2：
- 名称：cosparId
- 类型：Property
- 简介：Described at http://en.wikipedia.org/wiki/International_Designator",0,qwen-max-0125,0.0,8192,https://api2.aigcbest.top/v1,"判断结果：错误  
解释：根据背景知识，code是任何用于标识系统中实体的超级属性，而cosparId是一个特定的国际标识符属性，两者并无明确的包含关系，因此公理code ⊑p cosparId与语义规则冲突。",0,1,
hard_case_0034,subPropertyOf,code ⊑p dfE,"背景知识：
条目1：
- 名称：code
- 类型：Property
- 简介：Superproperty for any designation (string, integer as string) that is meant to identify an entity within the context of a system

条目2：
- 名称：dfE
- 类型：Property
- 简介：Department for Education (UK) number of a school in England or Wales",0,qwen-max-0125,0.0,8192,https://api2.aigcbest.top/v1,"判断结果：错误  
解释：根据背景知识，code是用于标识系统中实体的超属性，而dfE是特定于英国教育部学校编号的属性，两者无明确的包含关系，因此code ⊑p dfE不符合RDFS语义规则。",0,1,
hard_case_0035,subPropertyOf,code ⊑p dutchNAIdentifier,"背景知识：
条目1：
- 名称：code
- 类型：Property
- 简介：Superproperty for any designation (string, integer as string) that is meant to identify an entity within the context of a system

条目2：
- 名称：dutchNAIdentifier
- 类型：Property
- 简介：Identifier for Duch National Archive",0,qwen-max-0125,0.0,8192,https://api2.aigcbest.top/v1,"判断结果：错误  
解释：根据背景知识，code是任何用于标识系统中实体的超级属性，而dutchNAIdentifier是特定于荷兰国家档案馆的标识符属性，两者之间不存在明确的包含关系，因此该公理与语义规则冲突。",0,1,
hard_case_0036,subPropertyOf,code ⊑p dutchPPNCode,"背景知识：
条目1：
- 名称：code
- 类型：Property
- 简介：Superproperty for any designation (string, integer as string) that is meant to identify an entity within the context of a system

条目2：
- 名称：dutchPPNCode
- 类型：Property
- 简介：Dutch PPN code is a library cataloguing code for collection items (books, journals and the like).",0,qwen-max-0125,0.0,8192,https://api2.aigcbest.top/v1,"判断结果：错误  
解释：根据背景知识，code是任何用于标识系统中实体的超级属性，而dutchPPNCode是特定的荷兰图书馆编目代码，两者之间不存在包含关系，因此该公理与语义规则冲突。",0,1,
hard_case_0037,subPropertyOf,code ⊑p dutchWinkelID,"背景知识：
条目1：
- 名称：code
- 类型：Property
- 简介：Superproperty for any designation (string, integer as string) that is meant to identify an entity within the context of a system

条目2：
- 名称：dutchWinkelID
- 类型：Property
- 简介：Dutch Winkel ID is a code for an underground publication, as attributed by Lydia Winkel's work on the underground WW II press in the Netherlands.",0,qwen-max-0125,0.0,8192,https://api2.aigcbest.top/v1,"判断结果：错误  
解释：根据背景知识，dutchWinkelID是code的一种具体实现，而公理code ⊑p dutchWinkelID表示code是dutchWinkelID的子属性，这与RDFS语义规则和常识相冲突。",0,1,
hard_case_0039,subPropertyOf,code ⊑p individualisedGnd,"背景知识：
条目1：
- 名称：code
- 类型：Property
- 简介：Superproperty for any designation (string, integer as string) that is meant to identify an entity within the context of a system

条目2：
- 名称：individualisedGnd
- 类型：Property
- 简介：GND (Gemeinsame Normdatei) is an international authority file for the organisation of personal names, subject headings and corporate bodies from catalogues. It is used mainly for documentation in libraries and archives. The GND is managed b...",0,qwen-max-0125,0.0,8192,https://api2.aigcbest.top/v1,"判断结果：错误  
解释：根据背景知识，code和individualisedGnd是两个独立的属性，且没有信息表明code是individualisedGnd的子属性，因此该公理与背景知识不符。",0,1,
hard_case_0041,subPropertyOf,codeSettlement ⊑p inseeCode,"背景知识：
条目1：
- 名称：codeSettlement
- 类型：Property
- 简介：settlement code

条目2：
- 名称：inseeCode
- 类型：Property
- 简介：numerical indexing code used by the French National Institute for Statistics and Economic Studies (INSEE) to identify various entities",0,qwen-max-0125,0.0,8192,https://api2.aigcbest.top/v1,"判断结果：错误  
解释：根据背景知识，codeSettlement和inseeCode是两种不同的属性，且无信息表明前者是后者的子属性，因此该公理与背景知识冲突。",0,1,
hard_case_0042,subPropertyOf,colourHexCode ⊑p code,"背景知识：
条目1：
- 名称：colourHexCode
- 类型：Property
- 简介：A colour represented by its hex code (e.g.: #FF0000 or #40E0D0)

条目2：
- 名称：code
- 类型：Property
- 简介：Superproperty for any designation (string, integer as string) that is meant to identify an entity within the context of a system",1,qwen-max-0125,0.0,8192,https://api2.aigcbest.top/v1,"判断结果：正确  
解释：根据背景知识，colourHexCode 是一种特定的标识属性，而 code 是更通用的标识属性，符合 subPropertyOf 的语义规则，即 colourHexCode 是 code 的子属性。",1,1,
hard_case_0049,subPropertyOf,followedBy ⊑p nextMission,"背景知识：
条目1：
- 名称：followedBy
- 类型：Property
- 简介：followed by

条目2：
- 名称：nextMission
- 类型：Property
- 简介：next mission",0,qwen-max-0125,0.0,8192,https://api2.aigcbest.top/v1,"判断结果：错误  
解释：根据背景知识，followedBy和nextMission是两个独立的属性，语义上并无明显的包含关系，因此followedBy ⊑p nextMission不符合RDFS的subPropertyOf语义规则。",0,1,
hard_case_0056,subPropertyOf,keyPerson ⊑p commandant,"背景知识：
条目1：
- 名称：keyPerson
- 类型：Property
- 简介：key person

条目2：
- 名称：commandant
- 类型：Property
- 简介：commandant",0,qwen-max-0125,0.0,8192,https://api2.aigcbest.top/v1,"判断结果：错误  
解释：根据背景知识，keyPerson和commandant是两种不同的属性，没有明确的语义或常识表明keyPerson一定是commandant的子属性。",0,1,
hard_case_0069,domain,domain(acquirementDate) = Planet,"背景知识：
条目1：
- 名称：acquirementDate
- 类型：Property
- 简介：date of acquirement

条目2：
- 名称：Planet
- 类型：Class
- 简介：planet",0,qwen-max-0125,0.0,8192,https://api2.aigcbest.top/v1,"判断结果：错误  
解释：根据背景知识，acquirementDate是一个日期属性，而Planet是一个类，二者语义上无直接关联，domain规则要求属性主体属于某一类，但日期属性的主体通常不是行星类。",0,1,
hard_case_0071,domain,domain(address) = Place,"背景知识：
条目1：
- 名称：address
- 类型：Property
- 简介：Address of something as literal. Usually Building, but we also use it for the address of a Region's or Settlement's government

条目2：
- 名称：Place
- 类型：Class
- 简介：place",1,qwen-max-0125,0.0,8192,https://api2.aigcbest.top/v1,"判断结果：正确  
解释：根据背景知识，address属性描述某事物的地址，而Place类表示地点，语义上地址的主体可以是地点，符合domain(address) = Place的约束。",1,1,
hard_case_0072,domain,domain(administrativeDistrict) = EducationalInstitution,"背景知识：
条目1：
- 名称：administrativeDistrict
- 类型：Property
- 简介：administrative district

条目2：
- 名称：EducationalInstitution
- 类型：Class
- 简介：educational institution",0,qwen-max-0125,0.0,8192,https://api2.aigcbest.top/v1,"判断结果：错误  
解释：根据背景知识，administrativeDistrict是一个属性，而EducationalInstitution是一个类，将administrativeDistrict的主体限定为EducationalInstitution与常识不符，因为行政区域通常与地理或行政区划相关，而非教育机构。",0,1,
hard_case_0073,domain,domain(agency) = BaseballPlayer,"背景知识：
条目1：
- 名称：agency
- 类型：Property
- 简介：agency

条目2：
- 名称：BaseballPlayer
- 类型：Class
- 简介：baseball player",0,qwen-max-0125,0.0,8192,https://api2.aigcbest.top/v1,"判断结果：错误  
解释：根据背景知识，agency是一个属性，而BaseballPlayer是一个类，domain(agency) = BaseballPlayer表示agency的主体必须是BaseballPlayer，但背景知识未表明agency与BaseballPlayer之间存在此类约束关系，因此该公理不合理。",0,1,
hard_case_0076,domain,domain(alliance) = BaseballPlayer,"背景知识：
条目1：
- 名称：alliance
- 类型：Property
- 简介：alliance

条目2：
- 名称：BaseballPlayer
- 类型：Class
- 简介：baseball player",0,qwen-max-0125,0.0,8192,https://api2.aigcbest.top/v1,"判断结果：错误  
解释：根据背景知识，alliance是一个Property，而BaseballPlayer是一个Class，但没有信息表明alliance的主体必须是BaseballPlayer，因此该domain约束与背景知识不符。",0,1,
hard_case_0078,domain,domain(aoCloassification) = SpaceMission,"背景知识：
条目1：
- 名称：aoCloassification
- 类型：Property
- 简介：AO

条目2：
- 名称：SpaceMission
- 类型：Class
- 简介：space mission",0,qwen-max-0125,0.0,8192,https://api2.aigcbest.top/v1,"判断结果：错误  
解释：背景知识中未表明aoCloassification的主体必须属于SpaceMission类，因此该domain约束与已知信息冲突。",0,1,
hard_case_0079,domain,domain(apoapsis) = Ship,"背景知识：
条目1：
- 名称：apoapsis
- 类型：Property
- 简介：apoapsis (km)

条目2：
- 名称：Ship
- 类型：Class
- 简介：ship",0,qwen-max-0125,0.0,8192,https://api2.aigcbest.top/v1,"判断结果：错误  
解释：根据背景知识，apoapsis是一个属性，而Ship是一个类，但没有信息表明apoapsis的主体必须属于Ship类，因此该domain约束与背景知识不符。",0,1,
hard_case_0082,domain,domain(archipelago) = School,"背景知识：
条目1：
- 名称：archipelago
- 类型：Property
- 简介：archipelago

条目2：
- 名称：School
- 类型：Class
- 简介：school",0,qwen-max-0125,0.0,8192,https://api2.aigcbest.top/v1,"判断结果：错误  
解释：根据背景知识，archipelago是属性而School是类，但没有信息表明archipelago的主体必须属于School，因此该domain约束与背景知识不符。",0,1,
hard_case_0084,domain,domain(architect) = Ship,"背景知识：
条目1：
- 名称：architect
- 类型：Property
- 简介：architect

条目2：
- 名称：Ship
- 类型：Class
- 简介：ship",0,qwen-max-0125,0.0,8192,https://api2.aigcbest.top/v1,"判断结果：错误  
解释：根据背景知识，architect是一个属性，而Ship是一个类，domain(architect) = Ship表示architect的主体必须是Ship，这与常识不符，因为建筑师通常与建筑物相关，而不是船。",0,1,
hard_case_0086,domain,domain(areaLand) = Island,"背景知识：
条目1：
- 名称：areaLand
- 类型：Property
- 简介：area land (m2)

条目2：
- 名称：Island
- 类型：Class
- 简介：island",0,qwen-max-0125,0.0,8192,https://api2.aigcbest.top/v1,"判断结果：错误  
解释：根据背景知识，areaLand是一个属性，而Island是一个类，但没有信息表明areaLand的主体必须是Island，因此该domain约束与背景知识不符。",0,1,
hard_case_0089,domain,domain(argueDate) = PowerStation,"背景知识：
条目1：
- 名称：argueDate
- 类型：Property
- 简介：argue date

条目2：
- 名称：PowerStation
- 类型：Class
- 简介：power station",0,qwen-max-0125,0.0,8192,https://api2.aigcbest.top/v1,"判断结果：错误  
解释：根据背景知识，argueDate是一个属性，而PowerStation是一个类，domain(argueDate) = PowerStation表示argueDate的主体必须属于PowerStation类，这与常识和语义规则不符，因为“argue date”通常与日期相关，而非与“power station”相关。",0,1,
hard_case_0091,domain,domain(associatedRocket) = Saint,"背景知识：
条目1：
- 名称：associatedRocket
- 类型：Property
- 简介：associated rocket

条目2：
- 名称：Saint
- 类型：Class
- 简介：saint",0,qwen-max-0125,0.0,8192,https://api2.aigcbest.top/v1,"判断结果：错误  
解释：根据背景知识，associatedRocket是一个属性，而Saint是一个类，但没有信息表明associatedRocket的主体必须属于Saint类，因此该domain约束与背景知识不符。",0,1,
hard_case_0097,domain,domain(decideDate) = PowerStation,"背景知识：
条目1：
- 名称：decideDate
- 类型：Property
- 简介：decide date

条目2：
- 名称：PowerStation
- 类型：Class
- 简介：power station",0,qwen-max-0125,0.0,8192,https://api2.aigcbest.top/v1,"判断结果：错误  
解释：根据背景知识，decideDate是一个属性，而PowerStation是一个类，domain定义了属性的主体应属于某一类，但没有信息表明“决定日期”与“发电站”之间存在合理的语义关联。",0,1,
hard_case_0098,domain,domain(density) = Infrastructure,"背景知识：
条目1：
- 名称：density
- 类型：Property
- 简介：density (μ3)

条目2：
- 名称：Infrastructure
- 类型：Class
- 简介：infrastructure",0,qwen-max-0125,0.0,8192,https://api2.aigcbest.top/v1,"判断结果：错误  
解释：根据背景知识，density是一个属性，而Infrastructure是一个类，但没有信息表明density的主体必须属于Infrastructure类，因此该domain约束与背景知识不符。",0,1,
hard_case_0100,domain,domain(diameter) = Automobile,"背景知识：
条目1：
- 名称：diameter
- 类型：Property
- 简介：diameter (mm)

条目2：
- 名称：Automobile
- 类型：Class
- 简介：automobile",0,qwen-max-0125,0.0,8192,https://api2.aigcbest.top/v1,"判断结果：错误  
解释：根据背景知识，diameter是一个属性，而Automobile是一个类，将diameter的domain定义为Automobile不符合常识语义，因为“直径”通常与圆形或物体相关，而非直接与汽车类关联。",0,1,
hard_case_0103,domain,domain(firstLaunchDate) = Drug,"背景知识：
条目1：
- 名称：firstLaunchDate
- 类型：Property
- 简介：first launch date

条目2：
- 名称：Drug
- 类型：Class
- 简介：drug",0,qwen-max-0125,0.0,8192,https://api2.aigcbest.top/v1,"判断结果：错误  
解释：根据背景知识，firstLaunchDate是一个属性，而Drug是一个类，但没有信息表明firstLaunchDate的主体必须是Drug，因此该domain约束与背景知识不符。",0,1,
hard_case_0105,domain,domain(firstLaunchRocket) = LaunchPad,"背景知识：
条目1：
- 名称：firstLaunchRocket
- 类型：Property
- 简介：first launch rocket

条目2：
- 名称：LaunchPad
- 类型：Class
- 简介：launch pad",1,qwen-max-0125,0.0,8192,https://api2.aigcbest.top/v1,"判断结果：正确  
解释：根据背景知识，firstLaunchRocket是一个属性，而LaunchPad是一个类，domain(firstLaunchRocket) = LaunchPad表示该属性的主体必须属于LaunchPad类，这符合RDFS语义规则且与背景知识一致。",1,1,
hard_case_0106,domain,domain(firstLaunchRocket) = Scientist,"背景知识：
条目1：
- 名称：firstLaunchRocket
- 类型：Property
- 简介：first launch rocket

条目2：
- 名称：Scientist
- 类型：Class
- 简介：scientist",0,qwen-max-0125,0.0,8192,https://api2.aigcbest.top/v1,"判断结果：错误  
解释：根据背景知识，firstLaunchRocket是一个Property，而Scientist是一个Class，但没有信息表明firstLaunchRocket的主体必须是Scientist，因此该domain约束与背景知识不符。",0,1,
hard_case_0108,domain,domain(height) = ChemicalSubstance,"背景知识：
条目1：
- 名称：height
- 类型：Property
- 简介：height (mm)

条目2：
- 名称：ChemicalSubstance
- 类型：Class
- 简介：chemical substance",0,qwen-max-0125,0.0,8192,https://api2.aigcbest.top/v1,"判断结果：错误  
解释：根据背景知识，height是一个表示高度的属性，而ChemicalSubstance是化学物质的类，二者无直接语义关联，且RDFS语义规则中domain应描述属性适用的主体类别，此处将height的主体限定为ChemicalSubstance不符合常识和逻辑。",0,1,
hard_case_0110,domain,domain(height) = Settlement,"背景知识：
条目1：
- 名称：height
- 类型：Property
- 简介：height (cm)

条目2：
- 名称：Settlement
- 类型：Class
- 简介：settlement",0,qwen-max-0125,0.0,8192,https://api2.aigcbest.top/v1,"判断结果：错误  
解释：根据背景知识，height是一个属性，而Settlement是一个类，但没有信息表明高度属性的主体必须是定居点，因此该domain约束与背景知识不符。",0,1,
hard_case_0111,domain,domain(lastLaunchDate) = LaunchPad,"背景知识：
条目1：
- 名称：lastLaunchDate
- 类型：Property
- 简介：last launch date

条目2：
- 名称：LaunchPad
- 类型：Class
- 简介：launch pad",1,qwen-max-0125,0.0,8192,https://api2.aigcbest.top/v1,"判断结果：正确  
解释：根据背景知识，lastLaunchDate是一个属性，而LaunchPad是一个类，domain定义了属性的主体类别，语义上可以合理表示“lastLaunchDate的主体属于LaunchPad类”。",1,1,
hard_case_0112,domain,domain(lastLaunchRocket) = LaunchPad,"背景知识：
条目1：
- 名称：lastLaunchRocket
- 类型：Property
- 简介：last launch rocket

条目2：
- 名称：LaunchPad
- 类型：Class
- 简介：launch pad",1,qwen-max-0125,0.0,8192,https://api2.aigcbest.top/v1,"判断结果：正确  
解释：根据背景知识，lastLaunchRocket是一个属性，而LaunchPad是一个类，domain定义了属性的主体类别，语义上合理且符合RDFS规则。",1,1,
hard_case_0113,domain,domain(lastLaunchRocket) = Place,"背景知识：
条目1：
- 名称：lastLaunchRocket
- 类型：Property
- 简介：last launch rocket

条目2：
- 名称：Place
- 类型：Class
- 简介：place",0,qwen-max-0125,0.0,8192,https://api2.aigcbest.top/v1,"判断结果：错误  
解释：根据背景知识，lastLaunchRocket是一个属性，而Place是一个类，但没有信息表明lastLaunchRocket的主体必须属于Place类，因此该domain约束与背景知识不符。",0,1,
hard_case_0118,domain,domain(mass) = Planet,"背景知识：
条目1：
- 名称：mass
- 类型：Property
- 简介：mass (kg)

条目2：
- 名称：Planet
- 类型：Class
- 简介：planet",1,qwen-max-0125,0.0,8192,https://api2.aigcbest.top/v1,"判断结果：正确  
解释：根据背景知识，mass是一个属性，Planet是一个类，domain(mass) = Planet表示属性mass的主体必须属于Planet类，这符合RDFS语义规则且与常识一致。",1,1,
hard_case_0120,domain,domain(meanTemperature) = ChemicalSubstance,"背景知识：
条目1：
- 名称：meanTemperature
- 类型：Property
- 简介：mean temperature (K)

条目2：
- 名称：ChemicalSubstance
- 类型：Class
- 简介：chemical substance",0,qwen-max-0125,0.0,8192,https://api2.aigcbest.top/v1,"判断结果：错误  
解释：根据背景知识，meanTemperature描述的是温度属性，而ChemicalSubstance表示化学物质类，温度属性的主体通常不是化学物质，因此该domain约束与语义不符。",0,1,
hard_case_0122,domain,domain(minimumTemperature) = EducationalInstitution,"背景知识：
条目1：
- 名称：minimumTemperature
- 类型：Property
- 简介：minimum temperature (K)

条目2：
- 名称：EducationalInstitution
- 类型：Class
- 简介：educational institution",0,qwen-max-0125,0.0,8192,https://api2.aigcbest.top/v1,"判断结果：错误  
解释：根据背景知识，minimumTemperature是一个表示最低温度的属性，而EducationalInstitution是一个表示教育机构的类，二者在语义上无直接关联，domain约束不符合常识和RDFS语义规则。",0,1,
hard_case_0124,domain,domain(nciId) = AdministrativeRegion,"背景知识：
条目1：
- 名称：nciId
- 类型：Property
- 简介：NCI

条目2：
- 名称：AdministrativeRegion
- 类型：Class
- 简介：A PopulatedPlace under the jurisdiction of an administrative body. This body may administer either a whole region or one or more adjacent Settlements (town administration)",0,qwen-max-0125,0.0,8192,https://api2.aigcbest.top/v1,"判断结果：错误  
解释：根据背景知识，nciId是一个Property，而AdministrativeRegion是一个Class，但没有任何信息表明nciId的主体必须属于AdministrativeRegion，因此该domain约束与背景知识不符。",0,1,
hard_case_0126,domain,domain(numberOfClassrooms) = AdministrativeRegion,"背景知识：
条目1：
- 名称：numberOfClassrooms
- 类型：Property
- 简介：number of classrooms

条目2：
- 名称：AdministrativeRegion
- 类型：Class
- 简介：A PopulatedPlace under the jurisdiction of an administrative body. This body may administer either a whole region or one or more adjacent Settlements (town administration)",0,qwen-max-0125,0.0,8192,https://api2.aigcbest.top/v1,"判断结果：错误  
解释：根据背景知识，numberOfClassrooms是描述教室数量的属性，而AdministrativeRegion表示行政区域，二者语义上无直接关联，且教室数量通常与学校或建筑物相关，而非行政区域，因此该domain约束不合理。",0,1,
hard_case_0128,domain,domain(orbitalPeriod) = Planet,"背景知识：
条目1：
- 名称：orbitalPeriod
- 类型：Property
- 简介：orbital period (μ)

条目2：
- 名称：Planet
- 类型：Class
- 简介：planet",1,qwen-max-0125,0.0,8192,https://api2.aigcbest.top/v1,"判断结果：正确  
解释：根据背景知识，orbitalPeriod是一个属性，Planet是一个类，且常识表明行星（Planet）可以具有轨道周期（orbitalPeriod），因此该公理符合RDFS中domain的语义规则。",1,1,
hard_case_0130,domain,domain(otherChannel) = Drug,"背景知识：
条目1：
- 名称：otherChannel
- 类型：Property
- 简介：other channel

条目2：
- 名称：Drug
- 类型：Class
- 简介：drug",0,qwen-max-0125,0.0,8192,https://api2.aigcbest.top/v1,"判断结果：错误  
解释：背景知识中未表明otherChannel属性的主体必须属于Drug类，因此该domain约束与已知信息冲突。",0,1,
hard_case_0131,domain,domain(periapsis) = Planet,"背景知识：
条目1：
- 名称：periapsis
- 类型：Property
- 简介：periapsis (km)

条目2：
- 名称：Planet
- 类型：Class
- 简介：planet",1,qwen-max-0125,0.0,8192,https://api2.aigcbest.top/v1,"判断结果：正确  
解释：根据背景知识，periapsis是一个属性，Planet是一个类，且语义上行星（Planet）可以具有近拱点（periapsis），因此该公理符合RDFS中domain的语义规则。",1,1,
hard_case_0133,domain,domain(populationUrbanDensity) = Island,"背景知识：
条目1：
- 名称：populationUrbanDensity
- 类型：Property
- 简介：population urban density (/sqkm)

条目2：
- 名称：Island
- 类型：Class
- 简介：island",0,qwen-max-0125,0.0,8192,https://api2.aigcbest.top/v1,"判断结果：错误  
解释：根据背景知识，populationUrbanDensity是描述人口密度的属性，而Island是表示岛屿的类，二者无直接语义关联，且人口密度的主体通常应为城市或区域而非岛屿。",0,1,
hard_case_0134,domain,domain(previousInfrastructure) = PublicTransitSystem,"背景知识：
条目1：
- 名称：previousInfrastructure
- 类型：Property
- 简介：previous infrastructure

条目2：
- 名称：PublicTransitSystem
- 类型：Class
- 简介：A public transit system is a shared passenger transportation service which is available for use by the general public. Public transport modes include buses, trolleybuses, trams and trains, 'rapid transit' (metro/subways/undergrounds etc) an...",0,qwen-max-0125,0.0,8192,https://api2.aigcbest.top/v1,"判断结果：错误  
解释：根据背景知识，previousInfrastructure的语义未表明其主体必须属于PublicTransitSystem类，因此该domain约束与背景知识不符。",0,1,
hard_case_0135,domain,domain(projectBudgetTotal) = Work,"背景知识：
条目1：
- 名称：projectBudgetTotal
- 类型：Property
- 简介：The total budget of the research project.

条目2：
- 名称：Work
- 类型：Class
- 简介：Item on which time has been spent for its realisation. Actor can be a human on not (machine, insects, nature...)",0,qwen-max-0125,0.0,8192,https://api2.aigcbest.top/v1,"判断结果：错误  
解释：根据背景知识，projectBudgetTotal表示研究项目的总预算，其主体应为项目而非Work类所描述的“花费时间实现的事项”，因此domain(projectBudgetTotal) = Work与语义不符。",0,1,
hard_case_0137,domain,domain(runtime) = Airline,"背景知识：
条目1：
- 名称：runtime
- 类型：Property
- 简介：runtime (m)

条目2：
- 名称：Airline
- 类型：Class
- 简介：airline",0,qwen-max-0125,0.0,8192,https://api2.aigcbest.top/v1,"判断结果：错误  
解释：根据背景知识，runtime是一个属性，而Airline是一个类，但没有信息表明runtime的主体必须属于Airline类，因此该domain约束与已知信息冲突。",0,1,
hard_case_0140,domain,domain(statisticYear) = ChemicalSubstance,"背景知识：
条目1：
- 名称：statisticYear
- 类型：Property
- 简介：statistic year

条目2：
- 名称：ChemicalSubstance
- 类型：Class
- 简介：chemical substance",0,qwen-max-0125,0.0,8192,https://api2.aigcbest.top/v1,"判断结果：错误  
解释：根据背景知识，statisticYear是一个属性，而ChemicalSubstance是一个类，将statisticYear的domain定义为ChemicalSubstance缺乏合理的语义关联，且不符合常识逻辑。",0,1,
hard_case_0141,domain,domain(subsequentInfrastructure) = Museum,"背景知识：
条目1：
- 名称：subsequentInfrastructure
- 类型：Property
- 简介：subsequent infrastructure

条目2：
- 名称：Museum
- 类型：Class
- 简介：museum",0,qwen-max-0125,0.0,8192,https://api2.aigcbest.top/v1,"判断结果：错误  
解释：根据背景知识，subsequentInfrastructure是一个属性，而Museum是一个类，但没有信息表明subsequentInfrastructure的主体必须属于Museum类，因此该domain约束与背景知识不符。",0,1,
hard_case_0142,domain,domain(temperature) = Biomolecule,"背景知识：
条目1：
- 名称：temperature
- 类型：Property
- 简介：temperature (K)

条目2：
- 名称：Biomolecule
- 类型：Class
- 简介：equivalent to http://ccdb.ucsd.edu/NIF/BIRNLex-OBO-UBO.owl#birnlex_22.",0,qwen-max-0125,0.0,8192,https://api2.aigcbest.top/v1,"判断结果：错误  
解释：根据背景知识，temperature是一个属性，而Biomolecule是一个类，domain(temperature) = Biomolecule表示temperature的主体必须是Biomolecule，但温度通常与物理对象或环境相关，而非生物分子，因此该公理与常识和语义规则冲突。",0,1,
hard_case_0144,domain,domain(upperAge) = Engine,"背景知识：
条目1：
- 名称：upperAge
- 类型：Property
- 简介：upper age

条目2：
- 名称：Engine
- 类型：Class
- 简介：engine",0,qwen-max-0125,0.0,8192,https://api2.aigcbest.top/v1,"判断结果：错误  
解释：根据背景知识，upperAge是一个属性，而Engine是一个类，将upperAge的定义域指定为Engine与常识和语义规则不符，因为年龄属性通常与表示实体（如人或物）的类相关，而非与“发动机”类相关。",0,1,
hard_case_0147,domain,domain(volume) = Automobile,"背景知识：
条目1：
- 名称：volume
- 类型：Property
- 简介：volume (μ³)

条目2：
- 名称：Automobile
- 类型：Class
- 简介：automobile",0,qwen-max-0125,0.0,8192,https://api2.aigcbest.top/v1,"判断结果：错误  
解释：根据背景知识，volume是一个属性，而Automobile是一个类，但没有信息表明volume的主体必须属于Automobile类，因此该domain约束与背景知识不符。",0,1,
hard_case_0149,domain,domain(volume) = Planet,"背景知识：
条目1：
- 名称：volume
- 类型：Property
- 简介：volume (km3)

条目2：
- 名称：Planet
- 类型：Class
- 简介：planet",1,qwen-max-0125,0.0,8192,https://api2.aigcbest.top/v1,"判断结果：正确  
解释：根据背景知识，volume是一个属性，Planet是一个类，domain(volume) = Planet表示属性volume的主体应属于Planet类，这符合RDFS语义规则且与常识一致。",1,1,
hard_case_0150,domain,domain(width) = MeanOfTransportation,"背景知识：
条目1：
- 名称：width
- 类型：Property
- 简介：width (mm)

条目2：
- 名称：MeanOfTransportation
- 类型：Class
- 简介：mean of transportation",1,qwen-max-0125,0.0,8192,https://api2.aigcbest.top/v1,"判断结果：正确  
解释：根据背景知识，width是一个属性，MeanOfTransportation是一个类，domain(width) = MeanOfTransportation表示width的主体必须属于MeanOfTransportation类，这符合RDFS语义规则且与常识一致。",1,1,
hard_case_0151,range,range(academicAdvisor) = College,"背景知识：
条目1：
- 名称：academicAdvisor
- 类型：Property
- 简介：academic advisor

条目2：
- 名称：College
- 类型：Class
- 简介：college",0,qwen-max-0125,0.0,8192,https://api2.aigcbest.top/v1,"判断结果：错误  
解释：根据背景知识，academicAdvisor是一个属性，而College是一个类，将academicAdvisor的range定义为College不符合常识语义，因为学术顾问通常是人而非学院。",0,1,
hard_case_0153,range,range(administrativeDistrict) = PopulatedPlace,"背景知识：
条目1：
- 名称：administrativeDistrict
- 类型：Property
- 简介：administrative district

条目2：
- 名称：PopulatedPlace
- 类型：Class
- 简介：As defined by the United States Geological Survey, a populated place is a place or area with clustered or scattered buildings and a permanent human population (city, settlement, town, or village) referenced with geographic coordinates (http...",1,qwen-max-0125,0.0,8192,https://api2.aigcbest.top/v1,"判断结果：正确  
解释：根据背景知识，administrativeDistrict 是一个属性，PopulatedPlace 是一个类，且语义上 administrativeDistrict 的客体可以合理地属于 PopulatedPlace 类，符合 range 的定义。",1,1,
hard_case_0154,range,range(affiliation) = Athlete,"背景知识：
条目1：
- 名称：affiliation
- 类型：Property
- 简介：affiliation

条目2：
- 名称：Athlete
- 类型：Class
- 简介：athlete",0,qwen-max-0125,0.0,8192,https://api2.aigcbest.top/v1,"判断结果：错误  
解释：根据背景知识，affiliation的语义未明确限定其客体必须为Athlete，因此将range(affiliation)限定为Athlete与语义规则和常识不符。",0,1,
hard_case_0155,range,range(album) = Athlete,"背景知识：
条目1：
- 名称：album
- 类型：Property
- 简介：album

条目2：
- 名称：Athlete
- 类型：Class
- 简介：athlete",0,qwen-max-0125,0.0,8192,https://api2.aigcbest.top/v1,"判断结果：错误  
解释：根据背景知识，album是一个属性，而Athlete是一个类，但常识和语义规则无法支持“专辑的客体是运动员”这一约束关系。",0,1,
hard_case_0156,range,range(alongside) = Department,"背景知识：
条目1：
- 名称：alongside
- 类型：Property
- 简介：alongside

条目2：
- 名称：Department
- 类型：Class
- 简介：department",0,qwen-max-0125,0.0,8192,https://api2.aigcbest.top/v1,"判断结果：错误  
解释：根据背景知识，alongside是一个属性，而Department是一个类，但没有信息表明alongside的客体必须属于Department类，因此该公理与背景知识不符。",0,1,
hard_case_0160,range,range(architect) = Place,"背景知识：
条目1：
- 名称：architect
- 类型：Property
- 简介：architect

条目2：
- 名称：Place
- 类型：Class
- 简介：place",0,qwen-max-0125,0.0,8192,https://api2.aigcbest.top/v1,"判断结果：错误  
解释：根据背景知识，architect是一个属性，而Place是一个类，但没有信息表明architect的客体必须属于Place类，因此该公理与背景知识不符。",0,1,
hard_case_0161,range,range(arrondissement) = Organisation,"背景知识：
条目1：
- 名称：arrondissement
- 类型：Property
- 简介：arrondissement

条目2：
- 名称：Organisation
- 类型：Class
- 简介：organisation",0,qwen-max-0125,0.0,8192,https://api2.aigcbest.top/v1,"判断结果：错误  
解释：根据背景知识，arrondissement是属性，Organisation是类，但没有信息表明arrondissement的客体必须属于Organisation类，因此该range约束与背景知识不符。",0,1,
hard_case_0163,range,range(associate) = BroadcastNetwork,"背景知识：
条目1：
- 名称：associate
- 类型：Property
- 简介：associate

条目2：
- 名称：BroadcastNetwork
- 类型：Class
- 简介：A broadcast network is an organization, such as a corporation or other association, that provides live or recorded content, such as movies, newscasts, sports, and public affairs programs for broadcast over a group of radio or television sta...",0,qwen-max-0125,0.0,8192,https://api2.aigcbest.top/v1,"判断结果：错误  
解释：根据背景知识，associate的类型为Property，而BroadcastNetwork为Class，但没有信息表明associate的客体必须属于BroadcastNetwork，因此该公理与背景知识不符。",0,1,
hard_case_0165,range,range(automobilePlatform) = Album,"背景知识：
条目1：
- 名称：automobilePlatform
- 类型：Property
- 简介：automobile platform

条目2：
- 名称：Album
- 类型：Class
- 简介：album",0,qwen-max-0125,0.0,8192,https://api2.aigcbest.top/v1,"判断结果：错误  
解释：根据背景知识，automobilePlatform是与“automobile platform”相关的属性，而Album是表示“album”的类，二者在语义上无关联，且range公理要求属性的客体属于指定类，此处明显冲突。",0,1,
hard_case_0166,range,range(automobilePlatform) = Automobile,"背景知识：
条目1：
- 名称：automobilePlatform
- 类型：Property
- 简介：automobile platform

条目2：
- 名称：Automobile
- 类型：Class
- 简介：automobile",1,qwen-max-0125,0.0,8192,https://api2.aigcbest.top/v1,"判断结果：正确  
解释：根据背景知识，automobilePlatform 是一个属性，而 Automobile 是一个类，公理表明 automobilePlatform 的客体属于 Automobile 类，符合 range 的语义规则。",1,1,
hard_case_0167,range,range(basedOn) = Band,"背景知识：
条目1：
- 名称：basedOn
- 类型：Property
- 简介：based on

条目2：
- 名称：Band
- 类型：Class
- 简介：Band",0,qwen-max-0125,0.0,8192,https://api2.aigcbest.top/v1,"判断结果：错误  
解释：根据背景知识，basedOn是一个属性，Band是一个类，但没有信息表明basedOn的客体必须属于Band类，因此该公理与背景知识不符。",0,1,
hard_case_0168,range,range(beatifiedBy) = Person,"背景知识：
条目1：
- 名称：beatifiedBy
- 类型：Property
- 简介：beatified by

条目2：
- 名称：Person
- 类型：Class
- 简介：person",1,qwen-max-0125,0.0,8192,https://api2.aigcbest.top/v1,"判断结果：正确  
解释：根据背景知识，beatifiedBy是一个属性，Person是一个类，range(beatifiedBy) = Person表示beatifiedBy的客体必须属于Person类，这符合RDFS语义规则且与常识一致。",1,1,
hard_case_0169,range,range(billed) = Award,"背景知识：
条目1：
- 名称：billed
- 类型：Property
- 简介：billed

条目2：
- 名称：Award
- 类型：Class
- 简介：award",0,qwen-max-0125,0.0,8192,https://api2.aigcbest.top/v1,"判断结果：错误  
解释：根据背景知识，billed是一个属性，而Award是一个类，但没有信息表明billed的客体必须属于Award类，因此该公理与背景知识不符。",0,1,
hard_case_0172,range,range(canonizedBy) = Person,"背景知识：
条目1：
- 名称：canonizedBy
- 类型：Property
- 简介：canonized by

条目2：
- 名称：Person
- 类型：Class
- 简介：person",1,qwen-max-0125,0.0,8192,https://api2.aigcbest.top/v1,"判断结果：正确  
解释：根据背景知识，canonizedBy是一个属性，Person是一个类，公理表明canonizedBy的客体属于Person类，符合RDFS中range的语义规则。",1,1,
hard_case_0173,range,range(canonizedPlace) = College,"背景知识：
条目1：
- 名称：canonizedPlace
- 类型：Property
- 简介：canonized place

条目2：
- 名称：College
- 类型：Class
- 简介：college",0,qwen-max-0125,0.0,8192,https://api2.aigcbest.top/v1,"判断结果：错误  
解释：根据背景知识，canonizedPlace是一个属性，而College是一个类，但没有信息表明canonizedPlace的客体必须属于College类，因此该range约束与背景知识不符。",0,1,
hard_case_0174,range,range(canton) = CareerStation,"背景知识：
条目1：
- 名称：canton
- 类型：Property
- 简介：canton

条目2：
- 名称：CareerStation
- 类型：Class
- 简介：this class marks a career step in the life of a person, e.g. a soccer player, holding information on the time span, matches and goals he or she achieved at a certain club",0,qwen-max-0125,0.0,8192,https://api2.aigcbest.top/v1,"判断结果：错误  
解释：根据背景知识，canton是一个Property，而CareerStation是一个Class，但没有任何信息表明canton的客体应属于CareerStation类，因此该range约束与背景知识不符。",0,1,
hard_case_0175,range,range(ceremonialCounty) = Department,"背景知识：
条目1：
- 名称：ceremonialCounty
- 类型：Property
- 简介：Ceremonial County

条目2：
- 名称：Department
- 类型：Class
- 简介：department",0,qwen-max-0125,0.0,8192,https://api2.aigcbest.top/v1,"判断结果：错误  
解释：根据背景知识，ceremonialCounty是属性，Department是类，但没有信息表明ceremonialCounty的客体必须属于Department类，因此该range约束与背景知识不符。",0,1,
hard_case_0177,range,range(chairman) = Place,"背景知识：
条目1：
- 名称：chairman
- 类型：Property
- 简介：chairman

条目2：
- 名称：Place
- 类型：Class
- 简介：place",0,qwen-max-0125,0.0,8192,https://api2.aigcbest.top/v1,"判断结果：错误  
解释：根据背景知识，chairman是一个属性，而Place是一个类，将chairman的range定义为Place与常识不符，因为chairman通常描述的是人而非地点。",0,1,
hard_case_0178,range,range(championInDoubleMale) = Athlete,"背景知识：
条目1：
- 名称：championInDoubleMale
- 类型：Property
- 简介：winner of a competition in the male double session (as in tennis)

条目2：
- 名称：Athlete
- 类型：Class
- 简介：athlete",1,qwen-max-0125,0.0,8192,https://api2.aigcbest.top/v1,"判断结果：正确  
解释：根据背景知识，championInDoubleMale表示男性双打比赛的获胜者，其客体应为运动员，而Athlete类正好表示运动员，符合range语义规则。",1,1,
hard_case_0181,range,range(channel) = CareerStation,"背景知识：
条目1：
- 名称：channel
- 类型：Property
- 简介：channel

条目2：
- 名称：CareerStation
- 类型：Class
- 简介：this class marks a career step in the life of a person, e.g. a soccer player, holding information on the time span, matches and goals he or she achieved at a certain club",0,qwen-max-0125,0.0,8192,https://api2.aigcbest.top/v1,"判断结果：错误  
解释：根据背景知识，channel是一个Property，而CareerStation是一个Class，但没有任何信息表明channel的客体应属于CareerStation，因此该range约束与背景知识不符。",0,1,
hard_case_0182,range,range(child) = Award,"背景知识：
条目1：
- 名称：child
- 类型：Property
- 简介：child

条目2：
- 名称：Award
- 类型：Class
- 简介：award",0,qwen-max-0125,0.0,8192,https://api2.aigcbest.top/v1,"判断结果：错误  
解释：根据背景知识，child是一个属性，而Award是一个类，将child的range定义为Award与常识不符，因为“孩子”通常指人而非奖项。",0,1,
hard_case_0185,range,range(coach) = Infrastructure,"背景知识：
条目1：
- 名称：coach
- 类型：Property
- 简介：coach

条目2：
- 名称：Infrastructure
- 类型：Class
- 简介：infrastructure",0,qwen-max-0125,0.0,8192,https://api2.aigcbest.top/v1,"判断结果：错误  
解释：根据背景知识，coach是一个属性，而Infrastructure是一个类，但没有信息表明coach的客体必须属于Infrastructure类，因此该公理与背景知识不符。",0,1,
hard_case_0186,range,range(college) = Infrastructure,"背景知识：
条目1：
- 名称：college
- 类型：Property
- 简介：college

条目2：
- 名称：Infrastructure
- 类型：Class
- 简介：infrastructure",0,qwen-max-0125,0.0,8192,https://api2.aigcbest.top/v1,"判断结果：错误  
解释：根据背景知识，college是一个Property，而Infrastructure是一个Class，但没有信息表明college的客体必须属于Infrastructure类，因此该range约束与背景知识不符。",0,1,
hard_case_0187,range,range(commandStructure) = MilitaryUnit,"背景知识：
条目1：
- 名称：commandStructure
- 类型：Property
- 简介：command structure

条目2：
- 名称：MilitaryUnit
- 类型：Class
- 简介：military unit",1,qwen-max-0125,0.0,8192,https://api2.aigcbest.top/v1,"判断结果：正确  
解释：根据背景知识，commandStructure 是一个属性，MilitaryUnit 是一个类，公理表明 commandStructure 的客体属于 MilitaryUnit，符合 RDFS 中 range 的语义规则。",1,1,
hard_case_0188,range,range(commandStructure) = Rocket,"背景知识：
条目1：
- 名称：commandStructure
- 类型：Property
- 简介：command structure

条目2：
- 名称：Rocket
- 类型：Class
- 简介：rocket",0,qwen-max-0125,0.0,8192,https://api2.aigcbest.top/v1,"判断结果：错误  
解释：根据背景知识，commandStructure是一个属性，而Rocket是一个类，但没有信息表明commandStructure的客体必须属于Rocket类，因此该range约束与背景知识不符。",0,1,
hard_case_0189,range,range(company) = BroadcastNetwork,"背景知识：
条目1：
- 名称：company
- 类型：Property
- 简介：company

条目2：
- 名称：BroadcastNetwork
- 类型：Class
- 简介：A broadcast network is an organization, such as a corporation or other association, that provides live or recorded content, such as movies, newscasts, sports, and public affairs programs for broadcast over a group of radio or television sta...",0,qwen-max-0125,0.0,8192,https://api2.aigcbest.top/v1,"判断结果：错误  
解释：根据背景知识，company是一个属性，而BroadcastNetwork是一个类，但没有信息表明company的客体必须属于BroadcastNetwork，因此该公理与背景知识不符。",0,1,
hard_case_0190,range,range(constituencyDistrict) = PopulatedPlace,"背景知识：
条目1：
- 名称：constituencyDistrict
- 类型：Property
- 简介：constituency district

条目2：
- 名称：PopulatedPlace
- 类型：Class
- 简介：As defined by the United States Geological Survey, a populated place is a place or area with clustered or scattered buildings and a permanent human population (city, settlement, town, or village) referenced with geographic coordinates (http...",1,qwen-max-0125,0.0,8192,https://api2.aigcbest.top/v1,"判断结果：正确  
解释：根据背景知识，constituencyDistrict的客体应为一个地理区域，而PopulatedPlace表示有人口居住的地理区域，符合range语义约束。",1,1,
hard_case_0192,range,range(countryWithFirstSatellite) = Country,"背景知识：
条目1：
- 名称：countryWithFirstSatellite
- 类型：Property
- 简介：country with first satellite

条目2：
- 名称：Country
- 类型：Class
- 简介：country",1,qwen-max-0125,0.0,8192,https://api2.aigcbest.top/v1,"判断结果：正确  
解释：根据背景知识，countryWithFirstSatellite的客体应为Country类，符合range语义规则。",1,1,
hard_case_0193,range,range(creatorOfDish) = Person,"背景知识：
条目1：
- 名称：creatorOfDish
- 类型：Property
- 简介：The person that creates (invents) the food (eg. Caesar Cardini is the creator of the Caesar salad).

条目2：
- 名称：Person
- 类型：Class
- 简介：person",1,qwen-max-0125,0.0,8192,https://api2.aigcbest.top/v1,"判断结果：正确  
解释：根据背景知识，creatorOfDish的客体是创造食物的人，而Person类表示人，因此该公理符合range语义规则。",1,1,
hard_case_0195,range,range(cultivatedVariety) = CultivatedVariety,"背景知识：
条目1：
- 名称：cultivatedVariety
- 类型：Property
- 简介：Name of the cultivar (cultivated variety)

条目2：
- 名称：CultivatedVariety
- 类型：Class
- 简介：A cultivar is a plant or grouping of plants selected for desirable characteristics that can be maintained by propagation. A plant whose origin or selection is primarily due to intentional human activity.",1,qwen-max-0125,0.0,8192,https://api2.aigcbest.top/v1,"判断结果：正确  
解释：根据背景知识，cultivatedVariety属性用于描述栽培品种的名称，而CultivatedVariety类表示栽培品种本身，因此将cultivatedVariety的值范围限定为CultivatedVariety符合语义约束。",1,1,
hard_case_0197,range,range(dean) = Broadcaster,"背景知识：
条目1：
- 名称：dean
- 类型：Property
- 简介：dean

条目2：
- 名称：Broadcaster
- 类型：Class
- 简介：A broadcaster is an organisation responsible for the production of radio or television programs and/or their transmission. (http://en.wikipedia.org/wiki/Broadcaster - 28/03/2011)",0,qwen-max-0125,0.0,8192,https://api2.aigcbest.top/v1,"判断结果：错误  
解释：根据背景知识，dean作为一个属性，其客体不太可能合理地限定为Broadcaster类，因为“dean”通常指人而非广播组织。",0,1,
hard_case_0198,range,range(department) = MilitaryUnit,"背景知识：
条目1：
- 名称：department
- 类型：Property
- 简介：department

条目2：
- 名称：MilitaryUnit
- 类型：Class
- 简介：military unit",0,qwen-max-0125,0.0,8192,https://api2.aigcbest.top/v1,"判断结果：错误  
解释：根据背景知识，department是一个属性，而MilitaryUnit是一个类，但没有信息表明department的客体必须属于MilitaryUnit，因此该range约束与背景知识不符。",0,1,
hard_case_0200,range,range(derivative) = MilitaryUnit,"背景知识：
条目1：
- 名称：derivative
- 类型：Property
- 简介：derivative

条目2：
- 名称：MilitaryUnit
- 类型：Class
- 简介：military unit",0,qwen-max-0125,0.0,8192,https://api2.aigcbest.top/v1,"判断结果：错误  
解释：根据背景知识，derivative是一个属性，而MilitaryUnit是一个类，但没有信息表明derivative的客体必须属于MilitaryUnit，因此该range约束与背景知识不符。",0,1,
hard_case_0204,range,range(destination) = Artery,"背景知识：
条目1：
- 名称：destination
- 类型：Property
- 简介：destination

条目2：
- 名称：Artery
- 类型：Class
- 简介：artery",0,qwen-max-0125,0.0,8192,https://api2.aigcbest.top/v1,"判断结果：错误  
解释：背景知识中未表明destination属性的客体必须属于Artery类，因此该range约束与已知信息冲突。",0,1,
hard_case_0205,range,range(distributor) = Artery,"背景知识：
条目1：
- 名称：distributor
- 类型：Property
- 简介：distributor

条目2：
- 名称：Artery
- 类型：Class
- 简介：artery",0,qwen-max-0125,0.0,8192,https://api2.aigcbest.top/v1,"判断结果：错误  
解释：根据背景知识，distributor是一个属性，而Artery是一个类，但没有信息表明distributor的客体应属于Artery类，因此该range约束与背景知识不符。",0,1,
hard_case_0206,range,range(district) = Artery,"背景知识：
条目1：
- 名称：district
- 类型：Property
- 简介：district

条目2：
- 名称：Artery
- 类型：Class
- 简介：artery",0,qwen-max-0125,0.0,8192,https://api2.aigcbest.top/v1,"判断结果：错误  
解释：根据背景知识，district是Property类型，而Artery是Class类型，将Artery设为district的range没有明确的语义依据，且与常识不符。",0,1,
hard_case_0207,range,range(doctoralStudent) = Person,"背景知识：
条目1：
- 名称：doctoralStudent
- 类型：Property
- 简介：doctoral student

条目2：
- 名称：Person
- 类型：Class
- 简介：person",1,qwen-max-0125,0.0,8192,https://api2.aigcbest.top/v1,"判断结果：正确  
解释：根据背景知识，doctoralStudent是属性，Person是类，且博士生属于人的范畴，符合range语义规则。",1,1,
hard_case_0208,range,range(editing) = Artery,"背景知识：
条目1：
- 名称：editing
- 类型：Property
- 简介：editing

条目2：
- 名称：Artery
- 类型：Class
- 简介：artery",0,qwen-max-0125,0.0,8192,https://api2.aigcbest.top/v1,"判断结果：错误  
解释：根据背景知识，editing是一个属性，而Artery是一个类，但没有信息表明editing的客体应属于Artery类，因此该range约束与背景知识不符。",0,1,
hard_case_0210,range,range(editor) = Rocket,"背景知识：
条目1：
- 名称：editor
- 类型：Property
- 简介：editor

条目2：
- 名称：Rocket
- 类型：Class
- 简介：rocket",0,qwen-max-0125,0.0,8192,https://api2.aigcbest.top/v1,"判断结果：错误  
解释：根据背景知识，editor是一个属性，Rocket是一个类，但没有信息表明editor的客体必须属于Rocket类，因此该range约束与背景知识不符。",0,1,
hard_case_0211,range,range(location) = College,"背景知识：
条目1：
- 名称：location
- 类型：Property
- 简介：The location of the thing.

条目2：
- 名称：College
- 类型：Class
- 简介：college",0,qwen-max-0125,0.0,8192,https://api2.aigcbest.top/v1,"判断结果：错误  
解释：根据背景知识，location属性表示“事物的位置”，其值通常为地理位置而非特定类的实例，因此将其范围限定为College类不符合语义规则。",0,1,
hard_case_0212,range,range(organisation) = Currency,"背景知识：
条目1：
- 名称：organisation
- 类型：Property
- 简介：organisation

条目2：
- 名称：Currency
- 类型：Class
- 简介：currency",0,qwen-max-0125,0.0,8192,https://api2.aigcbest.top/v1,"判断结果：错误  
解释：根据背景知识，organisation是属性而Currency是类，range定义了属性客体的类，但没有信息表明organisation的客体必须属于Currency类，因此该公理与背景知识不符。",0,1,
hard_case_0213,range,range(previousInfrastructure) = Broadcaster,"背景知识：
条目1：
- 名称：previousInfrastructure
- 类型：Property
- 简介：previous infrastructure

条目2：
- 名称：Broadcaster
- 类型：Class
- 简介：A broadcaster is an organisation responsible for the production of radio or television programs and/or their transmission. (http://en.wikipedia.org/wiki/Broadcaster - 28/03/2011)",0,qwen-max-0125,0.0,8192,https://api2.aigcbest.top/v1,"判断结果：错误  
解释：根据背景知识，previousInfrastructure的语义未表明其客体必须是Broadcaster，且Broadcaster作为广播组织与基础设施属性无直接约束关系，违反range语义规则。",0,1,
hard_case_0214,range,range(subsequentInfrastructure) = Artery,"背景知识：
条目1：
- 名称：subsequentInfrastructure
- 类型：Property
- 简介：subsequent infrastructure

条目2：
- 名称：Artery
- 类型：Class
- 简介：artery",0,qwen-max-0125,0.0,8192,https://api2.aigcbest.top/v1,"判断结果：错误  
解释：根据背景知识，subsequentInfrastructure的语义未明确表明其客体必须属于Artery类，因此该range约束与背景知识不符。",0,1,
hard_case_0216,subClassOf,caf_ ⊑ company,"背景知识：
条目1：
- 名称：caf_
- 类型：Class
- 简介：{%%s is a %s, café}
- 补充信息：generalizations: location, company

条目2：
- 名称：company
- 类型：Class
- 简介：{%%s is a %s, company}
- 补充信息：generalizations: organization",1,qwen-max-0125,0.0,8192,https://api2.aigcbest.top/v1,"判断结果：正确  
解释：根据背景知识，caf_ 的 generalizations 包含 company，表明 caf_ 是 company 的子类，符合 RDFS 中 subClassOf 的语义规则。",1,1,
hard_case_0219,subPropertyOf,agenthierarchicallyaboveagent ⊑p agentcontrols,"背景知识：
条目1：
- 名称：agenthierarchicallyaboveagent
- 类型：Class
- 简介：{%%s is hierarchically %s %%s, above}
- 补充信息：generalizations: agentcontrols, agentcollaborateswithagent | domain: agent | range: agent

条目2：
- 名称：agentcontrols
- 类型：Class
- 简介：{%%s %s %%s, controls}
- 补充信息：generalizations: relatedto | domain: agent | range: everypromotedthing",1,qwen-max-0125,0.0,8192,https://api2.aigcbest.top/v1,"判断结果：正确  
解释：根据背景知识，agenthierarchicallyaboveagent 是 agentcontrols 的泛化关系，符合 RDFS 中 subClassOf 的语义规则，表示前者是后者的子类。",1,1,
hard_case_0221,subPropertyOf,bombingvictim ⊑p relatedto,"背景知识：
条目1：
- 名称：bombingvictim
- 类型：Class
- 简介：bombingvictim is a class in the NELL knowledge base.
- 补充信息：generalizations: relatedto | domain: bombingevent | range: person

条目2：
- 名称：relatedto
- 类型：Class
- 简介：{%%s is somehow %s %%s, related to}
- 补充信息：generalizations: slot | domain: everypromotedthing | range: everypromotedthing",1,qwen-max-0125,0.0,8192,https://api2.aigcbest.top/v1,"判断结果：正确  
解释：根据背景知识，bombingvictim 是 relatedto 的具体化实例，且 relatedto 的 domain 和 range 均为 everypromotedthing，语义上支持 bombingvictim 作为其子类。",1,1,
hard_case_0222,subPropertyOf,buildingbelongstoorganization ⊑p locationactedinbyorganization,"背景知识：
条目1：
- 名称：buildingbelongstoorganization
- 类型：Class
- 简介：{%%s %s %%s, is a building belonging to}
- 补充信息：generalizations: locationactedinbyorganization | domain: building | range: organization

条目2：
- 名称：locationactedinbyorganization
- 类型：Class
- 简介：locationactedinbyorganization is a class in the NELL knowledge base.
- 补充信息：generalizations: locationactedinbyagent | domain: location | range: organization",1,qwen-max-0125,0.0,8192,https://api2.aigcbest.top/v1,"判断结果：正确  
解释：根据背景知识，buildingbelongstoorganization 是 locationactedinbyorganization 的特化（generalizations: locationactedinbyorganization），符合 RDFS 中 subClassOf 的语义规则。",1,1,
hard_case_0224,subPropertyOf,cityhostsattraction ⊑p cityattractions,"背景知识：
条目1：
- 名称：cityhostsattraction
- 类型：Unknown
- 简介：Attraction occurs in the city
- 补充信息：generalizations: cityattractions | domain: city | range: attraction

条目2：
- 名称：cityattractions
- 类型：Unknown
- 简介：The city that an attraction is located in
- 补充信息：generalizations: locationcontainslocation | domain: city | range: attraction",1,qwen-max-0125,0.0,8192,https://api2.aigcbest.top/v1,"判断结果：正确  
解释：根据背景知识，cityhostsattraction 和 cityattractions 的语义均涉及城市与景点的关系，且 cityhostsattraction 是 cityattractions 的具体化，符合 subPropertyOf 的语义规则。",1,1,
hard_case_0225,subPropertyOf,citysportsteams ⊑p proxyfor,"背景知识：
条目1：
- 名称：citysportsteams
- 类型：Class
- 简介：citysportsteams is a class in the NELL knowledge base.
- 补充信息：generalizations: proxyfor, locationactedinbyorganization | domain: city | range: sportsteam

条目2：
- 名称：proxyfor
- 类型：Class
- 简介：{%%s is a %s for %%s, proxy}
- 补充信息：generalizations: mutualproxyfor | domain: everypromotedthing | range: everypromotedthing",1,qwen-max-0125,0.0,8192,https://api2.aigcbest.top/v1,"判断结果：正确  
解释：根据背景知识，citysportsteams 的 generalizations 包含 proxyfor，表明 citysportsteams 是 proxyfor 的子类，符合 RDFS 中 subClassOf 的语义规则。",1,1,
hard_case_0226,subPropertyOf,companyalsoknownas ⊑p organizationalsoknownas,"背景知识：
条目1：
- 名称：companyalsoknownas
- 类型：Class
- 简介：{%%s is a company %s %%s, also known as}
- 补充信息：generalizations: organizationalsoknownas | domain: company | range: company

条目2：
- 名称：organizationalsoknownas
- 类型：Class
- 简介：{%%s is an organization %s %%s, also known as}
- 补充信息：generalizations: synonymfor | domain: organization | range: organization",1,qwen-max-0125,0.0,8192,https://api2.aigcbest.top/v1,"判断结果：正确  
解释：根据背景知识，companyalsoknownas 是 organizationalsoknownas 的特化（generalizations: organizationalsoknownas），符合 RDFS 中 subClassOf 的语义规则。",1,1,
hard_case_0227,subPropertyOf,countryofpersondeath ⊑p locationofpersondeath,"背景知识：
条目1：
- 名称：countryofpersondeath
- 类型：Class
- 简介：countryofpersondeath is a class in the NELL knowledge base.
- 补充信息：generalizations: locationofpersondeath | domain: country | range: person

条目2：
- 名称：locationofpersondeath
- 类型：Class
- 简介：locationofpersondeath is a class in the NELL knowledge base.
- 补充信息：generalizations: locationactedinbyagent | domain: location | range: person",1,qwen-max-0125,0.0,8192,https://api2.aigcbest.top/v1,"判断结果：正确  
解释：根据背景知识，countryofpersondeath 是 locationofpersondeath 的具体化（generalizations: locationofpersondeath），符合 RDFS 中 subClassOf 的语义规则，因此该公理合理。",1,1,
hard_case_0232,subPropertyOf,inverseofcoachcanspeaklanguage ⊑p relatedto,"背景知识：
条目1：
- 名称：inverseofcoachcanspeaklanguage
- 类型：Unknown
- 简介：Describes the languages that coaches might speak
- 补充信息：generalizations: relatedto | domain: language | range: coach

条目2：
- 名称：relatedto
- 类型：Unknown
- 简介：associated; connected (http://dictionary.reference.com/browse/related)
- 补充信息：generalizations: slot | domain: everypromotedthing | range: everypromotedthing",1,qwen-max-0125,0.0,8192,https://api2.aigcbest.top/v1,"判断结果：正确  
解释：根据背景知识，inverseofcoachcanspeaklanguage 是 relatedto 的具体化，且二者均符合 RDFS 中 subPropertyOf 的语义规则，因此该公理合理。",1,1,
hard_case_0235,subPropertyOf,inverseofpersongraduatedfromuniversity ⊑p schoolgraduatedperson,"背景知识：
条目1：
- 名称：inverseofpersongraduatedfromuniversity
- 类型：Class
- 简介：inverseofpersongraduatedfromuniversity is a class in the NELL knowledge base.
- 补充信息：generalizations: schoolgraduatedperson | domain: university | range: person

条目2：
- 名称：schoolgraduatedperson
- 类型：Class
- 简介：schoolgraduatedperson is a class in the NELL knowledge base.
- 补充信息：generalizations: schoolattendedbyperson | domain: school | range: person",1,qwen-max-0125,0.0,8192,https://api2.aigcbest.top/v1,"判断结果：正确  
解释：根据背景知识，inverseofpersongraduatedfromuniversity 是 schoolgraduatedperson 的子类，符合 RDFS 中 subClassOf 的语义规则，表示类之间的包含关系。",1,1,
hard_case_0236,subPropertyOf,inverseofplantgrowinginplant ⊑p relatedto,"背景知识：
条目1：
- 名称：inverseofplantgrowinginplant
- 类型：Class
- 简介：inverseofplantgrowinginplant is a class in the NELL knowledge base.
- 补充信息：generalizations: relatedto | domain: plant | range: plant

条目2：
- 名称：relatedto
- 类型：Class
- 简介：{%%s is somehow %s %%s, related to}
- 补充信息：generalizations: slot | domain: everypromotedthing | range: everypromotedthing",1,qwen-max-0125,0.0,8192,https://api2.aigcbest.top/v1,"判断结果：正确  
解释：根据背景知识，inverseofplantgrowinginplant 是 relatedto 的具体化，且二者均为类，符合 RDFS 中 subClassOf 的语义规则。",1,1,
hard_case_0237,subPropertyOf,inverseofprofessionactsatthesameareaofpoliticissue ⊑p relatedto,"背景知识：
条目1：
- 名称：inverseofprofessionactsatthesameareaofpoliticissue
- 类型：Class
- 简介：inverseofprofessionactsatthesameareaofpoliticissue is a class in the NELL knowledge base.
- 补充信息：generalizations: relatedto | domain: profession | range: politicsissue

条目2：
- 名称：relatedto
- 类型：Class
- 简介：{%%s is somehow %s %%s, related to}
- 补充信息：generalizations: slot | domain: everypromotedthing | range: everypromotedthing",1,qwen-max-0125,0.0,8192,https://api2.aigcbest.top/v1,"判断结果：正确  
解释：根据背景知识，inverseofprofessionactsatthesameareaofpoliticissue 是 relatedto 的具体化，符合 subClassOf 的语义规则，即子类是父类的特例。",1,1,
hard_case_0238,subPropertyOf,invertebratehascolor ⊑p relatedto,"背景知识：
条目1：
- 名称：invertebratehascolor
- 类型：Class
- 简介：{%%s %s %%s, is related to}
- 补充信息：generalizations: relatedto | domain: invertebrate | range: color

条目2：
- 名称：relatedto
- 类型：Class
- 简介：{%%s is somehow %s %%s, related to}
- 补充信息：generalizations: slot | domain: everypromotedthing | range: everypromotedthing",1,qwen-max-0125,0.0,8192,https://api2.aigcbest.top/v1,"判断结果：正确  
解释：根据背景知识，invertebratehascolor 是 relatedto 的具体化（generalizations: relatedto），符合 RDFS 中 subPropertyOf 的语义规则，因此公理合理。",1,1,
hard_case_0239,subPropertyOf,istallerthan ⊑p relatedto,"背景知识：
条目1：
- 名称：istallerthan
- 类型：Class
- 简介：{%%s is %s %%s, taller than}
- 补充信息：generalizations: relatedto | domain: everypromotedthing | range: everypromotedthing

条目2：
- 名称：relatedto
- 类型：Class
- 简介：{%%s is somehow %s %%s, related to}
- 补充信息：generalizations: slot | domain: everypromotedthing | range: everypromotedthing",1,qwen-max-0125,0.0,8192,https://api2.aigcbest.top/v1,"判断结果：正确  
解释：根据背景知识，istallerthan 是 relatedto 的具体化（generalizations: relatedto），符合 RDFS 中 subClassOf 的语义规则，因此 istallerthan ⊑p relatedto 是合理的。",1,1,
hard_case_0240,subPropertyOf,languageschoolincity ⊑p relatedto,"背景知识：
条目1：
- 名称：languageschoolincity
- 类型：Class
- 简介：{%%s is a language %s the city %%s, taught in language schools in}
- 补充信息：generalizations: relatedto | domain: language | range: city

条目2：
- 名称：relatedto
- 类型：Class
- 简介：{%%s is somehow %s %%s, related to}
- 补充信息：generalizations: slot | domain: everypromotedthing | range: everypromotedthing",1,qwen-max-0125,0.0,8192,https://api2.aigcbest.top/v1,"判断结果：正确  
解释：根据背景知识，languageschoolincity 是 relatedto 的具体化，且二者均为类，符合 subClassOf 的语义规则。",1,1,
hard_case_0241,subPropertyOf,locationofevent ⊑p locatedat,"背景知识：
条目1：
- 名称：locationofevent
- 类型：Unknown
- 简介：the location that an event is happened at
- 补充信息：generalizations: locatedat | domain: location | range: event

条目2：
- 名称：locatedat
- 类型：Unknown
- 简介：assigns locations to things.
- 补充信息：generalizations: relatedto | domain: location | range: everypromotedthing",1,qwen-max-0125,0.0,8192,https://api2.aigcbest.top/v1,"判断结果：正确  
解释：根据背景知识，locationofevent 是 locatedat 的特化（generalizations: locatedat），符合 RDFS 中 subPropertyOf (⊑p) 的语义规则。",1,1,
hard_case_0242,subPropertyOf,mlauthorofsoftware ⊑p agentcreated,"背景知识：
条目1：
- 名称：mlauthorofsoftware
- 类型：Class
- 简介：{%%s is a machine-learning author who %s the software %%s, wrote}
- 补充信息：generalizations: agentcreated, agentinvolvedwithitem | domain: mlauthor | range: mlsoftware

条目2：
- 名称：agentcreated
- 类型：Class
- 简介：{%%s %s %%s, created}
- 补充信息：generalizations: relatedto | domain: agent | range: everypromotedthing",1,qwen-max-0125,0.0,8192,https://api2.aigcbest.top/v1,"判断结果：正确  
解释：根据背景知识，mlauthorofsoftware 是 agentcreated 的具体化（generalizations: agentcreated），符合 RDFS 中 subClassOf 的语义规则，即子类的所有实例也是父类的实例。",1,1,
hard_case_0243,subPropertyOf,mlsoftwareauthor ⊑p createdbyagent,"背景知识：
条目1：
- 名称：mlsoftwareauthor
- 类型：Class
- 简介：mlsoftwareauthor is a class in the NELL knowledge base.
- 补充信息：generalizations: iteminvolvedwithagent, createdbyagent | domain: mlsoftware | range: mlauthor

条目2：
- 名称：createdbyagent
- 类型：Class
- 简介：createdbyagent is a class in the NELL knowledge base.
- 补充信息：generalizations: relatedto | domain: everypromotedthing | range: agent",1,qwen-max-0125,0.0,8192,https://api2.aigcbest.top/v1,"判断结果：正确  
解释：根据背景知识，mlsoftwareauthor 是 createdbyagent 的具体化实例类，符合 RDFS 中 subClassOf 的语义规则，表示类之间的包含关系。",1,1,
hard_case_0244,subPropertyOf,museumincity ⊑p attractionofcity,"背景知识：
条目1：
- 名称：museumincity
- 类型：Class
- 简介：{%%s is a museum %s %%s, in the city}
- 补充信息：generalizations: attractionofcity, buildinglocatedincity | domain: museum | range: city

条目2：
- 名称：attractionofcity
- 类型：Class
- 简介：{%%s is a tourist attraction %s %%s, in the city}
- 补充信息：generalizations: locationlocatedwithinlocation | domain: attraction | range: city",1,qwen-max-0125,0.0,8192,https://api2.aigcbest.top/v1,"判断结果：正确  
解释：根据背景知识，museumincity 的 generalizations 包含 attractionofcity，表明 museumincity 是 attractionofcity 的子类，符合 RDFS 中 subClassOf 的语义规则。",1,1,
hard_case_0245,subPropertyOf,productinstanceof ⊑p specializationof,"背景知识：
条目1：
- 名称：productinstanceof
- 类型：Unknown
- 简介：Specifies that a particular product is a particular kind of thing
- 补充信息：generalizations: specializationof | domain: product | range: item

条目2：
- 名称：specializationof
- 类型：Unknown
- 简介：one thing is a more specific kind of another thing
- 补充信息：generalizations: relatedto | domain: everypromotedthing | range: everypromotedthing",1,qwen-max-0125,0.0,8192,https://api2.aigcbest.top/v1,"判断结果：正确  
解释：根据背景知识，productinstanceof 的 generalizations 包含 specializationof，表明 productinstanceof 是 specializationof 的子属性，符合 RDFS 中 subPropertyOf 的语义规则。",1,1,
hard_case_0247,subPropertyOf,sportsgamewinnerscore ⊑p relatedto,"背景知识：
条目1：
- 名称：sportsgamewinnerscore
- 类型：Unknown
- 简介：Specifies the score with which the winning team in a particular sportsGame lost.
- 补充信息：generalizations: relatedto | domain: sportsgame | range: nonneginteger

条目2：
- 名称：relatedto
- 类型：Unknown
- 简介：associated; connected (http://dictionary.reference.com/browse/related)
- 补充信息：generalizations: slot | domain: everypromotedthing | range: everypromotedthing",1,qwen-max-0125,0.0,8192,https://api2.aigcbest.top/v1,"判断结果：正确  
解释：根据背景知识，sportsgamewinnerscore 是 relatedto 的具体化，且二者均符合 RDFS 中 subPropertyOf 的语义规则，因此该公理合理。",1,1,
hard_case_0248,subPropertyOf,sportusesstadium ⊑p relatedto,"背景知识：
条目1：
- 名称：sportusesstadium
- 类型：Class
- 简介：{%%s is a sport %s the venue %%s, played in}
- 补充信息：generalizations: relatedto | domain: sport | range: stadiumoreventvenue

条目2：
- 名称：relatedto
- 类型：Class
- 简介：{%%s is somehow %s %%s, related to}
- 补充信息：generalizations: slot | domain: everypromotedthing | range: everypromotedthing",1,qwen-max-0125,0.0,8192,https://api2.aigcbest.top/v1,"判断结果：正确  
解释：根据背景知识，sportusesstadium 是 relatedto 的特化（generalizations: relatedto），符合 RDFS 中 subClassOf 的语义规则，表示类之间的包含关系。",1,1,
hard_case_0249,subPropertyOf,statehaslake ⊑p locationcontainslocation,"背景知识：
条目1：
- 名称：statehaslake
- 类型：Class
- 简介：statehaslake is a class in the NELL knowledge base.
- 补充信息：generalizations: locationcontainslocation | domain: stateorprovince | range: lake

条目2：
- 名称：locationcontainslocation
- 类型：Class
- 简介：locationcontainslocation is a class in the NELL knowledge base.
- 补充信息：generalizations: superpartof, locatedat | domain: location | range: location",1,qwen-max-0125,0.0,8192,https://api2.aigcbest.top/v1,"判断结果：正确  
解释：根据背景知识，statehaslake 是 locationcontainslocation 的子类（generalizations: locationcontainslocation），符合 RDFS 中 subClassOf 的语义规则。",1,1,
hard_case_0250,subPropertyOf,timeofprotest ⊑p relatedto,"背景知识：
条目1：
- 名称：timeofprotest
- 类型：Class
- 简介：{%%s is the %s the event %%s, time of}
- 补充信息：generalizations: relatedto | domain: time | range: protestevent

条目2：
- 名称：relatedto
- 类型：Class
- 简介：{%%s is somehow %s %%s, related to}
- 补充信息：generalizations: slot | domain: everypromotedthing | range: everypromotedthing",1,qwen-max-0125,0.0,8192,https://api2.aigcbest.top/v1,"判断结果：正确  
解释：根据背景知识，timeofprotest 是 relatedto 的具体化（generalizations: relatedto），符合 RDFS 中 subClassOf 的语义规则，因此公理合理。",1,1,
hard_case_0251,domain,domain(arteriessuchasarteries) = artery,"背景知识：
条目1：
- 名称：arteriessuchasarteries
- 类型：Class
- 简介：{%%s %s %%s, is a generalization of}
- 补充信息：generalizations: generalizationof | domain: artery | range: artery

条目2：
- 名称：artery
- 类型：Class
- 简介：{%%s is an %s, artery}
- 补充信息：generalizations: bodypart",1,qwen-max-0125,0.0,8192,https://api2.aigcbest.top/v1,"判断结果：正确  
解释：根据背景知识，arteriessuchasarteries 的 domain 被定义为 artery，符合 RDFS 中 domain 的语义规则，即属性的主体应属于指定类。",1,1,
hard_case_0252,domain,domain(dateatwhichexistslocation) = date,"背景知识：
条目1：
- 名称：dateatwhichexistslocation
- 类型：Class
- 简介：dateatwhichexistslocation is a class in the NELL knowledge base.
- 补充信息：generalizations: dateof | domain: date | range: location

条目2：
- 名称：date
- 类型：Class
- 简介：{%%s is a %s, date}
- 补充信息：generalizations: abstractthing",1,qwen-max-0125,0.0,8192,https://api2.aigcbest.top/v1,"判断结果：正确  
解释：根据背景知识，dateatwhichexistslocation的domain被定义为date，符合RDFS语义规则中domain的约束定义。",1,1,
hard_case_0253,domain,domain(inverseofanimalssuchasmammals) = mammal,"背景知识：
条目1：
- 名称：inverseofanimalssuchasmammals
- 类型：Unknown
- 简介：Describes the animal types that are generalizations of mammals
- 补充信息：generalizations: specializationof | domain: mammal | range: animal

条目2：
- 名称：mammal
- 类型：Unknown
- 简介：Mammals (formally Mammalia) are a class of vertebrate, air-breathing animals whose females are characterized by the possession of mammary glands while both males and females are characterized by hair and/or fur, three middle ear bones used....
- 补充信息：generalizations: vertebrate",1,qwen-max-0125,0.0,8192,https://api2.aigcbest.top/v1,"判断结果：正确  
解释：根据背景知识，inverseofanimalssuchasmammals 的 domain 被定义为 mammal，符合 RDFS 中 domain 的语义规则，即属性的主体应属于指定类。",1,1,
hard_case_0254,domain,domain(inverseofarthropodlooklikeinsect) = insect,"背景知识：
条目1：
- 名称：inverseofarthropodlooklikeinsect
- 类型：Unknown
- 简介：Describes the arthropod that look like specific insects
- 补充信息：generalizations: relatedto | domain: insect | range: arthropod

条目2：
- 名称：insect
- 类型：Unknown
- 简介：class within the arthropods that have a chitinous exoskeleton, a three-part body (head, thorax, and abdomen), three pairs of jointed legs, compound eyes, and two antennae
- 补充信息：generalizations: arthropod",1,qwen-max-0125,0.0,8192,https://api2.aigcbest.top/v1,"判断结果：正确  
解释：根据背景知识，inverseofarthropodlooklikeinsect 的 domain 被定义为 insect，符合 RDFS 中 domain 的语义规则，即属性的主体应属于指定类 insect。",1,1,
hard_case_0255,domain,domain(inverseofbankboughtbank) = bank,"背景知识：
条目1：
- 名称：inverseofbankboughtbank
- 类型：Class
- 简介：inverseofbankboughtbank is a class in the NELL knowledge base.
- 补充信息：generalizations: acquiredby | domain: bank | range: bank

条目2：
- 名称：bank
- 类型：Class
- 简介：{%%s is a %s, bank}
- 补充信息：generalizations: company",1,qwen-max-0125,0.0,8192,https://api2.aigcbest.top/v1,"判断结果：正确  
解释：根据背景知识，inverseofbankboughtbank的domain被定义为bank，符合RDFS语义规则中domain的约束定义。",1,1,
hard_case_0256,domain,domain(inverseofcoachstudiedatuniversity) = university,"背景知识：
条目1：
- 名称：inverseofcoachstudiedatuniversity
- 类型：Unknown
- 简介：Describes the university where the coach studied at
- 补充信息：generalizations: relatedto | domain: university | range: coach

条目2：
- 名称：university
- 类型：Unknown
- 简介：A university is a post-high school educational institution. This category includes colleges and technical schools.
- 补充信息：generalizations: school, geolocatablething",1,qwen-max-0125,0.0,8192,https://api2.aigcbest.top/v1,"判断结果：正确  
解释：根据背景知识，inverseofcoachstudiedatuniversity 的 domain 被明确指定为 university，与公理一致，符合 RDFS 的 domain 语义规则。",1,1,
hard_case_0257,domain,domain(inverseofsoftwareprogrammedinprogramminglanguage) = programminglanguage,"背景知识：
条目1：
- 名称：inverseofsoftwareprogrammedinprogramminglanguage
- 类型：Class
- 简介：inverseofsoftwareprogrammedinprogramminglanguage is a class in the NELL knowledge base.
- 补充信息：generalizations: relatedto | domain: programminglanguage | range: software

条目2：
- 名称：programminglanguage
- 类型：Class
- 简介：{%%s is a %s, programming language}
- 补充信息：generalizations: abstractthing",1,qwen-max-0125,0.0,8192,https://api2.aigcbest.top/v1,"判断结果：正确  
解释：根据背景知识，inverseofsoftwareprogrammedinprogramminglanguage的domain被定义为programminglanguage，符合RDFS中domain语义规则的约束。",1,1,
hard_case_0258,domain,domain(latitudelongitudeof) = llcoordinate,"背景知识：
条目1：
- 名称：latitudelongitudeof
- 类型：Unknown
- 简介：the latitude and longitude of this location, or the latitude and longitude typically associated with this thing
- 补充信息：generalizations: relatedto | domain: llcoordinate | range: everypromotedthing

条目2：
- 名称：llcoordinate
- 类型：Unknown
- 简介：Longitude is the angular distance of a point's meridian from the Prime (Greenwich) Meridian
- 补充信息：generalizations: abstractthing",1,qwen-max-0125,0.0,8192,https://api2.aigcbest.top/v1,"判断结果：正确  
解释：根据背景知识，latitudelongitudeof 的 domain 被定义为 llcoordinate，符合 RDFS 中 domain 约束的语义规则，即属性的主体应属于指定类。",1,1,
hard_case_0259,domain,domain(numberofcasualtiesinroadaccident) = nonneginteger,"背景知识：
条目1：
- 名称：numberofcasualtiesinroadaccident
- 类型：Class
- 简介：{%%s is the number of people that %s the event %%s, died in}
- 补充信息：generalizations: relatedto | domain: nonneginteger | range: roadaccidentevent

条目2：
- 名称：nonneginteger
- 类型：Class
- 简介：{%%s is a %s, non-negative integer}
- 补充信息：generalizations: abstractthing",1,qwen-max-0125,0.0,8192,https://api2.aigcbest.top/v1,"判断结果：正确  
解释：根据背景知识，numberofcasualtiesinroadaccident 的 domain 被定义为 nonneginteger，符合 RDFS 中 domain 语义规则，即属性的主体应属于指定类。",1,1,
hard_case_0260,domain,domain(officeheldbypolitician) = politicaloffice,"背景知识：
条目1：
- 名称：officeheldbypolitician
- 类型：Unknown
- 简介：Specifies that a particular politician holds a particular office
- 补充信息：generalizations: relatedto | domain: politicaloffice | range: politician

条目2：
- 名称：politicaloffice
- 类型：Unknown
- 简介：This type is for the office, title, or position within a government. It includes both single-person offices (prime minister, emperor, mayor), titles of members of a governing body (representative, sentator, MP), and titles of additional pos...
- 补充信息：generalizations: abstractthing",1,qwen-max-0125,0.0,8192,https://api2.aigcbest.top/v1,"判断结果：正确  
解释：根据背景知识，officeheldbypolitician的domain被定义为politicaloffice，符合RDFS语义规则中属性主体应属于特定类的约束。",1,1,
hard_case_0261,domain,domain(organizationhastopmember) = company,"背景知识：
条目1：
- 名称：organizationhastopmember
- 类型：Unknown
- 简介：Identifies people in high-level, leading positions at organizations. Applicable positions have authority over the entire organization (e.g. presidents, VPs, directors, and C-level executives), not merely over departments or subsidiaries.
- 补充信息：generalizations: organizationleadbyperson, worker | domain: company | range: person

条目2：
- 名称：company
- 类型：Unknown
- 简介：A company is an organization whose goal is to make money
- 补充信息：generalizations: organization",1,qwen-max-0125,0.0,8192,https://api2.aigcbest.top/v1,"判断结果：正确  
解释：根据背景知识，organizationhastopmember的domain被明确指定为company，且company是organization的子类，符合RDFS语义规则中domain的约束要求。",1,1,
hard_case_0262,domain,domain(producedby) = product,"背景知识：
条目1：
- 名称：producedby
- 类型：Class
- 简介：producedby is a class in the NELL knowledge base.
- 补充信息：generalizations: iteminvolvedwithagent, createdbyagent | domain: product | range: company

条目2：
- 名称：product
- 类型：Class
- 简介：{%%s is a %s, product}
- 补充信息：generalizations: item",1,qwen-max-0125,0.0,8192,https://api2.aigcbest.top/v1,"判断结果：正确  
解释：根据背景知识，producedby 的 domain 被定义为 product，符合 RDFS 中 domain 的语义规则，即属性的主体应属于指定类。",1,1,
hard_case_0263,domain,domain(productlauchpredecessor) = productlaunchevent,"背景知识：
条目1：
- 名称：productlauchpredecessor
- 类型：Class
- 简介：{%%s was %s of the product launched in %%s, the predecessor}
- 补充信息：generalizations: relatedto | domain: productlaunchevent | range: product

条目2：
- 名称：productlaunchevent
- 类型：Class
- 简介：{%%s is a %s, product launch event}
- 补充信息：generalizations: event",1,qwen-max-0125,0.0,8192,https://api2.aigcbest.top/v1,"判断结果：正确  
解释：根据背景知识，productlauchpredecessor 的 domain 被定义为 productlaunchevent，符合 RDFS 中 domain 的语义规则，即属性的主体应属于指定类。",1,1,
hard_case_0264,domain,domain(professionactsatthesameareaofpoliticissue) = politicsissue,"背景知识：
条目1：
- 名称：professionactsatthesameareaofpoliticissue
- 类型：Unknown
- 简介：Describes professions that work at the area of a political issue
- 补充信息：generalizations: relatedto | domain: politicsissue | range: profession

条目2：
- 名称：politicsissue
- 类型：Unknown
- 简介：An issue of political concern
- 补充信息：generalizations: abstractthing",1,qwen-max-0125,0.0,8192,https://api2.aigcbest.top/v1,"判断结果：正确  
解释：根据背景知识，属性“professionactsatthesameareaofpoliticissue”的domain被定义为“politicsissue”，这与公理一致，符合RDFS语义规则中关于domain的约束定义。",1,1,
hard_case_0265,domain,domain(superpartof) = everypromotedthing,"背景知识：
条目1：
- 名称：superpartof
- 类型：Class
- 简介：superpartof is a class in the NELL knowledge base.
- 补充信息：generalizations: relatedto | domain: everypromotedthing | range: everypromotedthing

条目2：
- 名称：everypromotedthing
- 类型：Class
- 简介：{%%s is %s, something}",1,qwen-max-0125,0.0,8192,https://api2.aigcbest.top/v1,"判断结果：正确  
解释：根据背景知识，superpartof 的 domain 被定义为 everypromotedthing，符合 RDFS 中 domain 的语义规则，即属性的主体应属于指定类。",1,1,
hard_case_0266,domain,domain(timeofprotest) = time,"背景知识：
条目1：
- 名称：timeofprotest
- 类型：Unknown
- 简介：{%%s is the %s the event %%s, time of}
- 补充信息：generalizations: relatedto | domain: time | range: protestevent

条目2：
- 名称：time
- 类型：Unknown
- 简介：a specific time
- 补充信息：generalizations: abstractthing",1,qwen-max-0125,0.0,8192,https://api2.aigcbest.top/v1,"判断结果：正确  
解释：根据背景知识，timeofprotest的domain被定义为time，符合RDFS语义规则中属性主体应属于某一类的约束。",1,1,
hard_case_0267,range,range(arteriessuchasarteries) = artery,"背景知识：
条目1：
- 名称：arteriessuchasarteries
- 类型：Class
- 简介：{%%s %s %%s, is a generalization of}
- 补充信息：generalizations: generalizationof | domain: artery | range: artery

条目2：
- 名称：artery
- 类型：Class
- 简介：{%%s is an %s, artery}
- 补充信息：generalizations: bodypart",1,qwen-max-0125,0.0,8192,https://api2.aigcbest.top/v1,"判断结果：正确  
解释：根据背景知识，arteriessuchasarteries 的 range 被定义为 artery，符合 RDFS 中 range 公理的语义规则，表示属性客体应属于 artery 类。",1,1,
hard_case_0268,range,range(comediancanbethesameasmale) = male,"背景知识：
条目1：
- 名称：comediancanbethesameasmale
- 类型：Class
- 简介：{%%s %s %%s, is related to}
- 补充信息：generalizations: canbethesameas | domain: comedian | range: male

条目2：
- 名称：male
- 类型：Class
- 简介：{%%s is a %s, male}
- 补充信息：generalizations: person",1,qwen-max-0125,0.0,8192,https://api2.aigcbest.top/v1,"判断结果：正确  
解释：根据背景知识，comediancanbethesameasmale 的 range 被定义为 male，符合 RDFS 中 range 的语义规则，即属性的客体应属于指定类 male。",1,1,
hard_case_0269,range,range(countryhascitizen) = athlete,"背景知识：
条目1：
- 名称：countryhascitizen
- 类型：Class
- 简介：countryhascitizen is a class in the NELL knowledge base.
- 补充信息：generalizations: locationrelatedtoagent | domain: country | range: person

条目2：
- 名称：athlete
- 类型：Unknown
- 简介：An athlete is a person who plays a sport competitively.
- 补充信息：generalizations: person",0,qwen-max-0125,0.0,8192,https://api2.aigcbest.top/v1,"判断结果：错误  
解释：根据背景知识，countryhascitizen的range是person，而athlete并未明确为person的子类，因此该公理与背景知识冲突。",0,1,
hard_case_0270,range,range(dateatwhichexistslocation) = city,"背景知识：
条目1：
- 名称：dateatwhichexistslocation
- 类型：Class
- 简介：dateatwhichexistslocation is a class in the NELL knowledge base.
- 补充信息：generalizations: dateof | domain: date | range: location

条目2：
- 名称：city
- 类型：Unknown
- 简介：City/town/village refers to all named inhabited places at the most locally recognized level, but above the level of neighborhood. It is the most local region where there is a form of government or self-organization. Cities/towns/villages ar...
- 补充信息：generalizations: geopoliticallocation, geopoliticalorganization, geolocatablething",0,qwen-max-0125,0.0,8192,https://api2.aigcbest.top/v1,"判断结果：错误  
解释：根据背景知识，dateatwhichexistslocation的range应为location，而city并未被明确归类为location的子类，因此该公理与背景知识冲突。",0,1,
hard_case_0271,range,range(inverseofarthropodlooklikeinsect) = arthropod,"背景知识：
条目1：
- 名称：inverseofarthropodlooklikeinsect
- 类型：Unknown
- 简介：Describes the arthropod that look like specific insects
- 补充信息：generalizations: relatedto | domain: insect | range: arthropod

条目2：
- 名称：arthropod
- 类型：Unknown
- 简介：Arthropods are members of the phylum Arthropoda.
- 补充信息：generalizations: invertebrate",1,qwen-max-0125,0.0,8192,https://api2.aigcbest.top/v1,"判断结果：正确  
解释：根据背景知识，inverseofarthropodlooklikeinsect 的 range 被定义为 arthropod，与公理一致，符合 RDFS 的 range 语义规则。",1,1,
hard_case_0272,range,range(inverseofcoachstudiedatuniversity) = coach,"背景知识：
条目1：
- 名称：inverseofcoachstudiedatuniversity
- 类型：Unknown
- 简介：Describes the university where the coach studied at
- 补充信息：generalizations: relatedto | domain: university | range: coach

条目2：
- 名称：coach
- 类型：Unknown
- 简介：A coach is a trainer for a sports team. He leads the team in exercises and manages the team during gameplay. This category includes assistant coaches and other trainers.
- 补充信息：generalizations: person",1,qwen-max-0125,0.0,8192,https://api2.aigcbest.top/v1,"判断结果：正确  
解释：根据背景知识，inverseofcoachstudiedatuniversity 的 range 被定义为 coach，这与公理一致，符合 RDFS 的 range 语义规则。",1,1,
hard_case_0274,range,range(locationofbombing) = bombingevent,"背景知识：
条目1：
- 名称：locationofbombing
- 类型：Unknown
- 简介：{%%s is the %s the event %%s, location of}
- 补充信息：generalizations: relatedto | domain: location | range: bombingevent

条目2：
- 名称：bombingevent
- 类型：Unknown
- 简介：{%%s is a %s, bombing event}
- 补充信息：generalizations: event",1,qwen-max-0125,0.0,8192,https://api2.aigcbest.top/v1,"判断结果：正确  
解释：根据背景知识，locationofbombing的range被定义为bombingevent，符合RDFS语义规则中属性客体应属于某一类的约束。",1,1,
hard_case_0276,range,range(officeheldbypolitician) = politician,"背景知识：
条目1：
- 名称：officeheldbypolitician
- 类型：Unknown
- 简介：Specifies that a particular politician holds a particular office
- 补充信息：generalizations: relatedto | domain: politicaloffice | range: politician

条目2：
- 名称：politician
- 类型：Unknown
- 简介：Any person who has held or sought a position in a government. The term ""politician"" may not be strictly accurate for some positions such as kings, but we have to call it something!
- 补充信息：generalizations: person",1,qwen-max-0125,0.0,8192,https://api2.aigcbest.top/v1,"判断结果：正确  
解释：根据背景知识，officeheldbypolitician 的 range 被定义为 politician，这与公理一致，符合 RDFS 的 range 语义规则。",1,1,
hard_case_0277,range,range(timeofprotest) = protestevent,"背景知识：
条目1：
- 名称：timeofprotest
- 类型：Unknown
- 简介：{%%s is the %s the event %%s, time of}
- 补充信息：generalizations: relatedto | domain: time | range: protestevent

条目2：
- 名称：protestevent
- 类型：Unknown
- 简介：{%%s is a %s, protest event}
- 补充信息：generalizations: event",1,qwen-max-0125,0.0,8192,https://api2.aigcbest.top/v1,"判断结果：正确  
解释：根据背景知识，timeofprotest的range被定义为protestevent，且protestevent是event的子类，符合RDFS语义规则中range的约束要求。",1,1,
hard_case_0281,subClassOf,Engineering_Mathematician_Q96777281 ⊑ Engineer,"背景知识：
条目1：
- 名称：Engineering_Mathematician_Q96777281
- 类型：Class
- 简介：Engineering_Mathematician_Q96777281 is a class in the knowledge base.

条目2：
- 名称：Engineer
- 类型：Class
- 简介：An engineer is a practitioner of engineering. The word engineer is derived from the Latin words ingeniare and ingenium (""cleverness""). The foundational qualifications of a licensed professional engineer typically include a four-year bachelo...",1,qwen-max-0125,0.0,8192,https://api2.aigcbest.top/v1,"判断结果：正确  
解释：根据背景知识，Engineering_Mathematician_Q96777281 是一个类，Engineer 也是一个类，且工程数学家可以被合理地视为工程师的一个子集，符合 subClassOf 的语义规则。",1,1,
hard_case_0283,subClassOf,Fictional_Human_Q15632617 ⊑ Fictional_Human_Formerly_Considered_To_Be_Historical_Q64520857,"背景知识：
条目1：
- 名称：Fictional_Human_Q15632617
- 类型：Class
- 简介：Fictional_Human_Q15632617 is a class in the knowledge base.

条目2：
- 名称：Fictional_Human_Formerly_Considered_To_Be_Historical_Q64520857
- 类型：Class
- 简介：Fictional_Human_Formerly_Considered_To_Be_Historical_Q64520857 is a class in the knowledge base.",0,qwen-max-0125,0.0,8192,https://api2.aigcbest.top/v1,"判断结果：错误  
解释：根据背景知识，Fictional_Human_Q15632617 和 Fictional_Human_Formerly_Considered_To_Be_Historical_Q64520857 是两个独立的类，没有明确的包含关系表明前者是后者的子类。",0,1,
hard_case_0284,subClassOf,Fictional_Human_Q15632617 ⊑ Immortal__u0028_Highlander_u0029_,"背景知识：
条目1：
- 名称：Fictional_Human_Q15632617
- 类型：Class
- 简介：Fictional_Human_Q15632617 is a class in the knowledge base.

条目2：
- 名称：Immortal__u0028_Highlander_u0029_
- 类型：Class
- 简介：Immortal__u0028_Highlander_u0029_ is a class in the knowledge base.",0,qwen-max-0125,0.0,8192,https://api2.aigcbest.top/v1,"判断结果：错误  
解释：根据背景知识，Fictional_Human_Q15632617和Immortal__u0028_Highlander_u0029_是两个独立的类，没有信息表明前者一定是后者的子类，因此该公理与背景知识冲突。",0,1,
hard_case_0285,subClassOf,Fictional_Human_Q15632617 ⊑ Witcher_Q20011098,"背景知识：
条目1：
- 名称：Fictional_Human_Q15632617
- 类型：Class
- 简介：Fictional_Human_Q15632617 is a class in the knowledge base.

条目2：
- 名称：Witcher_Q20011098
- 类型：Class
- 简介：Witcher_Q20011098 is a class in the knowledge base.",0,qwen-max-0125,0.0,8192,https://api2.aigcbest.top/v1,"判断结果：错误  
解释：根据背景知识，Fictional_Human_Q15632617和Witcher_Q20011098是两个独立的类，没有信息表明前者是后者的子类，因此该公理与背景知识冲突。",0,1,
hard_case_0286,subClassOf,Financial_analyst ⊑ Financier,"背景知识：
条目1：
- 名称：Financial_analyst
- 类型：Class
- 简介：A financial analyst is a professional undertaking financial analysis for external or internal clients as a core feature of the job. The role may specifically be titled securities analyst, research analyst, equity analyst, investment analyst...

条目2：
- 名称：Financier
- 类型：Class
- 简介：An investor is a person or entity that allocates financial capital with the expectation of a future return (profit) or to gain an advantage (interest). Through this allocated capital the investor usually purchases some species of property.....",1,qwen-max-0125,0.0,8192,https://api2.aigcbest.top/v1,"判断结果：正确  
解释：根据背景知识，Financial_analyst是从事金融分析的专业人士，而Financier是广义上的投资者或金融从业者，Financial_analyst可以被视作Financier的一个子集，符合RDFS中subClassOf的语义规则。",1,1,
hard_case_0288,subClassOf,Ghanaian_Pidgin_English ⊑ English_language,"背景知识：
条目1：
- 名称：Ghanaian_Pidgin_English
- 类型：Class
- 简介：Ghanaian Pidgin English (GhaPE) is a Ghanaian English-lexifier pidgin also known as Pidgin, Broken English, and Kru English. GhaPE is a regional variety of West African Pidgin English spoken in Ghana, predominantly in the southern capital,....

条目2：
- 名称：English_language
- 类型：Class
- 简介：English is a West Germanic language that emerged in early medieval England and has since become a global lingua franca. The namesake of the language is the Angles, one of the Germanic peoples who migrated to Britain after the end of Roman r...",1,qwen-max-0125,0.0,8192,https://api2.aigcbest.top/v1,"判断结果：正确  
解释：根据背景知识，Ghanaian_Pidgin_English 是一种以英语为基础的混合语，语义上可视为 English_language 的子类，符合 RDFS 中 subClassOf 的语义规则。",1,1,
hard_case_0290,subClassOf,Lawyer ⊑ Rábula_Q10365511,"背景知识：
条目1：
- 名称：Lawyer
- 类型：Class
- 简介：A lawyer is a person who is qualified to offer advice about the law, draft legal documents, or represent individuals in legal matters.

条目2：
- 名称：Rábula_Q10365511
- 类型：Class
- 简介：Rábula_Q10365511 is a class in the knowledge base.",0,qwen-max-0125,0.0,8192,https://api2.aigcbest.top/v1,"判断结果：错误  
解释：根据背景知识，Lawyer是一个明确的法律职业相关类，而Rábula_Q10365511的描述未表明其与Lawyer存在包含关系，因此该公理缺乏语义支持。",0,1,
hard_case_0291,subClassOf,Legal_Scholar_Q16012028 ⊑ Constitutional_Lawyer_Q2325224,"背景知识：
条目1：
- 名称：Legal_Scholar_Q16012028
- 类型：Class
- 简介：Legal_Scholar_Q16012028 is a class in the knowledge base.

条目2：
- 名称：Constitutional_Lawyer_Q2325224
- 类型：Class
- 简介：Constitutional_Lawyer_Q2325224 is a class in the knowledge base.",0,qwen-max-0125,0.0,8192,https://api2.aigcbest.top/v1,"判断结果：错误  
解释：根据背景知识，Legal_Scholar_Q16012028和Constitutional_Lawyer_Q2325224是两个独立的类，没有明确的包含关系表明所有Legal_Scholar_Q16012028都是Constitutional_Lawyer_Q2325224的子集。",0,1,
hard_case_0292,subClassOf,Lyricist ⊑ Cancionista_Q24961653,"背景知识：
条目1：
- 名称：Lyricist
- 类型：Class
- 简介：A lyricist is a writer who writes lyrics, as opposed to a composer, who writes the song's music which may include the melody, harmony, arrangement and accompaniment.

条目2：
- 名称：Cancionista_Q24961653
- 类型：Class
- 简介：Cancionista_Q24961653 is a class in the knowledge base.",0,qwen-max-0125,0.0,8192,https://api2.aigcbest.top/v1,"判断结果：错误  
解释：根据背景知识，Lyricist是写歌词的人，而Cancionista_Q24961653的描述未表明其与歌词创作相关，因此无法推断Lyricist是Cancionista_Q24961653的子类。",0,1,
hard_case_0293,subClassOf,Manbhumi_dialect ⊑ Bengali_language,"背景知识：
条目1：
- 名称：Manbhumi_dialect
- 类型：Class
- 简介：Western Bengali or Mānbhūmī Bengali is a set of western vernacular Bengali dialects spoken in Purulia, West Bardhaman, Bankura, Greater Medinipur, Birbhum, Singhbhum, Santal Parganas, Chotanagpur, Kakdwip of South 24 Parganas and other adja...

条目2：
- 名称：Bengali_language
- 类型：Class
- 简介：Bengali, also known by its endonym Bangla, is a classical Indo-Aryan language belonging to the Indo-Iranian branch of the Indo-European language family. It is primarily spoken by the Bengali people, native to the Bengal region. With over 24...",1,qwen-max-0125,0.0,8192,https://api2.aigcbest.top/v1,"判断结果：正确  
解释：根据背景知识，Manbhumi_dialect是西方孟加拉语的一种方言，而Bengali_language是孟加拉语的总称，因此Manbhumi_dialect作为子类包含于Bengali_language是合理的。",1,1,
hard_case_0294,subClassOf,Prankster_Q1344569 ⊑ Comedian,"背景知识：
条目1：
- 名称：Prankster_Q1344569
- 类型：Class
- 简介：Prankster_Q1344569 is a class in the knowledge base.

条目2：
- 名称：Comedian
- 类型：Class
- 简介：A comedian or comic is a person who seeks to entertain an audience by making them laugh. This may be done by telling jokes, creating amusing situations, acting foolishly, or employing prop comedy. A comedian who addresses an audience direct...",1,qwen-max-0125,0.0,8192,https://api2.aigcbest.top/v1,"判断结果：正确  
解释：根据背景知识，Prankster_Q1344569 和 Comedian 都是类，且语义上“恶作剧者”可以被合理地视为“喜剧演员”的一种子类，符合 RDFS 的 subClassOf 语义规则。",1,1,
hard_case_0297,subClassOf,Skerry_Coast_Q13137873 ⊑ Archipelago,"背景知识：
条目1：
- 名称：Skerry_Coast_Q13137873
- 类型：Class
- 简介：Skerry_Coast_Q13137873 is a class in the knowledge base.

条目2：
- 名称：Archipelago
- 类型：Class
- 简介：An archipelago, sometimes called an island group or island chain, is a chain, cluster, or collection of islands. An archipelago may be in an ocean, a sea, or a smaller body of water. Examples of archipelagos include the Aegean Islands, the....",1,qwen-max-0125,0.0,8192,https://api2.aigcbest.top/v1,"判断结果：正确  
解释：根据背景知识，Skerry_Coast_Q13137873和Archipelago均为类，且语义上Skerry_Coast_Q13137873可被合理视为Archipelago的一种特定类型，符合RDFS中subClassOf的语义规则。",1,1,
hard_case_0310,subPropertyOf,homeLocation ⊑p location,"背景知识：
条目1：
- 名称：homeLocation
- 类型：Property
- 简介：A contact location for a person's residence.
- 补充信息：domainIncludes: http://schema.org/Person | rangeIncludes: http://schema.org/ContactPoint, http://schema.org/Place

条目2：
- 名称：location
- 类型：Property
- 简介：The location of, for example, where an event is happening, where an organization is located, or where an action takes place.
- 补充信息：domainIncludes: http://schema.org/Action, http://schema.org/Event, http://schema.org/InteractionCounter, http://schema.org/Organization | rangeIncludes: http://schema.org/Place, ht...",1,qwen-max-0125,0.0,8192,https://api2.aigcbest.top/v1,"判断结果：正确  
解释：根据背景知识，homeLocation的rangeIncludes包含Place，而location的rangeIncludes也包含Place，且location的语义更广，因此homeLocation可以被视作location的子属性。",1,1,
hard_case_0311,subPropertyOf,identifier ⊑p gtin12,"背景知识：
条目1：
- 名称：identifier
- 类型：Property
- 简介：The identifier property represents any kind of identifier for any kind of <a class=""localLink"" href=""/Thing"">Thing</a>, such as ISBNs, GTIN codes, UUIDs etc. Schema.org provides dedicated properties for representing many of these, either as...
- 补充信息：domainIncludes: http://schema.org/Thing | rangeIncludes: http://schema.org/PropertyValue, http://schema.org/Text, http://schema.org/URL

条目2：
- 名称：gtin12
- 类型：Property
- 简介：The GTIN-12 code of the product, or the product to which the offer refers. The GTIN-12 is the 12-digit GS1 Identification Key composed of a U.P.C. Company Prefix, Item Reference, and Check Digit used to identify trade items. See <a href=""ht...
- 补充信息：domainIncludes: http://schema.org/Demand, http://schema.org/Offer, http://schema.org/Product | rangeIncludes: http://schema.org/Text",0,qwen-max-0125,0.0,8192,https://api2.aigcbest.top/v1,"判断结果：错误  
解释：根据背景知识，identifier的范围包括PropertyValue、Text和URL，而gtin12的范围仅为Text，因此identifier不可能是gtin12的子属性。",0,1,
hard_case_0312,subPropertyOf,identifier ⊑p gtin8,"背景知识：
条目1：
- 名称：identifier
- 类型：Property
- 简介：The identifier property represents any kind of identifier for any kind of <a class=""localLink"" href=""/Thing"">Thing</a>, such as ISBNs, GTIN codes, UUIDs etc. Schema.org provides dedicated properties for representing many of these, either as...
- 补充信息：domainIncludes: http://schema.org/Thing | rangeIncludes: http://schema.org/PropertyValue, http://schema.org/Text, http://schema.org/URL

条目2：
- 名称：gtin8
- 类型：Property
- 简介：The GTIN-8 code of the product, or the product to which the offer refers. This code is also known as EAN/UCC-8 or 8-digit EAN. See <a href=""http://www.gs1.org/barcodes/technical/idkeys/gtin"">GS1 GTIN Summary</a> for more details.
- 补充信息：domainIncludes: http://schema.org/Demand, http://schema.org/Offer, http://schema.org/Product | rangeIncludes: http://schema.org/Text",0,qwen-max-0125,0.0,8192,https://api2.aigcbest.top/v1,"判断结果：错误  
解释：根据背景知识，identifier的定义域包含Thing，而gtin8的定义域为Demand、Offer和Product，两者的定义域不一致，且identifier并未被描述为gtin8的子属性，因此该公理与语义规则冲突。",0,1,
hard_case_0313,subPropertyOf,identifier ⊑p issn,"背景知识：
条目1：
- 名称：identifier
- 类型：Property
- 简介：The identifier property represents any kind of identifier for any kind of <a class=""localLink"" href=""/Thing"">Thing</a>, such as ISBNs, GTIN codes, UUIDs etc. Schema.org provides dedicated properties for representing many of these, either as...
- 补充信息：domainIncludes: http://schema.org/Thing | rangeIncludes: http://schema.org/PropertyValue, http://schema.org/Text, http://schema.org/URL

条目2：
- 名称：issn
- 类型：Property
- 简介：The International Standard Serial Number (ISSN) that identifies this serial publication. You can repeat this property to identify different formats of, or the linking ISSN (ISSN-L) for, this serial publication.
- 补充信息：domainIncludes: http://schema.org/Blog, http://schema.org/CreativeWorkSeries, http://schema.org/Dataset, http://schema.org/WebSite | rangeIncludes: http://schema.org/Text",0,qwen-max-0125,0.0,8192,https://api2.aigcbest.top/v1,"判断结果：错误  
解释：根据背景知识，identifier的domainIncludes为Thing，而issn的domainIncludes为Blog、CreativeWorkSeries等特定类，两者的适用范围不一致，因此identifier不是issn的子属性。",0,1,
hard_case_0330,subPropertyOf,orderNumber ⊑p identifier,"背景知识：
条目1：
- 名称：orderNumber
- 类型：Property
- 简介：The identifier of the transaction.
- 补充信息：domainIncludes: http://schema.org/Order | rangeIncludes: http://schema.org/Text

条目2：
- 名称：identifier
- 类型：Property
- 简介：The identifier property represents any kind of identifier for any kind of <a class=""localLink"" href=""/Thing"">Thing</a>, such as ISBNs, GTIN codes, UUIDs etc. Schema.org provides dedicated properties for representing many of these, either as...
- 补充信息：domainIncludes: http://schema.org/Thing | rangeIncludes: http://schema.org/PropertyValue, http://schema.org/Text, http://schema.org/URL",1,qwen-max-0125,0.0,8192,https://api2.aigcbest.top/v1,"判断结果：正确  
解释：根据背景知识，orderNumber的domain是Order，range是Text，而identifier的domain是Thing（Order是Thing的子类），range包含Text，因此orderNumber可以作为identifier的子属性。",1,1,
hard_case_0343,subPropertyOf,workLocation ⊑p location,"背景知识：
条目1：
- 名称：workLocation
- 类型：Property
- 简介：A contact location for a person's place of work.
- 补充信息：domainIncludes: http://schema.org/Person | rangeIncludes: http://schema.org/ContactPoint, http://schema.org/Place

条目2：
- 名称：location
- 类型：Property
- 简介：The location of, for example, where an event is happening, where an organization is located, or where an action takes place.
- 补充信息：domainIncludes: http://schema.org/Action, http://schema.org/Event, http://schema.org/InteractionCounter, http://schema.org/Organization | rangeIncludes: http://schema.org/Place, ht...",1,qwen-max-0125,0.0,8192,https://api2.aigcbest.top/v1,"判断结果：正确  
解释：根据背景知识，workLocation的domainIncludes为Person且rangeIncludes包含Place，而location的domainIncludes包含Action、Event等且rangeIncludes也包含Place，因此workLocation可以被视作location的一种特定情况，符合subPropertyOf语义规则。",1,1,
hard_case_0345,domain,domain(attendee) = Event,"背景知识：
条目1：
- 名称：attendee
- 类型：Property
- 简介：A person or organization attending the event.
- 补充信息：domainIncludes: http://schema.org/Event | rangeIncludes: http://schema.org/Organization, http://schema.org/Person

条目2：
- 名称：Event
- 类型：Property
- 简介：Event or the event may refer to:",1,qwen-max-0125,0.0,8192,https://api2.aigcbest.top/v1,"判断结果：正确  
解释：根据背景知识，attendee的domainIncludes为Event，符合RDFS中domain的语义规则，表明属性attendee的主体应属于Event类。",1,1,
hard_case_0349,domain,domain(coverageEndTime) = LiveBlogPosting,"背景知识：
条目1：
- 名称：coverageEndTime
- 类型：Property
- 简介：The time when the live blog will stop covering the Event. Note that coverage may continue after the Event concludes.
- 补充信息：domainIncludes: http://schema.org/LiveBlogPosting | rangeIncludes: http://schema.org/DateTime

条目2：
- 名称：LiveBlogPosting
- 类型：Property
- 简介：LiveBlogPosting is a property in the knowledge base.",1,qwen-max-0125,0.0,8192,https://api2.aigcbest.top/v1,"判断结果：正确  
解释：根据背景知识，coverageEndTime的domainIncludes为LiveBlogPosting，符合RDFS中domain语义规则，表明该属性的主体应属于LiveBlogPosting类。",1,1,
hard_case_0350,domain,domain(cvdFacilityCounty) = CDCPMDRecord,"背景知识：
条目1：
- 名称：cvdFacilityCounty
- 类型：Property
- 简介：Name of the County of the NHSN facility that this data record applies to. Use <a class=""localLink"" href=""/cvdFacilityId"">cvdFacilityId</a> to identify the facility. To provide other details, <a class=""localLink"" href=""/healthcareReportingDa...
- 补充信息：domainIncludes: http://schema.org/CDCPMDRecord | rangeIncludes: http://schema.org/Text

条目2：
- 名称：CDCPMDRecord
- 类型：Property
- 简介：CDCPMDRecord is a property in the knowledge base.",1,qwen-max-0125,0.0,8192,https://api2.aigcbest.top/v1,"判断结果：正确  
解释：根据背景知识，cvdFacilityCounty的domainIncludes为CDCPMDRecord，符合RDFS语义规则中domain的定义，因此该公理合理。",1,1,
hard_case_0351,domain,domain(cvdNumBeds) = CDCPMDRecord,"背景知识：
条目1：
- 名称：cvdNumBeds
- 类型：Property
- 简介：numbeds - HOSPITAL INPATIENT BEDS: Inpatient beds, including all staffed, licensed, and overflow (surge) beds used for inpatients.
- 补充信息：domainIncludes: http://schema.org/CDCPMDRecord | rangeIncludes: http://schema.org/Number

条目2：
- 名称：CDCPMDRecord
- 类型：Property
- 简介：CDCPMDRecord is a property in the knowledge base.",1,qwen-max-0125,0.0,8192,https://api2.aigcbest.top/v1,"判断结果：正确  
解释：根据背景知识，cvdNumBeds的domainIncludes为CDCPMDRecord，符合RDFS语义规则中domain的定义，因此该公理合理。",1,1,
hard_case_0359,domain,domain(hasDefinedTerm) = DefinedTermSet,"背景知识：
条目1：
- 名称：hasDefinedTerm
- 类型：Property
- 简介：A Defined Term contained in this term set.
- 补充信息：domainIncludes: http://schema.org/DefinedTermSet, http://schema.org/Taxon | rangeIncludes: http://schema.org/DefinedTerm

条目2：
- 名称：DefinedTermSet
- 类型：Property
- 简介：DefinedTermSet is a property in the knowledge base.",1,qwen-max-0125,0.0,8192,https://api2.aigcbest.top/v1,"判断结果：正确  
解释：根据背景知识，hasDefinedTerm的domainIncludes包含DefinedTermSet，符合RDFS中domain语义规则，因此该公理合理。",1,1,
hard_case_0363,domain,domain(industry) = JobPosting,"背景知识：
条目1：
- 名称：industry
- 类型：Property
- 简介：The industry associated with the job position.
- 补充信息：domainIncludes: http://schema.org/JobPosting | rangeIncludes: http://schema.org/DefinedTerm, http://schema.org/Text

条目2：
- 名称：JobPosting
- 类型：Property
- 简介：JobPosting is a property in the knowledge base.",1,qwen-max-0125,0.0,8192,https://api2.aigcbest.top/v1,"判断结果：正确  
解释：根据背景知识，industry的domainIncludes为JobPosting，符合RDFS中domain的语义规则，因此该公理合理。",1,1,
hard_case_0372,domain,domain(numAdults) = LodgingReservation,"背景知识：
条目1：
- 名称：numAdults
- 类型：Property
- 简介：The number of adults staying in the unit.
- 补充信息：domainIncludes: http://schema.org/LodgingReservation | rangeIncludes: http://schema.org/Integer, http://schema.org/QuantitativeValue

条目2：
- 名称：LodgingReservation
- 类型：Property
- 简介：LodgingReservation is a property in the knowledge base.",1,qwen-max-0125,0.0,8192,https://api2.aigcbest.top/v1,"判断结果：正确  
解释：根据背景知识，numAdults的domainIncludes为LodgingReservation，符合RDFS语义规则中domain的定义，因此该公理合理。",1,1,
hard_case_0373,domain,domain(numConstraints) = ConstraintNode,"背景知识：
条目1：
- 名称：numConstraints
- 类型：Property
- 简介：Indicates the number of constraints property values defined for a particular <a class=""localLink"" href=""/ConstraintNode"">ConstraintNode</a> such as <a class=""localLink"" href=""/StatisticalVariable"">StatisticalVariable</a>. This helps applica...
- 补充信息：domainIncludes: http://schema.org/ConstraintNode | rangeIncludes: http://schema.org/Integer

条目2：
- 名称：ConstraintNode
- 类型：Property
- 简介：ConstraintNode is a property in the knowledge base.",1,qwen-max-0125,0.0,8192,https://api2.aigcbest.top/v1,"判断结果：正确  
解释：根据背景知识，numConstraints的domainIncludes为ConstraintNode，符合RDFS中domain语义规则，表明numConstraints的主体应属于ConstraintNode类。",1,1,
hard_case_0376,domain,domain(performer) = Event,"背景知识：
条目1：
- 名称：performer
- 类型：Property
- 简介：A performer at the event&#x2014;for example, a presenter, musician, musical group or actor.
- 补充信息：domainIncludes: http://schema.org/Event | rangeIncludes: http://schema.org/Organization, http://schema.org/Person

条目2：
- 名称：Event
- 类型：Property
- 简介：Event or the event may refer to:",1,qwen-max-0125,0.0,8192,https://api2.aigcbest.top/v1,"判断结果：正确  
解释：根据背景知识，performer 的 domainIncludes 为 Event，符合 RDFS 中 domain 的语义规则，即属性的主体应属于指定类。",1,1,
hard_case_0388,domain,domain(step) = HowTo,"背景知识：
条目1：
- 名称：step
- 类型：Property
- 简介：A single step item (as HowToStep, text, document, video, etc.) or a HowToSection.
- 补充信息：domainIncludes: http://schema.org/HowTo | rangeIncludes: http://schema.org/CreativeWork, http://schema.org/HowToSection, http://schema.org/HowToStep, http://schema.org/Text

条目2：
- 名称：HowTo
- 类型：Property
- 简介：How to or how-to may refer to:A user guide A tutorial Especially, instructional material created for the do it yourself market",1,qwen-max-0125,0.0,8192,https://api2.aigcbest.top/v1,"判断结果：正确  
解释：根据背景知识，step的domainIncludes为HowTo，符合RDFS语义规则中domain的定义，因此该公理合理。",1,1,
hard_case_0390,domain,domain(typicalCreditsPerTerm) = EducationalOccupationalProgram,"背景知识：
条目1：
- 名称：typicalCreditsPerTerm
- 类型：Property
- 简介：The number of credits or units a full-time student would be expected to take in 1 term however 'term' is defined by the institution.
- 补充信息：domainIncludes: http://schema.org/EducationalOccupationalProgram | rangeIncludes: http://schema.org/Integer, http://schema.org/StructuredValue

条目2：
- 名称：EducationalOccupationalProgram
- 类型：Property
- 简介：EducationalOccupationalProgram is a property in the knowledge base.",1,qwen-max-0125,0.0,8192,https://api2.aigcbest.top/v1,"判断结果：正确  
解释：根据背景知识，typicalCreditsPerTerm的domainIncludes为EducationalOccupationalProgram，符合RDFS中domain语义规则，表明该属性的主体应属于EducationalOccupationalProgram类。",1,1,
hard_case_0397,range,range(availableFrom) = DateTime,"背景知识：
条目1：
- 名称：availableFrom
- 类型：Property
- 简介：When the item is available for pickup from the store, locker, etc.
- 补充信息：domainIncludes: http://schema.org/DeliveryEvent | rangeIncludes: http://schema.org/DateTime

条目2：
- 名称：DateTime
- 类型：Property
- 简介：DateTime is a property in the knowledge base.",1,qwen-max-0125,0.0,8192,https://api2.aigcbest.top/v1,"判断结果：正确  
解释：根据背景知识，availableFrom的rangeIncludes为DateTime，符合RDFS语义规则中range的定义。",1,1,
hard_case_0399,range,range(carbohydrateContent) = Mass,"背景知识：
条目1：
- 名称：carbohydrateContent
- 类型：Property
- 简介：The number of grams of carbohydrates.
- 补充信息：domainIncludes: http://schema.org/NutritionInformation | rangeIncludes: http://schema.org/Mass

条目2：
- 名称：Mass
- 类型：Property
- 简介：Mass is an intrinsic property of a body. In modern physics, it is generally defined as the strength of an object's gravitational attraction to other bodies - as measured by an observer moving along at the same speed.",1,qwen-max-0125,0.0,8192,https://api2.aigcbest.top/v1,"判断结果：正确  
解释：根据背景知识，carbohydrateContent的rangeIncludes为Mass，符合RDFS语义规则中range的定义，即属性的客体应属于指定类。",1,1,
hard_case_0403,range,range(deliveryStatus) = DeliveryEvent,"背景知识：
条目1：
- 名称：deliveryStatus
- 类型：Property
- 简介：New entry added as the package passes through each leg of its journey (from shipment to final delivery).
- 补充信息：domainIncludes: http://schema.org/ParcelDelivery | rangeIncludes: http://schema.org/DeliveryEvent

条目2：
- 名称：DeliveryEvent
- 类型：Property
- 简介：DeliveryEvent is a property in the knowledge base.",1,qwen-max-0125,0.0,8192,https://api2.aigcbest.top/v1,"判断结果：正确  
解释：根据背景知识，deliveryStatus的rangeIncludes为DeliveryEvent，符合RDFS语义规则中range的定义。",1,1,
hard_case_0410,range,range(height) = QuantitativeValue,"背景知识：
条目1：
- 名称：height
- 类型：Property
- 简介：The height of the item.
- 补充信息：domainIncludes: http://schema.org/MediaObject, http://schema.org/OfferShippingDetails, http://schema.org/Person, http://schema.org/Product, http://schema.org/ShippingConditions, ht...

条目2：
- 名称：QuantitativeValue
- 类型：Property
- 简介：QuantitativeValue is a property in the knowledge base.",1,qwen-max-0125,0.0,8192,https://api2.aigcbest.top/v1,"判断结果：正确  
解释：根据背景知识，height的range被定义为QuantitativeValue，符合RDFS语义规则中属性值范围的约束。",1,1,
hard_case_0414,range,range(logo) = ImageObject,"背景知识：
条目1：
- 名称：logo
- 类型：Property
- 简介：An associated logo.
- 补充信息：domainIncludes: http://schema.org/Brand, http://schema.org/Certification, http://schema.org/Organization, http://schema.org/Place, http://schema.org/Product, http://schema.org/Serv...

条目2：
- 名称：ImageObject
- 类型：Property
- 简介：ImageObject is a property in the knowledge base.",1,qwen-max-0125,0.0,8192,https://api2.aigcbest.top/v1,"判断结果：正确  
解释：根据背景知识，logo的range被定义为ImageObject，符合RDFS语义规则中属性范围的约束。",1,1,
hard_case_0420,range,range(pathophysiology) = Text,"背景知识：
条目1：
- 名称：pathophysiology
- 类型：Property
- 简介：Changes in the normal mechanical, physical, and biochemical functions that are associated with this activity or condition.
- 补充信息：domainIncludes: http://schema.org/MedicalCondition, http://schema.org/PhysicalActivity | rangeIncludes: http://schema.org/Text

条目2：
- 名称：Text
- 类型：Property
- 简介：Text may refer to:",1,qwen-max-0125,0.0,8192,https://api2.aigcbest.top/v1,"判断结果：正确  
解释：根据背景知识，pathophysiology的rangeIncludes为Text，符合RDFS语义规则中range的定义，因此该公理合理。",1,1,
hard_case_0423,range,range(publication) = PublicationEvent,"背景知识：
条目1：
- 名称：publication
- 类型：Property
- 简介：A publication event associated with the item.
- 补充信息：domainIncludes: http://schema.org/CreativeWork | rangeIncludes: http://schema.org/PublicationEvent

条目2：
- 名称：PublicationEvent
- 类型：Property
- 简介：PublicationEvent is a property in the knowledge base.",1,qwen-max-0125,0.0,8192,https://api2.aigcbest.top/v1,"判断结果：正确  
解释：根据背景知识，publication的rangeIncludes为PublicationEvent，符合RDFS语义规则中range的定义，因此该公理合理。",1,1,
hard_case_0425,range,range(recipient) = Person,"背景知识：
条目1：
- 名称：recipient
- 类型：Property
- 简介：A sub property of participant. The participant who is at the receiving end of the action.
- 补充信息：domainIncludes: http://schema.org/AuthorizeAction, http://schema.org/CommunicateAction, http://schema.org/DonateAction, http://schema.org/GiveAction, http://schema.org/Message, htt...

条目2：
- 名称：Person
- 类型：Property
- 简介：A person is a being who has certain capacities or attributes such as reason, morality, consciousness or self-consciousness, and being a part of a culturally established form of social relations such as kinship, ownership of property, or leg...",1,qwen-max-0125,0.0,8192,https://api2.aigcbest.top/v1,"判断结果：正确  
解释：根据背景知识，recipient的range被定义为Person，符合RDFS语义规则中属性客体应属于某一类的约束。",1,1,
hard_case_0426,range,range(requiresSubscription) = Boolean,"背景知识：
条目1：
- 名称：requiresSubscription
- 类型：Property
- 简介：Indicates if use of the media require a subscription (either paid or free). Allowed values are <code>true</code> or <code>false</code> (note that an earlier version had 'yes', 'no').
- 补充信息：domainIncludes: http://schema.org/ActionAccessSpecification, http://schema.org/MediaObject | rangeIncludes: http://schema.org/Boolean, http://schema.org/MediaSubscription

条目2：
- 名称：Boolean
- 类型：Property
- 简介：Any kind of logic, function, expression, or theory based on the work of George Boole is considered Boolean.",1,qwen-max-0125,0.0,8192,https://api2.aigcbest.top/v1,"判断结果：正确  
解释：根据背景知识，requiresSubscription的rangeIncludes包含Boolean，符合RDFS语义规则中range的定义。",1,1,
