id,dataset,model,prompt_type,axiom_type,total_samples,accuracy,precision,recall,f1
1,dbpedia,claude_haiku,basic_prompt,domain,200,0.685,0.8936170212765957,0.42,0.5714285714285714
2,dbpedia,claude_haiku,basic_prompt,range,200,0.885,0.9325842696629213,0.83,0.8783068783068783
3,dbpedia,claude_haiku,basic_prompt,subClassOf,200,0.91,0.91,0.91,0.91
4,dbpedia,claude_haiku,basic_prompt,subPropertyOf,160,0.8375,0.8461538461538461,0.825,0.8354430379746836
5,dbpedia,claude_haiku,context_guided_prompt,domain,197,0.817258883248731,0.8333333333333334,0.8,0.8163265306122449
6,dbpedia,claude_haiku,context_guided_prompt,range,200,0.81,0.7980769230769231,0.83,0.8137254901960784
7,dbpedia,claude_haiku,context_guided_prompt,subClassOf,200,0.915,0.9560439560439561,0.87,0.9109947643979057
8,dbpedia,claude_haiku,context_guided_prompt,subPropertyOf,160,0.80625,0.8181818181818182,0.7875,0.802547770700637
9,dbpedia,claude_haiku,instruction_enhanced_prompt,domain,200,0.685,0.9512195121951219,0.39,0.5531914893617021
10,dbpedia,claude_haiku,instruction_enhanced_prompt,range,200,0.855,0.9176470588235294,0.78,0.8432432432432433
11,dbpedia,claude_haiku,instruction_enhanced_prompt,subClassOf,200,0.925,0.956989247311828,0.89,0.9222797927461139
12,dbpedia,claude_haiku,instruction_enhanced_prompt,subPropertyOf,160,0.76875,0.8208955223880597,0.6875,0.7482993197278912
13,dbpedia,gpt_5_mini,basic_prompt,domain,200,0.685,0.9111111111111111,0.41,0.5655172413793104
14,dbpedia,gpt_5_mini,basic_prompt,range,200,0.845,0.9367088607594937,0.74,0.8268156424581006
15,dbpedia,gpt_5_mini,basic_prompt,subClassOf,200,0.935,1.0,0.87,0.93048128342246
16,dbpedia,gpt_5_mini,basic_prompt,subPropertyOf,160,0.8875,0.9696969696969697,0.8,0.8767123287671232
17,dbpedia,gpt_5_mini,context_guided_prompt,domain,200,0.78,0.7372881355932204,0.87,0.7981651376146789
18,dbpedia,gpt_5_mini,context_guided_prompt,range,200,0.79,0.7265625,0.93,0.8157894736842105
19,dbpedia,gpt_5_mini,context_guided_prompt,subClassOf,200,0.92,0.9772727272727273,0.86,0.9148936170212766
20,dbpedia,gpt_5_mini,context_guided_prompt,subPropertyOf,160,0.85,0.9117647058823529,0.775,0.8378378378378378
21,dbpedia,gpt_5_mini,instruction_enhanced_prompt,domain,200,0.71,0.8,0.56,0.6588235294117647
22,dbpedia,gpt_5_mini,instruction_enhanced_prompt,range,200,0.85,0.8431372549019608,0.86,0.8514851485148515
23,dbpedia,gpt_5_mini,instruction_enhanced_prompt,subClassOf,200,0.93,0.9777777777777777,0.88,0.9263157894736842
24,dbpedia,gpt_5_mini,instruction_enhanced_prompt,subPropertyOf,160,0.86875,0.8470588235294118,0.9,0.8727272727272727
25,dbpedia,qwen_max,basic_prompt,domain,200,0.585,1.0,0.17,0.2905982905982906
26,dbpedia,qwen_max,basic_prompt,range,200,0.85,0.9605263157894737,0.73,0.8295454545454546
27,dbpedia,qwen_max,basic_prompt,subClassOf,200,0.925,0.9207920792079208,0.93,0.9253731343283582
28,dbpedia,qwen_max,basic_prompt,subPropertyOf,160,0.66875,0.9655172413793104,0.35,0.5137614678899083
29,dbpedia,qwen_max,context_guided_prompt,domain,200,0.765,0.9491525423728814,0.56,0.7044025157232704
30,dbpedia,qwen_max,context_guided_prompt,range,200,0.89,0.89,0.89,0.89
31,dbpedia,qwen_max,context_guided_prompt,subClassOf,200,0.935,0.9887640449438202,0.88,0.9312169312169312
32,dbpedia,qwen_max,context_guided_prompt,subPropertyOf,160,0.8375,0.9821428571428571,0.6875,0.8088235294117647
33,dbpedia,qwen_max,instruction_enhanced_prompt,domain,200,0.57,1.0,0.14,0.24561403508771928
34,dbpedia,qwen_max,instruction_enhanced_prompt,range,200,0.815,0.9565217391304348,0.66,0.7810650887573964
35,dbpedia,qwen_max,instruction_enhanced_prompt,subClassOf,200,0.92,0.9117647058823529,0.93,0.9207920792079208
36,dbpedia,qwen_max,instruction_enhanced_prompt,subPropertyOf,160,0.6125,0.95,0.2375,0.38
37,nell,claude_haiku,basic_prompt,domain,120,0.7083333333333334,1.0,0.4166666666666667,0.5882352941176471
38,nell,claude_haiku,basic_prompt,range,120,0.7583333333333333,1.0,0.5166666666666667,0.6813186813186813
39,nell,claude_haiku,basic_prompt,subClassOf,120,0.85,0.9038461538461539,0.7833333333333333,0.8392857142857143
40,nell,claude_haiku,basic_prompt,subPropertyOf,120,0.6833333333333333,0.8666666666666667,0.43333333333333335,0.5777777777777777
41,nell,claude_haiku,context_guided_prompt,domain,120,0.8833333333333333,1.0,0.7666666666666667,0.8679245283018868
42,nell,claude_haiku,context_guided_prompt,range,120,0.9333333333333333,1.0,0.8666666666666667,0.9285714285714286
43,nell,claude_haiku,context_guided_prompt,subClassOf,120,0.9833333333333333,1.0,0.9666666666666667,0.9830508474576272
44,nell,claude_haiku,context_guided_prompt,subPropertyOf,120,0.8666666666666667,1.0,0.7333333333333333,0.8461538461538461
45,nell,claude_haiku,instruction_enhanced_prompt,domain,120,0.7166666666666667,1.0,0.43333333333333335,0.6046511627906976
46,nell,claude_haiku,instruction_enhanced_prompt,range,120,0.7416666666666667,1.0,0.48333333333333334,0.651685393258427
47,nell,claude_haiku,instruction_enhanced_prompt,subClassOf,120,0.8583333333333333,0.9215686274509803,0.7833333333333333,0.8468468468468469
48,nell,claude_haiku,instruction_enhanced_prompt,subPropertyOf,120,0.6166666666666667,0.8181818181818182,0.3,0.43902439024390244
49,nell,gpt_5_mini,basic_prompt,domain,120,0.85,0.9565217391304348,0.7333333333333333,0.8301886792452831
50,nell,gpt_5_mini,basic_prompt,range,120,0.85,0.9772727272727273,0.7166666666666667,0.8269230769230769
51,nell,gpt_5_mini,basic_prompt,subClassOf,120,0.8416666666666667,0.9767441860465116,0.7,0.8155339805825242
52,nell,gpt_5_mini,basic_prompt,subPropertyOf,120,0.8333333333333334,0.9761904761904762,0.6833333333333333,0.803921568627451
53,nell,gpt_5_mini,context_guided_prompt,domain,120,0.9666666666666667,1.0,0.9333333333333333,0.9655172413793104
54,nell,gpt_5_mini,context_guided_prompt,range,120,0.9583333333333334,0.9661016949152542,0.95,0.957983193277311
55,nell,gpt_5_mini,context_guided_prompt,subClassOf,119,1.0,1.0,1.0,1.0
56,nell,gpt_5_mini,context_guided_prompt,subPropertyOf,120,0.825,1.0,0.65,0.7878787878787878
57,nell,gpt_5_mini,instruction_enhanced_prompt,domain,120,0.875,0.9787234042553191,0.7666666666666667,0.8598130841121495
58,nell,gpt_5_mini,instruction_enhanced_prompt,range,120,0.8833333333333333,0.9423076923076923,0.8166666666666667,0.875
59,nell,gpt_5_mini,instruction_enhanced_prompt,subClassOf,120,0.8666666666666667,0.9583333333333334,0.7666666666666667,0.8518518518518519
60,nell,gpt_5_mini,instruction_enhanced_prompt,subPropertyOf,120,0.875,0.9245283018867925,0.8166666666666667,0.8672566371681416
61,nell,qwen_max,basic_prompt,domain,120,0.7,1.0,0.4,0.5714285714285714
62,nell,qwen_max,basic_prompt,range,120,0.6833333333333333,0.9583333333333334,0.38333333333333336,0.5476190476190477
63,nell,qwen_max,basic_prompt,subClassOf,120,0.9,0.98,0.8166666666666667,0.8909090909090909
64,nell,qwen_max,basic_prompt,subPropertyOf,120,0.5666666666666667,1.0,0.13333333333333333,0.23529411764705882
65,nell,qwen_max,context_guided_prompt,domain,120,1.0,1.0,1.0,1.0
66,nell,qwen_max,context_guided_prompt,range,120,0.9833333333333333,1.0,0.9666666666666667,0.9830508474576272
67,nell,qwen_max,context_guided_prompt,subClassOf,120,0.9916666666666667,1.0,0.9833333333333333,0.9915966386554622
68,nell,qwen_max,context_guided_prompt,subPropertyOf,120,0.9166666666666666,0.9464285714285714,0.8833333333333333,0.9137931034482759
69,nell,qwen_max,instruction_enhanced_prompt,domain,120,0.6416666666666667,1.0,0.2833333333333333,0.44155844155844154
70,nell,qwen_max,instruction_enhanced_prompt,range,120,0.6833333333333333,0.9583333333333334,0.38333333333333336,0.5476190476190477
71,nell,qwen_max,instruction_enhanced_prompt,subClassOf,120,0.8916666666666667,0.9795918367346939,0.8,0.8807339449541285
72,nell,qwen_max,instruction_enhanced_prompt,subPropertyOf,120,0.55,1.0,0.1,0.18181818181818182
73,yago,claude_haiku,basic_prompt,domain,118,0.7457627118644068,0.8043478260869565,0.6379310344827587,0.7115384615384616
74,yago,claude_haiku,basic_prompt,range,120,0.7666666666666667,0.9705882352941176,0.55,0.7021276595744681
75,yago,claude_haiku,basic_prompt,subClassOf,120,0.8333333333333334,0.7857142857142857,0.9166666666666666,0.8461538461538461
76,yago,claude_haiku,basic_prompt,subPropertyOf,120,0.725,0.7647058823529411,0.65,0.7027027027027027
77,yago,claude_haiku,context_guided_prompt,domain,120,0.6833333333333333,1.0,0.36666666666666664,0.5365853658536586
78,yago,claude_haiku,context_guided_prompt,range,120,0.7666666666666667,0.9705882352941176,0.55,0.7021276595744681
79,yago,claude_haiku,context_guided_prompt,subClassOf,120,0.8916666666666667,0.8983050847457628,0.8833333333333333,0.8907563025210085
80,yago,claude_haiku,context_guided_prompt,subPropertyOf,120,0.6666666666666666,0.8846153846153846,0.38333333333333336,0.5348837209302325
81,yago,claude_haiku,instruction_enhanced_prompt,domain,116,0.7155172413793104,0.8529411764705882,0.5087719298245614,0.6373626373626373
82,yago,claude_haiku,instruction_enhanced_prompt,range,119,0.7394957983193278,0.9666666666666667,0.4915254237288136,0.651685393258427
83,yago,claude_haiku,instruction_enhanced_prompt,subClassOf,120,0.8583333333333333,0.8115942028985508,0.9333333333333333,0.8682170542635659
84,yago,claude_haiku,instruction_enhanced_prompt,subPropertyOf,120,0.6583333333333333,0.6610169491525424,0.65,0.6554621848739496
85,yago,gpt_5_mini,basic_prompt,domain,120,0.675,0.8181818181818182,0.45,0.5806451612903226
86,yago,gpt_5_mini,basic_prompt,range,120,0.7833333333333333,1.0,0.5666666666666667,0.723404255319149
87,yago,gpt_5_mini,basic_prompt,subClassOf,120,0.8666666666666667,0.9782608695652174,0.75,0.8490566037735849
88,yago,gpt_5_mini,basic_prompt,subPropertyOf,120,0.7916666666666666,0.926829268292683,0.6333333333333333,0.7524752475247525
89,yago,gpt_5_mini,context_guided_prompt,domain,120,0.6166666666666667,1.0,0.23333333333333334,0.3783783783783784
90,yago,gpt_5_mini,context_guided_prompt,range,120,0.725,1.0,0.45,0.6206896551724138
91,yago,gpt_5_mini,context_guided_prompt,subClassOf,120,0.9166666666666666,0.9629629629629629,0.8666666666666667,0.9122807017543859
92,yago,gpt_5_mini,context_guided_prompt,subPropertyOf,120,0.7333333333333333,1.0,0.4666666666666667,0.6363636363636364
93,yago,gpt_5_mini,instruction_enhanced_prompt,domain,120,0.7083333333333334,0.7272727272727273,0.6666666666666666,0.6956521739130435
94,yago,gpt_5_mini,instruction_enhanced_prompt,range,120,0.8,0.8214285714285714,0.7666666666666667,0.7931034482758621
95,yago,gpt_5_mini,instruction_enhanced_prompt,subClassOf,120,0.9333333333333333,0.9814814814814815,0.8833333333333333,0.9298245614035088
96,yago,gpt_5_mini,instruction_enhanced_prompt,subPropertyOf,120,0.8,0.8461538461538461,0.7333333333333333,0.7857142857142857
97,yago,qwen_max,basic_prompt,domain,120,0.5833333333333334,0.9166666666666666,0.18333333333333332,0.3055555555555556
98,yago,qwen_max,basic_prompt,range,120,0.725,0.9655172413793104,0.4666666666666667,0.6292134831460674
99,yago,qwen_max,basic_prompt,subClassOf,120,0.8833333333333333,0.9107142857142857,0.85,0.8793103448275862
100,yago,qwen_max,basic_prompt,subPropertyOf,120,0.65,0.875,0.35,0.5
101,yago,qwen_max,context_guided_prompt,domain,120,0.6666666666666666,1.0,0.3333333333333333,0.5
102,yago,qwen_max,context_guided_prompt,range,120,0.7583333333333333,0.9696969696969697,0.5333333333333333,0.6881720430107527
103,yago,qwen_max,context_guided_prompt,subClassOf,120,0.9083333333333333,1.0,0.8166666666666667,0.8990825688073395
104,yago,qwen_max,context_guided_prompt,subPropertyOf,120,0.6833333333333333,1.0,0.36666666666666664,0.5365853658536586
105,yago,qwen_max,instruction_enhanced_prompt,domain,120,0.575,0.9090909090909091,0.16666666666666666,0.28169014084507044
106,yago,qwen_max,instruction_enhanced_prompt,range,120,0.6833333333333333,0.9583333333333334,0.38333333333333336,0.5476190476190477
107,yago,qwen_max,instruction_enhanced_prompt,subClassOf,120,0.8833333333333333,0.896551724137931,0.8666666666666667,0.8813559322033898
108,yago,qwen_max,instruction_enhanced_prompt,subPropertyOf,120,0.5333333333333333,1.0,0.06666666666666667,0.125
