id,axiom_type,axiom_text,context_info,label,model_name,temperature,max_tokens,base_url,model_output,model_label,is_correct,error
sample_0002,subClassOf,Airline is a subclass of PublicTransitSystem.,"背景知识：
条目1：
- 名称：Airline
- 类型：Class
- 简介：airline

条目2：
- 名称：PublicTransitSystem
- 类型：Class
- 简介：A public transit system is a shared passenger transportation service which is available for use by the general public. Public transport modes include buses, trolleybuses, trams and trains, 'rapid transit' (metro/subways/undergrounds etc) an...",1,qwen-max-0125,0.0,8192,https://api2.aigcbest.top/v1,"判断结果：错误  
解释：根据背景知识，Airline表示航空公司，而PublicTransitSystem表示公共交通系统，航空公司的服务性质与公共交通系统的定义不完全一致，因此Airline不是PublicTransitSystem的子类。",0,0,
sample_0004,subClassOf,"If an entity belongs to class Airline, then it also belongs to class PublicTransitSystem.","背景知识：
条目1：
- 名称：Airline
- 类型：Class
- 简介：airline

条目2：
- 名称：PublicTransitSystem
- 类型：Class
- 简介：A public transit system is a shared passenger transportation service which is available for use by the general public. Public transport modes include buses, trolleybuses, trams and trains, 'rapid transit' (metro/subways/undergrounds etc) an...",1,qwen-max-0125,0.0,8192,https://api2.aigcbest.top/v1,"判断结果：错误  
解释：根据背景知识，Airline（航空公司）和PublicTransitSystem（公共交通系统）是两个不同的类，航空公司的服务性质与公共交通系统的定义不完全一致，因此不能推断出所有属于Airline的实体也必然属于PublicTransitSystem。",0,0,
sample_0005,subClassOf,The class Airline is included in the class PublicTransitSystem.,"背景知识：
条目1：
- 名称：Airline
- 类型：Class
- 简介：airline

条目2：
- 名称：PublicTransitSystem
- 类型：Class
- 简介：A public transit system is a shared passenger transportation service which is available for use by the general public. Public transport modes include buses, trolleybuses, trams and trains, 'rapid transit' (metro/subways/undergrounds etc) an...",1,qwen-max-0125,0.0,8192,https://api2.aigcbest.top/v1,"判断结果：错误  
解释：根据背景知识，Airline表示航空公司，而PublicTransitSystem表示公共交通系统，航空公司的性质与公共交通系统的定义不完全一致，因此Airline不应被包含在PublicTransitSystem中。",0,0,
sample_0042,subClassOf,PopulatedPlace is a subclass of Agglomeration.,"背景知识：
条目1：
- 名称：PopulatedPlace
- 类型：Class
- 简介：As defined by the United States Geological Survey, a populated place is a place or area with clustered or scattered buildings and a permanent human population (city, settlement, town, or village) referenced with geographic coordinates (http...

条目2：
- 名称：Agglomeration
- 类型：Class
- 简介：agglomeration",0,qwen-max-0125,0.0,8192,https://api2.aigcbest.top/v1,"判断结果：正确  
解释：根据背景知识，PopulatedPlace表示有人口居住的地方，而Agglomeration表示聚集地，语义上PopulatedPlace可以被看作是Agglomeration的一种特定类型，符合subClassOf的语义规则。",1,0,
sample_0047,subClassOf,TopicalConcept is a subclass of Type.,"背景知识：
条目1：
- 名称：TopicalConcept
- 类型：Class
- 简介：topical concept

条目2：
- 名称：Type
- 类型：Class
- 简介：a category within a classification system",0,qwen-max-0125,0.0,8192,https://api2.aigcbest.top/v1,"判断结果：正确  
解释：根据背景知识，TopicalConcept和Type均为类，且语义上“topical concept”可以被合理地视为分类系统中的一个类别，符合subClassOf的语义规则。",1,0,
sample_0050,subClassOf,The class TopicalConcept is included in the class Type.,"背景知识：
条目1：
- 名称：TopicalConcept
- 类型：Class
- 简介：topical concept

条目2：
- 名称：Type
- 类型：Class
- 简介：a category within a classification system",0,qwen-max-0125,0.0,8192,https://api2.aigcbest.top/v1,"判断结果：正确  
解释：根据背景知识，TopicalConcept和Type均为类，且语义上“topical concept”可以被合理地视为分类系统中的一个类别，符合subClassOf的语义规则。",1,0,
sample_0060,subPropertyOf,The property administrativeHeadCity is more specific than the property capital.,"背景知识：
条目1：
- 名称：administrativeHeadCity
- 类型：Property
- 简介：city where stand the administrative power

条目2：
- 名称：capital
- 类型：Property
- 简介：capital",0,qwen-max-0125,0.0,8192,https://api2.aigcbest.top/v1,"判断结果：正确  
解释：根据背景知识，administrativeHeadCity描述的是拥有行政权力的城市，而capital通常指首都，具有更广泛的含义，因此administrativeHeadCity是capital的更具体形式，符合subPropertyOf语义规则。",1,0,
sample_0063,subPropertyOf,"If two resources are related by championInMixedDouble, then they are also related by championInDouble.","背景知识：
条目1：
- 名称：championInMixedDouble
- 类型：Property
- 简介：winner of a competition in the mixed double session (as in tennis)

条目2：
- 名称：championInDouble
- 类型：Property
- 简介：winner of a competition in the double session (as in tennis)",1,qwen-max-0125,0.0,8192,https://api2.aigcbest.top/v1,"判断结果：错误  
解释：根据背景知识，championInMixedDouble特指混合双打比赛的获胜者，而championInDouble泛指双打比赛的获胜者，两者语义不同，无法推导出前者必然蕴含后者。",0,0,
sample_0090,subPropertyOf,The property code is more specific than the property dfE.,"背景知识：
条目1：
- 名称：code
- 类型：Property
- 简介：Superproperty for any designation (string, integer as string) that is meant to identify an entity within the context of a system

条目2：
- 名称：dfE
- 类型：Property
- 简介：Department for Education (UK) number of a school in England or Wales",0,qwen-max-0125,0.0,8192,https://api2.aigcbest.top/v1,"判断结果：正确  
解释：根据背景知识，code是用于标识系统中实体的超属性，而dfE是特定于英国教育部学校编号的属性，因此code比dfE更通用，符合subPropertyOf语义规则。",1,0,
sample_0105,subPropertyOf,The property code is more specific than the property dutchWinkelID.,"背景知识：
条目1：
- 名称：code
- 类型：Property
- 简介：Superproperty for any designation (string, integer as string) that is meant to identify an entity within the context of a system

条目2：
- 名称：dutchWinkelID
- 类型：Property
- 简介：Dutch Winkel ID is a code for an underground publication, as attributed by Lydia Winkel's work on the underground WW II press in the Netherlands.",0,qwen-max-0125,0.0,8192,https://api2.aigcbest.top/v1,"判断结果：正确  
解释：根据背景知识，dutchWinkelID是code的一种具体形式，因此code作为更通用的属性，与dutchWinkelID构成subPropertyOf关系，符合RDFS语义规则。",1,0,
sample_0125,subPropertyOf,The property followedBy is more specific than the property nextMission.,"背景知识：
条目1：
- 名称：followedBy
- 类型：Property
- 简介：followed by

条目2：
- 名称：nextMission
- 类型：Property
- 简介：next mission",0,qwen-max-0125,0.0,8192,https://api2.aigcbest.top/v1,"判断结果：正确  
解释：根据背景知识，followedBy和nextMission均为属性，且语义上followedBy可以被视为nextMission的一种更具体表达，符合subPropertyOf的语义规则。",1,0,
sample_0138,domain,"If a resource uses property address as subject, then it should belong to class Place.","背景知识：
条目1：
- 名称：address
- 类型：Property
- 简介：Address of something as literal. Usually Building, but we also use it for the address of a Region's or Settlement's government

条目2：
- 名称：Place
- 类型：Class
- 简介：place",1,qwen-max-0125,0.0,8192,https://api2.aigcbest.top/v1,"判断结果：错误  
解释：根据背景知识，address是用于描述某事物的地址属性，而Place是一个表示地点的类，公理中将address作为主体(subject)与语义规则不符，因为address应作为属性(predicate)使用。",0,0,
sample_0150,domain,Property agency can only be applied to subjects of class BaseballPlayer.,"背景知识：
条目1：
- 名称：agency
- 类型：Property
- 简介：agency

条目2：
- 名称：BaseballPlayer
- 类型：Class
- 简介：baseball player",0,qwen-max-0125,0.0,8192,https://api2.aigcbest.top/v1,"判断结果：正确  
解释：根据背景知识，agency是属性，BaseballPlayer是类，公理表明agency的主体必须属于BaseballPlayer类，符合RDFS中domain语义规则。",1,0,
sample_0155,domain,Property alliance can only be applied to subjects of class BaseballPlayer.,"背景知识：
条目1：
- 名称：alliance
- 类型：Property
- 简介：alliance

条目2：
- 名称：BaseballPlayer
- 类型：Class
- 简介：baseball player",0,qwen-max-0125,0.0,8192,https://api2.aigcbest.top/v1,"判断结果：正确  
解释：根据背景知识，alliance是属性，BaseballPlayer是类，公理表明alliance的主体必须属于BaseballPlayer类，符合RDFS中domain语义规则。",1,0,
sample_0156,domain,domain(aoCloassification) = SpaceMission,"背景知识：
条目1：
- 名称：aoCloassification
- 类型：Property
- 简介：AO

条目2：
- 名称：SpaceMission
- 类型：Class
- 简介：space mission",0,qwen-max-0125,0.0,8192,https://api2.aigcbest.top/v1,"判断结果：正确  
解释：根据背景知识，aoCloassification是一个属性，SpaceMission是一个类，domain定义了属性的主体应属于的类，语义上该公理合理且符合RDFS语义规则。",1,0,
sample_0157,domain,The domain of aoCloassification is SpaceMission.,"背景知识：
条目1：
- 名称：aoCloassification
- 类型：Property
- 简介：AO

条目2：
- 名称：SpaceMission
- 类型：Class
- 简介：space mission",0,qwen-max-0125,0.0,8192,https://api2.aigcbest.top/v1,"判断结果：正确  
解释：根据背景知识，aoCloassification是一个属性，SpaceMission是一个类，且RDFS的domain语义规则要求属性的主体属于指定类，因此该公理符合语义规则。",1,0,
sample_0160,domain,Property aoCloassification can only be applied to subjects of class SpaceMission.,"背景知识：
条目1：
- 名称：aoCloassification
- 类型：Property
- 简介：AO

条目2：
- 名称：SpaceMission
- 类型：Class
- 简介：space mission",0,qwen-max-0125,0.0,8192,https://api2.aigcbest.top/v1,"判断结果：正确  
解释：根据背景知识，aoCloassification是属性，SpaceMission是类，公理符合RDFS中domain语义规则，即属性的主体需属于指定类。",1,0,
sample_0177,domain,The domain of areaLand is Island.,"背景知识：
条目1：
- 名称：areaLand
- 类型：Property
- 简介：area land (m2)

条目2：
- 名称：Island
- 类型：Class
- 简介：island",0,qwen-max-0125,0.0,8192,https://api2.aigcbest.top/v1,"判断结果：正确  
解释：根据背景知识，areaLand是一个属性，Island是一个类，且语义上“岛屿的陆地面积”符合常识，因此该公理合理。",1,0,
sample_0180,domain,Property areaLand can only be applied to subjects of class Island.,"背景知识：
条目1：
- 名称：areaLand
- 类型：Property
- 简介：area land (m2)

条目2：
- 名称：Island
- 类型：Class
- 简介：island",0,qwen-max-0125,0.0,8192,https://api2.aigcbest.top/v1,"判断结果：正确  
解释：根据背景知识，areaLand是属性，Island是类，公理表明areaLand的主体必须属于Island类，符合RDFS中domain语义规则的约束。",1,0,
sample_0195,domain,Property decideDate can only be applied to subjects of class PowerStation.,"背景知识：
条目1：
- 名称：decideDate
- 类型：Property
- 简介：decide date

条目2：
- 名称：PowerStation
- 类型：Class
- 简介：power station",0,qwen-max-0125,0.0,8192,https://api2.aigcbest.top/v1,"判断结果：正确  
解释：根据背景知识，decideDate是一个属性，PowerStation是一个类，公理表明decideDate的主体必须属于PowerStation类，这符合RDFS中domain语义规则的约束。",1,0,
sample_0200,domain,Property density can only be applied to subjects of class Infrastructure.,"背景知识：
条目1：
- 名称：density
- 类型：Property
- 简介：density (μ3)

条目2：
- 名称：Infrastructure
- 类型：Class
- 简介：infrastructure",0,qwen-max-0125,0.0,8192,https://api2.aigcbest.top/v1,"判断结果：正确  
解释：根据背景知识和RDFS语义规则，公理表明属性density的主体必须属于类Infrastructure，这符合domain约束的定义。",1,0,
sample_0210,domain,Property firstLaunchDate can only be applied to subjects of class Drug.,"背景知识：
条目1：
- 名称：firstLaunchDate
- 类型：Property
- 简介：first launch date

条目2：
- 名称：Drug
- 类型：Class
- 简介：drug",0,qwen-max-0125,0.0,8192,https://api2.aigcbest.top/v1,"判断结果：正确  
解释：根据背景知识，firstLaunchDate是属性，Drug是类，公理表明该属性的主体必须属于Drug类，符合RDFS中domain语义规则的约束。",1,0,
sample_0213,domain,"If a resource uses property firstLaunchRocket as subject, then it should belong to class LaunchPad.","背景知识：
条目1：
- 名称：firstLaunchRocket
- 类型：Property
- 简介：first launch rocket

条目2：
- 名称：LaunchPad
- 类型：Class
- 简介：launch pad",1,qwen-max-0125,0.0,8192,https://api2.aigcbest.top/v1,"判断结果：错误  
解释：根据背景知识，firstLaunchRocket是属性而非类，无法作为subject使用，且RDFS中domain约束应描述属性主体的类别而非属性本身。",0,0,
sample_0233,domain,"If a resource uses property lastLaunchDate as subject, then it should belong to class LaunchPad.","背景知识：
条目1：
- 名称：lastLaunchDate
- 类型：Property
- 简介：last launch date

条目2：
- 名称：LaunchPad
- 类型：Class
- 简介：launch pad",1,qwen-max-0125,0.0,8192,https://api2.aigcbest.top/v1,"判断结果：错误  
解释：根据背景知识，lastLaunchDate是一个属性，而LaunchPad是一个类，RDFS语义规则中domain用于约束属性的主体，但公理将lastLaunchDate作为主体使用，与RDFS语义规则不符。",0,0,
sample_0238,domain,"If a resource uses property lastLaunchRocket as subject, then it should belong to class LaunchPad.","背景知识：
条目1：
- 名称：lastLaunchRocket
- 类型：Property
- 简介：last launch rocket

条目2：
- 名称：LaunchPad
- 类型：Class
- 简介：launch pad",1,qwen-max-0125,0.0,8192,https://api2.aigcbest.top/v1,"判断结果：错误  
解释：根据RDFS语义规则，domain约束规定属性的主体应属于某一类，但背景知识未表明lastLaunchRocket的主体必须属于LaunchPad类，因此该公理与背景知识不符。",0,0,
sample_0247,domain,The domain of mass is Planet.,"背景知识：
条目1：
- 名称：mass
- 类型：Property
- 简介：mass (kg)

条目2：
- 名称：Planet
- 类型：Class
- 简介：planet",1,qwen-max-0125,0.0,8192,https://api2.aigcbest.top/v1,"判断结果：错误  
解释：根据背景知识，mass是一个属性，Planet是一个类，但没有信息表明mass的主体必须是Planet，因此将Planet设为mass的domain与语义规则不符。",0,0,
sample_0248,domain,"If a resource uses property mass as subject, then it should belong to class Planet.","背景知识：
条目1：
- 名称：mass
- 类型：Property
- 简介：mass (kg)

条目2：
- 名称：Planet
- 类型：Class
- 简介：planet",1,qwen-max-0125,0.0,8192,https://api2.aigcbest.top/v1,"判断结果：错误  
解释：根据背景知识，mass是一个属性而非类，因此不能作为subject使用，且没有信息表明mass的主体必须属于Planet类。",0,0,
sample_0249,domain,"For any x and y, if x mass y holds, then x is an instance of Planet.","背景知识：
条目1：
- 名称：mass
- 类型：Property
- 简介：mass (kg)

条目2：
- 名称：Planet
- 类型：Class
- 简介：planet",1,qwen-max-0125,0.0,8192,https://api2.aigcbest.top/v1,"判断结果：错误  
解释：根据背景知识，mass是一个属性，Planet是一个类，但公理中未提供mass的domain约束为Planet，因此无法推断x一定是Planet的实例。",0,0,
sample_0273,domain,"If a resource uses property orbitalPeriod as subject, then it should belong to class Planet.","背景知识：
条目1：
- 名称：orbitalPeriod
- 类型：Property
- 简介：orbital period (μ)

条目2：
- 名称：Planet
- 类型：Class
- 简介：planet",1,qwen-max-0125,0.0,8192,https://api2.aigcbest.top/v1,"判断结果：错误  
解释：根据RDFS语义规则，domain约束规定属性的主体应属于某一类，但背景知识未表明orbitalPeriod的主体必须是Planet，因此该公理与背景知识不符。",0,0,
sample_0280,domain,Property otherChannel can only be applied to subjects of class Drug.,"背景知识：
条目1：
- 名称：otherChannel
- 类型：Property
- 简介：other channel

条目2：
- 名称：Drug
- 类型：Class
- 简介：drug",0,qwen-max-0125,0.0,8192,https://api2.aigcbest.top/v1,"判断结果：正确  
解释：根据背景知识，otherChannel是属性，Drug是类，公理表明otherChannel的主体必须属于Drug类，符合RDFS中domain语义规则。",1,0,
sample_0283,domain,"If a resource uses property periapsis as subject, then it should belong to class Planet.","背景知识：
条目1：
- 名称：periapsis
- 类型：Property
- 简介：periapsis (km)

条目2：
- 名称：Planet
- 类型：Class
- 简介：planet",1,qwen-max-0125,0.0,8192,https://api2.aigcbest.top/v1,"判断结果：错误  
解释：根据背景知识，periapsis是一个属性而非类，因此它不能作为主体(subject)属于某个类(Planet)，这与RDFS语义规则冲突。",0,0,
sample_0284,domain,"For any x and y, if x periapsis y holds, then x is an instance of Planet.","背景知识：
条目1：
- 名称：periapsis
- 类型：Property
- 简介：periapsis (km)

条目2：
- 名称：Planet
- 类型：Class
- 简介：planet",1,qwen-max-0125,0.0,8192,https://api2.aigcbest.top/v1,"判断结果：错误  
解释：根据背景知识，periapsis是一个属性，而Planet是一个类，但公理未提供periapsis的domain约束为Planet，因此无法推断x一定是Planet的实例。",0,0,
sample_0295,domain,Property previousInfrastructure can only be applied to subjects of class PublicTransitSystem.,"背景知识：
条目1：
- 名称：previousInfrastructure
- 类型：Property
- 简介：previous infrastructure

条目2：
- 名称：PublicTransitSystem
- 类型：Class
- 简介：A public transit system is a shared passenger transportation service which is available for use by the general public. Public transport modes include buses, trolleybuses, trams and trains, 'rapid transit' (metro/subways/undergrounds etc) an...",0,qwen-max-0125,0.0,8192,https://api2.aigcbest.top/v1,"判断结果：正确  
解释：根据背景知识，previousInfrastructure 是一个属性，而 PublicTransitSystem 是一个类，公理表明该属性的主体必须属于 PublicTransitSystem 类，这符合 RDFS 中 domain 的语义规则。",1,0,
sample_0300,domain,Property projectBudgetTotal can only be applied to subjects of class Work.,"背景知识：
条目1：
- 名称：projectBudgetTotal
- 类型：Property
- 简介：The total budget of the research project.

条目2：
- 名称：Work
- 类型：Class
- 简介：Item on which time has been spent for its realisation. Actor can be a human on not (machine, insects, nature...)",0,qwen-max-0125,0.0,8192,https://api2.aigcbest.top/v1,"判断结果：正确  
解释：根据背景知识，projectBudgetTotal是属性，Work是类，且语义上“项目预算总额”可以合理地应用于“工作”类的主体，符合RDFS中domain约束的定义。",1,0,
sample_0320,range,Property affiliation can only point to objects of class Athlete.,"背景知识：
条目1：
- 名称：affiliation
- 类型：Property
- 简介：affiliation

条目2：
- 名称：Athlete
- 类型：Class
- 简介：athlete",0,qwen-max-0125,0.0,8192,https://api2.aigcbest.top/v1,"判断结果：正确  
解释：根据背景知识，affiliation是属性，Athlete是类，公理表明affiliation的客体必须属于Athlete类，符合RDFS中range语义规则。",1,0,
sample_0330,range,Property alongside can only point to objects of class Department.,"背景知识：
条目1：
- 名称：alongside
- 类型：Property
- 简介：alongside

条目2：
- 名称：Department
- 类型：Class
- 简介：department",0,qwen-max-0125,0.0,8192,https://api2.aigcbest.top/v1,"判断结果：正确  
解释：根据背景知识和RDFS语义规则，公理表明属性alongside的客体必须属于类Department，这符合range约束的定义。",1,0,
sample_0332,range,The range of architect is Place.,"背景知识：
条目1：
- 名称：architect
- 类型：Property
- 简介：architect

条目2：
- 名称：Place
- 类型：Class
- 简介：place",0,qwen-max-0125,0.0,8192,https://api2.aigcbest.top/v1,"判断结果：正确  
解释：根据背景知识，architect是一个属性，Place是一个类，且RDFS的range语义规则要求属性的客体属于指定类，因此该公理符合语义规则。",1,0,
sample_0333,range,"If a resource appears as the object of property architect, then it should belong to class Place.","背景知识：
条目1：
- 名称：architect
- 类型：Property
- 简介：architect

条目2：
- 名称：Place
- 类型：Class
- 简介：place",0,qwen-max-0125,0.0,8192,https://api2.aigcbest.top/v1,"判断结果：正确  
解释：根据背景知识，architect是属性，Place是类，公理符合RDFS中range语义规则，即属性的客体应属于某一类。",1,0,
sample_0334,range,"For any x and y, if x architect y holds, then y is an instance of Place.","背景知识：
条目1：
- 名称：architect
- 类型：Property
- 简介：architect

条目2：
- 名称：Place
- 类型：Class
- 简介：place",0,qwen-max-0125,0.0,8192,https://api2.aigcbest.top/v1,"判断结果：正确  
解释：根据背景知识，architect是属性，Place是类，公理表明如果x architect y成立，则y必须是Place的实例，这符合RDFS中range语义规则的约束。",1,0,
sample_0335,range,Property architect can only point to objects of class Place.,"背景知识：
条目1：
- 名称：architect
- 类型：Property
- 简介：architect

条目2：
- 名称：Place
- 类型：Class
- 简介：place",0,qwen-max-0125,0.0,8192,https://api2.aigcbest.top/v1,"判断结果：正确  
解释：根据背景知识，architect是属性，Place是类，公理表明architect的客体必须属于Place类，符合RDFS中range的语义规则。",1,0,
sample_0345,range,Property associate can only point to objects of class BroadcastNetwork.,"背景知识：
条目1：
- 名称：associate
- 类型：Property
- 简介：associate

条目2：
- 名称：BroadcastNetwork
- 类型：Class
- 简介：A broadcast network is an organization, such as a corporation or other association, that provides live or recorded content, such as movies, newscasts, sports, and public affairs programs for broadcast over a group of radio or television sta...",0,qwen-max-0125,0.0,8192,https://api2.aigcbest.top/v1,"判断结果：正确  
解释：根据背景知识，属性associate的range被限定为BroadcastNetwork类，符合RDFS语义规则中对属性客体类别的约束。",1,0,
sample_0360,range,Property basedOn can only point to objects of class Band.,"背景知识：
条目1：
- 名称：basedOn
- 类型：Property
- 简介：based on

条目2：
- 名称：Band
- 类型：Class
- 简介：Band",0,qwen-max-0125,0.0,8192,https://api2.aigcbest.top/v1,"判断结果：正确  
解释：根据背景知识，basedOn是属性，Band是类，公理表明basedOn的range限定为Band，符合RDFS语义规则中对range的定义。",1,0,
sample_0367,range,The range of billed is Award.,"背景知识：
条目1：
- 名称：billed
- 类型：Property
- 简介：billed

条目2：
- 名称：Award
- 类型：Class
- 简介：award",0,qwen-max-0125,0.0,8192,https://api2.aigcbest.top/v1,"判断结果：正确  
解释：根据背景知识，billed是属性，Award是类，RDFS语义规则允许将属性的range定义为某一类，因此该公理符合语义规则且合理。",1,0,
sample_0368,range,"If a resource appears as the object of property billed, then it should belong to class Award.","背景知识：
条目1：
- 名称：billed
- 类型：Property
- 简介：billed

条目2：
- 名称：Award
- 类型：Class
- 简介：award",0,qwen-max-0125,0.0,8192,https://api2.aigcbest.top/v1,"判断结果：正确  
解释：根据公理和背景知识，属性billed的客体被约束为属于类Award，这符合RDFS中range语义规则的定义。",1,0,
sample_0370,range,Property billed can only point to objects of class Award.,"背景知识：
条目1：
- 名称：billed
- 类型：Property
- 简介：billed

条目2：
- 名称：Award
- 类型：Class
- 简介：award",0,qwen-max-0125,0.0,8192,https://api2.aigcbest.top/v1,"判断结果：正确  
解释：根据背景知识，billed是属性，Award是类，公理表明billed的客体必须属于Award类，符合RDFS中range语义规则。",1,0,
sample_0380,range,Property canonizedPlace can only point to objects of class College.,"背景知识：
条目1：
- 名称：canonizedPlace
- 类型：Property
- 简介：canonized place

条目2：
- 名称：College
- 类型：Class
- 简介：college",0,qwen-max-0125,0.0,8192,https://api2.aigcbest.top/v1,"判断结果：正确  
解释：根据背景知识，canonizedPlace是属性，College是类，公理表明canonizedPlace的range限定为College，符合RDFS语义规则中range的定义。",1,0,
sample_0415,range,Property coach can only point to objects of class Infrastructure.,"背景知识：
条目1：
- 名称：coach
- 类型：Property
- 简介：coach

条目2：
- 名称：Infrastructure
- 类型：Class
- 简介：infrastructure",0,qwen-max-0125,0.0,8192,https://api2.aigcbest.top/v1,"判断结果：正确  
解释：根据背景知识，coach是属性，Infrastructure是类，公理表明coach的客体必须属于Infrastructure类，符合RDFS中range的语义规则。",1,0,
sample_0416,range,range(college) = Infrastructure,"背景知识：
条目1：
- 名称：college
- 类型：Property
- 简介：college

条目2：
- 名称：Infrastructure
- 类型：Class
- 简介：infrastructure",0,qwen-max-0125,0.0,8192,https://api2.aigcbest.top/v1,"判断结果：正确  
解释：根据背景知识，college是属性，Infrastructure是类，公理表明college的客体属于Infrastructure类，符合range语义规则且无冲突。",1,0,
sample_0417,range,The range of college is Infrastructure.,"背景知识：
条目1：
- 名称：college
- 类型：Property
- 简介：college

条目2：
- 名称：Infrastructure
- 类型：Class
- 简介：infrastructure",0,qwen-max-0125,0.0,8192,https://api2.aigcbest.top/v1,"判断结果：正确  
解释：根据背景知识，college是属性，Infrastructure是类，RDFS语义规则允许将属性的range定义为某一类，因此该公理符合语义规则。",1,0,
sample_0418,range,"If a resource appears as the object of property college, then it should belong to class Infrastructure.","背景知识：
条目1：
- 名称：college
- 类型：Property
- 简介：college

条目2：
- 名称：Infrastructure
- 类型：Class
- 简介：infrastructure",0,qwen-max-0125,0.0,8192,https://api2.aigcbest.top/v1,"判断结果：正确  
解释：根据背景知识，college是属性，Infrastructure是类，公理符合RDFS中range语义规则，即属性的客体应属于某一类。",1,0,
sample_0419,range,"For any x and y, if x college y holds, then y is an instance of Infrastructure.","背景知识：
条目1：
- 名称：college
- 类型：Property
- 简介：college

条目2：
- 名称：Infrastructure
- 类型：Class
- 简介：infrastructure",0,qwen-max-0125,0.0,8192,https://api2.aigcbest.top/v1,"判断结果：正确  
解释：根据公理，属性college的客体y被约束为Infrastructure类的实例，这符合RDFS中range语义规则的定义，且与背景知识无冲突。",1,0,
sample_0420,range,Property college can only point to objects of class Infrastructure.,"背景知识：
条目1：
- 名称：college
- 类型：Property
- 简介：college

条目2：
- 名称：Infrastructure
- 类型：Class
- 简介：infrastructure",0,qwen-max-0125,0.0,8192,https://api2.aigcbest.top/v1,"判断结果：正确  
解释：根据背景知识，college是Property，Infrastructure是Class，公理表明college的客体必须属于Infrastructure类，符合RDFS中range的语义规则。",1,0,
sample_0430,range,Property commandStructure can only point to objects of class Rocket.,"背景知识：
条目1：
- 名称：commandStructure
- 类型：Property
- 简介：command structure

条目2：
- 名称：Rocket
- 类型：Class
- 简介：rocket",0,qwen-max-0125,0.0,8192,https://api2.aigcbest.top/v1,"判断结果：正确  
解释：根据背景知识，commandStructure是属性，Rocket是类，公理表明commandStructure的range限定为Rocket，符合RDFS语义规则中对range的定义。",1,0,
sample_0448,range,"If a resource appears as the object of property creatorOfDish, then it should belong to class Person.","背景知识：
条目1：
- 名称：creatorOfDish
- 类型：Property
- 简介：The person that creates (invents) the food (eg. Caesar Cardini is the creator of the Caesar salad).

条目2：
- 名称：Person
- 类型：Class
- 简介：person",1,qwen-max-0125,0.0,8192,https://api2.aigcbest.top/v1,"判断结果：错误  
解释：根据背景知识，creatorOfDish的主体应为创造菜品的人，而客体应为被创造的菜品，因此公理中要求客体属于Person类与语义不符。",0,0,
sample_0449,range,"For any x and y, if x creatorOfDish y holds, then y is an instance of Person.","背景知识：
条目1：
- 名称：creatorOfDish
- 类型：Property
- 简介：The person that creates (invents) the food (eg. Caesar Cardini is the creator of the Caesar salad).

条目2：
- 名称：Person
- 类型：Class
- 简介：person",1,qwen-max-0125,0.0,8192,https://api2.aigcbest.top/v1,"判断结果：错误  
解释：根据背景知识，creatorOfDish表示“创造菜品的人”，其客体应为菜品而非Person类的实例，因此该公理与语义规则冲突。",0,0,
sample_0450,range,Property creatorOfDish can only point to objects of class Person.,"背景知识：
条目1：
- 名称：creatorOfDish
- 类型：Property
- 简介：The person that creates (invents) the food (eg. Caesar Cardini is the creator of the Caesar salad).

条目2：
- 名称：Person
- 类型：Class
- 简介：person",1,qwen-max-0125,0.0,8192,https://api2.aigcbest.top/v1,"判断结果：错误  
解释：根据背景知识，creatorOfDish的客体应为被创造的菜品（如Caesar salad），而非Person类的对象，因此该公理与语义规则冲突。",0,0,
sample_0467,subPropertyOf,agenthierarchicallyaboveagent is a subproperty of agentcontrols.,"背景知识：
条目1：
- 名称：agenthierarchicallyaboveagent
- 类型：Class
- 简介：{%%s is hierarchically %s %%s, above}
- 补充信息：generalizations: agentcontrols, agentcollaborateswithagent | domain: agent | range: agent

条目2：
- 名称：agentcontrols
- 类型：Class
- 简介：{%%s %s %%s, controls}
- 补充信息：generalizations: relatedto | domain: agent | range: everypromotedthing",1,qwen-max-0125,0.0,8192,https://api2.aigcbest.top/v1,"判断结果：错误  
解释：根据背景知识，agenthierarchicallyaboveagent 和 agentcontrols 是类而非属性，因此无法形成 subPropertyOf 关系。",0,0,
sample_0472,subPropertyOf,bombingvictim is a subproperty of relatedto.,"背景知识：
条目1：
- 名称：bombingvictim
- 类型：Class
- 简介：bombingvictim is a class in the NELL knowledge base.
- 补充信息：generalizations: relatedto | domain: bombingevent | range: person

条目2：
- 名称：relatedto
- 类型：Class
- 简介：{%%s is somehow %s %%s, related to}
- 补充信息：generalizations: slot | domain: everypromotedthing | range: everypromotedthing",1,qwen-max-0125,0.0,8192,https://api2.aigcbest.top/v1,"判断结果：错误  
解释：根据背景知识，bombingvictim是一个类（Class），而relatedto也是一个类（Class），RDFS中subPropertyOf关系仅适用于属性（Property）之间，因此该公理与语义规则冲突。",0,0,
sample_0477,subPropertyOf,buildingbelongstoorganization is a subproperty of locationactedinbyorganization.,"背景知识：
条目1：
- 名称：buildingbelongstoorganization
- 类型：Class
- 简介：{%%s %s %%s, is a building belonging to}
- 补充信息：generalizations: locationactedinbyorganization | domain: building | range: organization

条目2：
- 名称：locationactedinbyorganization
- 类型：Class
- 简介：locationactedinbyorganization is a class in the NELL knowledge base.
- 补充信息：generalizations: locationactedinbyagent | domain: location | range: organization",1,qwen-max-0125,0.0,8192,https://api2.aigcbest.top/v1,"判断结果：错误  
解释：根据背景知识，buildingbelongstoorganization 是一个类而非属性，因此不能作为 subPropertyOf 的主体。",0,0,
sample_0482,subPropertyOf,cityhostsattraction is a subproperty of cityattractions.,"背景知识：
条目1：
- 名称：cityhostsattraction
- 类型：Unknown
- 简介：Attraction occurs in the city
- 补充信息：generalizations: cityattractions | domain: city | range: attraction

条目2：
- 名称：cityattractions
- 类型：Unknown
- 简介：The city that an attraction is located in
- 补充信息：generalizations: locationcontainslocation | domain: city | range: attraction",1,qwen-max-0125,0.0,8192,https://api2.aigcbest.top/v1,"判断结果：错误  
解释：根据背景知识，cityhostsattraction 和 cityattractions 的语义不同，前者表示“城市拥有景点”，后者表示“城市包含景点的位置”，二者并非子属性关系。",0,0,
sample_0483,subPropertyOf,"If two resources are related by cityhostsattraction, then they are also related by cityattractions.","背景知识：
条目1：
- 名称：cityhostsattraction
- 类型：Unknown
- 简介：Attraction occurs in the city
- 补充信息：generalizations: cityattractions | domain: city | range: attraction

条目2：
- 名称：cityattractions
- 类型：Unknown
- 简介：The city that an attraction is located in
- 补充信息：generalizations: locationcontainslocation | domain: city | range: attraction",1,qwen-max-0125,0.0,8192,https://api2.aigcbest.top/v1,"判断结果：错误  
解释：根据背景知识，cityhostsattraction 和 cityattractions 的语义不同，前者表示“城市拥有景点”，后者表示“城市包含景点的位置关系”，二者并非等价或包含关系，因此该公理与语义规则冲突。",0,0,
sample_0487,subPropertyOf,citysportsteams is a subproperty of proxyfor.,"背景知识：
条目1：
- 名称：citysportsteams
- 类型：Class
- 简介：citysportsteams is a class in the NELL knowledge base.
- 补充信息：generalizations: proxyfor, locationactedinbyorganization | domain: city | range: sportsteam

条目2：
- 名称：proxyfor
- 类型：Class
- 简介：{%%s is a %s for %%s, proxy}
- 补充信息：generalizations: mutualproxyfor | domain: everypromotedthing | range: everypromotedthing",1,qwen-max-0125,0.0,8192,https://api2.aigcbest.top/v1,"判断结果：错误  
解释：根据背景知识，citysportsteams是一个类（Class），而proxyfor也是一个类（Class），RDFS中subPropertyOf用于描述属性之间的包含关系，不能用于类之间的关系，因此该公理语义上不成立。",0,0,
sample_0488,subPropertyOf,"If two resources are related by citysportsteams, then they are also related by proxyfor.","背景知识：
条目1：
- 名称：citysportsteams
- 类型：Class
- 简介：citysportsteams is a class in the NELL knowledge base.
- 补充信息：generalizations: proxyfor, locationactedinbyorganization | domain: city | range: sportsteam

条目2：
- 名称：proxyfor
- 类型：Class
- 简介：{%%s is a %s for %%s, proxy}
- 补充信息：generalizations: mutualproxyfor | domain: everypromotedthing | range: everypromotedthing",1,qwen-max-0125,0.0,8192,https://api2.aigcbest.top/v1,"判断结果：错误  
解释：根据背景知识，citysportsteams的语义与proxyfor并无直接包含关系，且citysportsteams的domain和range分别为city和sportsteam，而proxyfor的domain和range均为everypromotedthing，二者语义不一致，无法推导出该公理。",0,0,
sample_0490,subPropertyOf,The property citysportsteams is more specific than the property proxyfor.,"背景知识：
条目1：
- 名称：citysportsteams
- 类型：Class
- 简介：citysportsteams is a class in the NELL knowledge base.
- 补充信息：generalizations: proxyfor, locationactedinbyorganization | domain: city | range: sportsteam

条目2：
- 名称：proxyfor
- 类型：Class
- 简介：{%%s is a %s for %%s, proxy}
- 补充信息：generalizations: mutualproxyfor | domain: everypromotedthing | range: everypromotedthing",1,qwen-max-0125,0.0,8192,https://api2.aigcbest.top/v1,"判断结果：错误  
解释：根据背景知识，citysportsteams 是一个类而非属性，而 proxyfor 也是一个类，RDFS中的subPropertyOf关系仅适用于属性之间，因此该公理与语义规则冲突。",0,0,
