sample_id,领域,论文ID,方法,公理类型,主语,谓语,宾语,是否正确,证据chunk,备注
B001,geography,2601.16965v1,baseline,subClassOf,Amount,subClassOf,CoreSpatialConcept,是,"completedocument4,completedocument10",严格标注：同一chunk内找到主语、关系和宾语支持
B002,geography,2601.16965v1,baseline,domain,precedes,domain,ProceduralRole,不确定,,严格标注：未在同一chunk内找到主语、关系和宾语的共同支持
B003,geography,2601.16965v1,baseline,range,containedWithin,range,Airport,是,completedocument3,严格标注：同一chunk内找到主语、关系和宾语支持
B004,geography,2601.16965v1,baseline,subClassOf,TripTask,subClassOf,TaskCategory,不确定,,严格标注：未在同一chunk内找到主语、关系和宾语的共同支持
B005,geography,2601.16965v1,baseline,range,denotes,range,SemanticDependency,不确定,,严格标注：未在同一chunk内找到主语、关系和宾语的共同支持
B006,geography,2601.16965v1,baseline,subClassOf,Bearing,subClassOf,ContinuousField,不确定,,严格标注：未在同一chunk内找到主语、关系和宾语的共同支持
B007,geography,2601.16965v1,baseline,subClassOf,Amount,subClassOf,CoreConcept,是,"completedocument4,completedocument10",严格标注：同一chunk内找到主语、关系和宾语支持
B008,geography,2601.16965v1,baseline,domain,hasStep,domain,RouteData,不确定,,严格标注：未在同一chunk内找到主语、关系和宾语的共同支持
B009,geography,2601.16965v1,baseline,subClassOf,ContextualRole,subClassOf,FunctionalRole,是,"completedocument4,completedocument10",严格标注：同一chunk内找到主语、关系和宾语支持
B010,geography,2601.16965v1,baseline,range,realizedBy,range,Operator,是,completedocument4,严格标注：同一chunk内找到主语、关系和宾语支持
B011,geography,2601.17074v1,baseline,subClassOf,MSE,subClassOf,ErrorMetric,是,baselines1,严格标注：同一chunk内找到主语、关系和宾语支持
B012,geography,2601.17074v1,baseline,domain,estimates,domain,ModelingFramework,是,"inverseproblempredictinghs2,appendix1",严格标注：同一chunk内找到主语、关系和宾语支持
B013,geography,2601.17074v1,baseline,range,hasSpatialExtent,range,SpatialExtent,是,appendix1,严格标注：同一chunk内找到主语、关系和宾语支持
B014,geography,2601.17074v1,baseline,subClassOf,SeaIceConcentration,subClassOf,KnownParameter,是,"dataandmethodology,appendix1",严格标注：同一chunk内找到主语、关系和宾语支持
B015,geography,2601.17074v1,baseline,range,produces,range,SeaIceThickness,是,appendix1,严格标注：同一chunk内找到主语、关系和宾语支持
B016,geography,2601.17074v1,baseline,domain,forRegion,domain,SpatiotemporalData,是,dataandmethodology,严格标注：同一chunk内找到主语、关系和宾语支持
B017,geography,2601.17074v1,baseline,domain,includesParameter,domain,SpatiotemporalData,是,dataandmethodology,严格标注：同一chunk内找到主语、关系和宾语支持
B018,geography,2601.17074v1,baseline,domain,predicts,domain,ModelingFramework,是,appendix1,严格标注：同一chunk内找到主语、关系和宾语支持
B019,geography,2601.17074v1,baseline,range,exertsControlOn,range,ArcticSeaIceThickness,是,introduction,严格标注：同一chunk内找到主语、关系和宾语支持
B020,geography,2601.17074v1,baseline,domain,hasTrainingEpochs,domain,ClimateModel,是,"dataandmethodology,appendix1,appendix2",严格标注：同一chunk内找到主语、关系和宾语支持
B021,geography,2601.17747v1,baseline,subClassOf,ImageLevelAnnotation,subClassOf,Annotation,是,conclusion1,严格标注：同一chunk内找到主语、关系和宾语支持
B022,geography,2601.17747v1,baseline,domain,extracts,domain,TextEncoder,是,method3,严格标注：同一chunk内找到主语、关系和宾语支持
B023,geography,2601.17747v1,baseline,range,operatesUnder,range,SupervisionParadigm,不确定,,严格标注：未在同一chunk内找到主语、关系和宾语的共同支持
B024,geography,2601.17747v1,baseline,subClassOf,WeaklySupervisedChangeDetection,subClassOf,SupervisionParadigm,是,method1,严格标注：同一chunk内找到主语、关系和宾语支持
B025,geography,2601.17747v1,baseline,domain,adaptsTo,domain,ChangeDetectionFramework,是,"relatedwork,conclusion1",严格标注：同一chunk内找到主语、关系和宾语支持
B026,geography,2601.17747v1,baseline,domain,belongsToParadigm,domain,ChangeDetectionMethod,不确定,,严格标注：未在同一chunk内找到主语、关系和宾语的共同支持
B027,geography,2601.17747v1,baseline,domain,usesBackbone,domain,Model,不确定,,严格标注：未在同一chunk内找到主语、关系和宾语的共同支持
B028,geography,2601.17747v1,baseline,range,reliesOn,range,Annotation,是,relatedwork,严格标注：同一chunk内找到主语、关系和宾语支持
B029,geography,2601.17747v1,baseline,domain,operatesUnder,domain,ChangeDetectionMethod,不确定,,严格标注：未在同一chunk内找到主语、关系和宾语的共同支持
B030,geography,2601.17747v1,baseline,subClassOf,SupervisedChangeDetection,subClassOf,SupervisionParadigm,是,method1,严格标注：同一chunk内找到主语、关系和宾语支持
B031,geography,2601.18190v1,baseline,subClassOf,MultiPerspectiveEmbedding,subClassOf,VisualFeature,是,"methods1,methods2,experiments2",严格标注：同一chunk内找到主语、关系和宾语支持
B032,geography,2601.18190v1,baseline,domain,hasLossFunction,domain,Framework,是,methods1,严格标注：同一chunk内找到主语、关系和宾语支持
B033,geography,2601.18190v1,baseline,range,usesGlobalRepresentation,range,GlobalRepresentation,是,"relatedwork,methods1,methods2,experiments1,experiments2",严格标注：同一chunk内找到主语、关系和宾语支持
B034,geography,2601.18190v1,baseline,subClassOf,Adapter,subClassOf,Module,是,"relatedwork,methods1,methods2,experiments2",严格标注：同一chunk内找到主语、关系和宾语支持
B035,geography,2601.18190v1,baseline,domain,usesGlobalRepresentation,domain,Model,是,"relatedwork,methods1,methods2,experiments1,experiments2",严格标注：同一chunk内找到主语、关系和宾语支持
B036,geography,2601.18190v1,baseline,range,combinesLoss,range,LearningObjective,不确定,,严格标注：未在同一chunk内找到主语、关系和宾语的共同支持
B037,geography,2601.18190v1,baseline,range,guidesGeneration,range,SubPerspective,不确定,,严格标注：未在同一chunk内找到主语、关系和宾语的共同支持
B038,geography,2601.18190v1,baseline,range,supportsApplication,range,UrbanPlanning,不确定,,严格标注：未在同一chunk内找到主语、关系和宾语的共同支持
B039,geography,2601.18190v1,baseline,domain,hasWeightDecay,domain,Optimizer,是,experiments1,严格标注：同一chunk内找到主语、关系和宾语支持
B040,geography,2601.18190v1,baseline,domain,hasEmbeddingDimension,domain,EmbeddingSpace,否,,严格标注：未在同一chunk内找到主语、关系和宾语的共同支持
B041,geography,2601.18311v1,baseline,subClassOf,SpectralLine,subClassOf,XRayEvent,否,,严格标注：未在同一chunk内找到主语、关系和宾语的共同支持
B042,geography,2601.18311v1,baseline,domain,hasSignalToNoiseRatio,domain,Spectrum,是,completedocument5,严格标注：同一chunk内找到主语、关系和宾语支持
B043,geography,2601.18311v1,baseline,range,monitoredBy,range,PhotoelectronMeter,否,,严格标注：未在同一chunk内找到主语、关系和宾语的共同支持
B044,geography,2601.18311v1,baseline,subClassOf,ElectronBeamIonTrap,subClassOf,HighlyChargedIon,是,"completedocument1,completedocument2,completedocument3",严格标注：同一chunk内找到主语、关系和宾语支持
B045,geography,2601.18311v1,baseline,domain,performedAt,domain,Experiment,是,"completedocument2,completedocument5,completedocument7",严格标注：同一chunk内找到主语、关系和宾语支持
B046,geography,2601.18311v1,baseline,domain,hasAtomicData,domain,Experiment,是,"completedocument1,completedocument2,completedocument6,completedocument7",严格标注：同一chunk内找到主语、关系和宾语支持
B047,geography,2601.18311v1,baseline,domain,breedIons,domain,BreedingPhase,是,completedocument4,严格标注：同一chunk内找到主语、关系和宾语支持
B048,geography,2601.18311v1,baseline,range,measuredBy,range,Detector,是,"completedocument6,completedocument7",严格标注：同一chunk内找到主语、关系和宾语支持
B049,geography,2601.18311v1,baseline,range,obtains,range,AtomicData,是,completedocument6,严格标注：同一chunk内找到主语、关系和宾语支持
B050,geography,2601.18311v1,baseline,range,hasSpectralLine,range,SpectralLine,是,"completedocument1,completedocument2,completedocument6",严格标注：同一chunk内找到主语、关系和宾语支持
B051,geography,2601.18361v1,baseline,subClassOf,BaseStation,subClassOf,Gateway,是,"completedocument1,completedocument3",严格标注：同一chunk内找到主语、关系和宾语支持
B052,geography,2601.18361v1,baseline,domain,hasHeader,domain,Packet,是,completedocument5,严格标注：同一chunk内找到主语、关系和宾语支持
B053,geography,2601.18361v1,baseline,range,hasFragment,range,Fragment,是,completedocument5,严格标注：同一chunk内找到主语、关系和宾语支持
B054,geography,2601.18361v1,baseline,domain,providesCoverage,domain,HAPSPlatform,否,,严格标注：未在同一chunk内找到主语、关系和宾语的共同支持
B055,geography,2601.18361v1,baseline,domain,hasCapex,domain,NonTerrestrialInfrastructure,否,,严格标注：未在同一chunk内找到主语、关系和宾语的共同支持
B056,geography,2601.18361v1,baseline,domain,hasFragment,domain,Packet,是,completedocument5,严格标注：同一chunk内找到主语、关系和宾语支持
B057,geography,2601.18361v1,baseline,domain,hasErasureProbability,domain,Packet,是,"completedocument5,completedocument6",严格标注：同一chunk内找到主语、关系和宾语支持
B058,geography,2601.18361v1,baseline,range,operatesInAltitude,range,Stratosphere,否,,严格标注：未在同一chunk内找到主语、关系和宾语的共同支持
B059,geography,2601.18361v1,baseline,range,hasPathLoss,range,PathLoss,是,"completedocument5,completedocument6,completedocument7,completedocument9",严格标注：同一chunk内找到主语、关系和宾语支持
B060,geography,2601.18361v1,baseline,subClassOf,SatelliteConstellation,subClassOf,NonTerrestrialNetwork,是,"completedocument2,completedocument3,completedocument4,completedocument7",严格标注：同一chunk内找到主语、关系和宾语支持
B061,geography,2601.18410v1,baseline,subClassOf,RayleighDistribution,subClassOf,SmallScaleFading,是,completedocument11,严格标注：同一chunk内找到主语、关系和宾语支持
B062,geography,2601.18410v1,baseline,domain,hasMaxTransmitPower,domain,SatelliteUser,否,,严格标注：未在同一chunk内找到主语、关系和宾语的共同支持
B063,geography,2601.18410v1,baseline,range,selectsSatellite,range,Satellite,否,,严格标注：未在同一chunk内找到主语、关系和宾语的共同支持
B064,geography,2601.18410v1,baseline,range,hasSubSatellitePoint,range,SubSatellitePoint,是,"completedocument9,completedocument10,completedocument12,completedocument13,completedocument14",严格标注：同一chunk内找到主语、关系和宾语支持
B065,geography,2601.18410v1,baseline,domain,hasBandwidth,domain,SubcarrierBandwidth,否,,严格标注：未在同一chunk内找到主语、关系和宾语的共同支持
B066,geography,2601.18410v1,baseline,range,hasFeatureVector,range,FeatureVector,是,"completedocument7,completedocument8,completedocument9",严格标注：同一chunk内找到主语、关系和宾语支持
B067,geography,2601.18410v1,baseline,domain,proposedFor,domain,SpectrumSharingScheme,是,"completedocument1,completedocument2,completedocument3,completedocument7,completedocument9,completedocument11,completedocument12,completedocument13",严格标注：同一chunk内找到主语、关系和宾语支持
B068,geography,2601.18410v1,baseline,subClassOf,MultibeamSatelliteNetwork,subClassOf,SatelliteNetwork,是,"completedocument1,completedocument2,completedocument3,completedocument4,completedocument5,completedocument9,completedocument10,completedocument11",严格标注：同一chunk内找到主语、关系和宾语支持
B069,geography,2601.18410v1,baseline,subClassOf,TerrestrialNetwork,subClassOf,Network,是,"completedocument1,completedocument2,completedocument3,completedocument4,completedocument10,completedocument11,completedocument12,completedocument13",严格标注：同一chunk内找到主语、关系和宾语支持
B070,geography,2601.18410v1,baseline,range,hasReceivedSignal,range,ReceivedSignal,是,completedocument4,严格标注：同一chunk内找到主语、关系和宾语支持
B071,geography,2601.18493v1,baseline,subClassOf,DamageLevelClassification,subClassOf,ClassificationTask,是,"thedisasterinsightbenchmark2,thedisasterinsightbenchmark3,experiments",严格标注：同一chunk内找到主语、关系和宾语支持
B072,geography,2601.18493v1,baseline,domain,hasAnnotation,domain,Imagery,是,thedisasterinsightbenchmark1,严格标注：同一chunk内找到主语、关系和宾语支持
B073,geography,2601.18493v1,baseline,range,captures,range,OperationalWorkflow,是,conclusion,严格标注：同一chunk内找到主语、关系和宾语支持
B074,geography,2601.18493v1,baseline,subClassOf,BuildingFunctionClassification,subClassOf,ClassificationTask,是,"thedisasterinsightbenchmark2,thedisasterinsightbenchmark3,experiments",严格标注：同一chunk内找到主语、关系和宾语支持
B075,geography,2601.18493v1,baseline,subClassOf,Tsunami,subClassOf,DisasterType,是,thedisasterinsightbenchmark1,严格标注：同一chunk内找到主语、关系和宾语支持
B076,geography,2601.18493v1,baseline,domain,evaluatedOnTask,domain,VisionLanguageModel,是,experiments,严格标注：同一chunk内找到主语、关系和宾语支持
B077,geography,2601.18493v1,baseline,subClassOf,EducationalFacility,subClassOf,Building,是,thedisasterinsightbenchmark1,严格标注：同一chunk内找到主语、关系和宾语支持
B078,geography,2601.18493v1,baseline,domain,within,domain,Structure,是,"thedisasterinsightbenchmark1,thedisasterinsightbenchmark2,experiments",严格标注：同一chunk内找到主语、关系和宾语支持
B079,geography,2601.18493v1,baseline,range,groups,range,Building,否,,严格标注：未在同一chunk内找到主语、关系和宾语的共同支持
B080,geography,2601.18493v1,baseline,range,requires,range,BuildingLevelAssessment,否,,严格标注：未在同一chunk内找到主语、关系和宾语的共同支持
B081,geography,2601.18560v1,baseline,subClassOf,AnchorGraph,subClassOf,Graph,是,"result4,result5,method1,method2,method3",严格标注：同一chunk内找到主语、关系和宾语支持
B082,geography,2601.18560v1,baseline,domain,extractedFrom,domain,Pixel,是,method1,严格标注：同一chunk内找到主语、关系和宾语支持
B083,geography,2601.18560v1,baseline,range,utilizesCpu,range,Cpu,是,result6,严格标注：同一chunk内找到主语、关系和宾语支持
B084,geography,2601.18560v1,baseline,subClassOf,SmallSatellite,subClassOf,Satellite,是,"introduction,result6",严格标注：同一chunk内找到主语、关系和宾语支持
B085,geography,2601.18560v1,baseline,subClassOf,LabeledSample,subClassOf,Pixel,是,"result2,method1,method2",严格标注：同一chunk内找到主语、关系和宾语支持
B086,geography,2601.18560v1,baseline,range,passesOver,range,Region,否,,严格标注：未在同一chunk内找到主语、关系和宾语的共同支持
B087,geography,2601.18560v1,baseline,range,achievesAccuracy,range,ClassificationAccuracy,是,"result2,result3,result6",严格标注：同一chunk内找到主语、关系和宾语支持
B088,geography,2601.18560v1,baseline,range,segments,range,Sea,否,,严格标注：未在同一chunk内找到主语、关系和宾语的共同支持
B089,geography,2601.18560v1,baseline,domain,causesDegradation,domain,BadPixel,否,,严格标注：未在同一chunk内找到主语、关系和宾语的共同支持
B090,geography,2601.18560v1,baseline,subClassOf,Anchor,subClassOf,Sample,是,"result2,result3,result4,result5,method1,method2",严格标注：同一chunk内找到主语、关系和宾语支持
B091,geography,2601.18693v1,baseline,subClassOf,ThreeDimensionalHalfMassRadius,subClassOf,Radius,否,,严格标注：未在同一chunk内找到主语、关系和宾语的共同支持
B092,geography,2601.18693v1,baseline,domain,hasParticleMassResolution,domain,CosmologicalHydrodynamicalSimulation,是,"completedocument3,completedocument28,completedocument29",严格标注：同一chunk内找到主语、关系和宾语支持
B093,geography,2601.18693v1,baseline,range,isCentreOf,range,Cluster,是,"completedocument1,completedocument4,completedocument23",严格标注：同一chunk内找到主语、关系和宾语支持
B094,geography,2601.18693v1,baseline,subClassOf,ClusterHalo,subClassOf,Halo,是,"completedocument2,completedocument3,completedocument4,completedocument5,completedocument6,completedocument7,completedocument8,completedocument9",严格标注：同一chunk内找到主语、关系和宾语支持
B095,geography,2601.18693v1,baseline,range,remainsAt,range,LargeRadii,是,"completedocument5,completedocument26",严格标注：同一chunk内找到主语、关系和宾语支持
B096,geography,2601.18693v1,baseline,range,hasHydrodynamicsScheme,range,HydrodynamicsScheme,是,completedocument3,严格标注：同一chunk内找到主语、关系和宾语支持
B097,geography,2601.18693v1,baseline,range,hasSimulationVolume,range,SimulationVolume,是,"completedocument15,completedocument28,completedocument29",严格标注：同一chunk内找到主语、关系和宾语支持
B098,geography,2601.18693v1,baseline,domain,injectedInto,domain,Satellite,是,"completedocument5,completedocument14",严格标注：同一chunk内找到主语、关系和宾语支持
B099,geography,2601.18693v1,baseline,domain,undergoesEvolutionaryPath,domain,Halo,否,,严格标注：未在同一chunk内找到主语、关系和宾语的共同支持
B100,geography,2601.18693v1,baseline,domain,boundTo,domain,Particle,是,"completedocument3,completedocument4,completedocument9,completedocument26",严格标注：同一chunk内找到主语、关系和宾语支持
B101,medical,2601.17916v1,baseline,subClassOf,Deterioration,subClassOf,Outcome,是,introduction,严格标注：同一chunk内找到主语、关系和宾语支持
B102,medical,2601.17916v1,baseline,domain,performs,domain,UniPactFramework,否,,严格标注：未在同一chunk内找到主语、关系和宾语的共同支持
B103,medical,2601.17916v1,baseline,range,translatesInto,range,SemanticPrompt,否,,严格标注：未在同一chunk内找到主语、关系和宾语的共同支持
B104,medical,2601.17916v1,baseline,domain,fusesWith,domain,SemanticPrompt,否,,严格标注：未在同一chunk内找到主语、关系和宾语的共同支持
B105,medical,2601.17916v1,baseline,subClassOf,Mortality,subClassOf,Outcome,是,introduction,严格标注：同一chunk内找到主语、关系和宾语支持
B106,medical,2601.17916v1,baseline,subClassOf,Diagnosis,subClassOf,Outcome,是,introduction,严格标注：同一chunk内找到主语、关系和宾语支持
B107,medical,2601.17916v1,baseline,domain,outputs,domain,EcgEncoder,是,method,严格标注：同一chunk内找到主语、关系和宾语支持
B108,medical,2601.17916v1,baseline,range,generates,range,FinalPrediction,否,,严格标注：未在同一chunk内找到主语、关系和宾语的共同支持
B109,medical,2601.17916v1,baseline,range,textualizes,range,StructuredEhrData,否,,严格标注：未在同一chunk内找到主语、关系和宾语的共同支持
B110,medical,2601.17916v1,baseline,range,derivedFrom,range,Dataset,是,results,严格标注：同一chunk内找到主语、关系和宾语支持
B111,medical,2601.18082v1,baseline,subClassOf,MaximumSafeSubsetModel,subClassOf,OptimizationModel,是,"completedocument2,completedocument3",严格标注：同一chunk内找到主语、关系和宾语支持
B112,medical,2601.18082v1,baseline,subPropertyOf,hasHarmfulInteraction,subPropertyOf,hasInteraction,否,,严格标注：未在同一chunk内找到主语、关系和宾语的共同支持
B113,medical,2601.18082v1,baseline,domain,hasHarmfulInteraction,domain,Drug,是,"completedocument1,completedocument2,completedocument4,completedocument5,completedocument6,completedocument7,completedocument8",严格标注：同一chunk内找到主语、关系和宾语支持
B114,medical,2601.18082v1,baseline,range,correspondsTo,range,MaximumSafeSubset,是,"completedocument1,completedocument3",严格标注：同一chunk内找到主语、关系和宾语支持
B115,medical,2601.18082v1,baseline,subPropertyOf,hasHarmfulInteraction,subPropertyOf,interactsWith,否,,严格标注：未在同一chunk内找到主语、关系和宾语的共同支持
B116,medical,2601.18082v1,baseline,subClassOf,SynergyConstrainedOptimizationProblem,subClassOf,DdiOptimizationTask,是,"completedocument1,completedocument2,completedocument3,completedocument4,completedocument6",严格标注：同一chunk内找到主语、关系和宾语支持
B117,medical,2601.18082v1,baseline,subClassOf,ImmuneResponseRegulator,subClassOf,FunctionalClass,是,completedocument6,严格标注：同一chunk内找到主语、关系和宾语支持
B118,medical,2601.18082v1,baseline,range,hasHarmfulInteractionWith,range,Drug,是,"completedocument1,completedocument2,completedocument4,completedocument5,completedocument6,completedocument7,completedocument8",严格标注：同一chunk内找到主语、关系和宾语支持
B119,medical,2601.18082v1,baseline,subClassOf,PositiveDrugInteraction,subClassOf,DrugDrugInteraction,是,"completedocument1,completedocument2,completedocument3,completedocument4,completedocument5,completedocument6,completedocument7,completedocument8",严格标注：同一chunk内找到主语、关系和宾语支持
B120,medical,2601.18082v1,baseline,domain,interactsWith,domain,Drug,否,,严格标注：未在同一chunk内找到主语、关系和宾语的共同支持
B121,medical,2601.18356v1,baseline,subClassOf,MedRAG,subClassOf,RetrievalAugmentedGeneration,是,"introduction,methodology,experiment",严格标注：同一chunk内找到主语、关系和宾语支持
B122,medical,2601.18356v1,baseline,domain,definesValueOf,domain,StructuralEquation,否,,严格标注：未在同一chunk内找到主语、关系和宾语的共同支持
B123,medical,2601.18356v1,baseline,range,encodes,range,CausalStructure,否,,严格标注：未在同一chunk内找到主语、关系和宾语的共同支持
B124,medical,2601.18356v1,baseline,subClassOf,FineTuning,subClassOf,Method,是,"introduction,experiment",严格标注：同一chunk内找到主语、关系和宾语支持
B125,medical,2601.18356v1,baseline,domain,integratesWithin,domain,GraphBasedCausalReasoning,否,,严格标注：未在同一chunk内找到主语、关系和宾语的共同支持
B126,medical,2601.18356v1,baseline,subClassOf,MedVIT,subClassOf,VisionEncoder,是,experiment,严格标注：同一chunk内找到主语、关系和宾语支持
B127,medical,2601.18356v1,baseline,subClassOf,MMedRAG,subClassOf,MultimodalRagMethod,是,"introduction,experiment",严格标注：同一chunk内找到主语、关系和宾语支持
B128,medical,2601.18356v1,baseline,range,constrains,range,Scalability,否,,严格标注：未在同一chunk内找到主语、关系和宾语的共同支持
B129,medical,2601.18356v1,baseline,range,deployedIn,range,ClinicalSetting,否,,严格标注：未在同一chunk内找到主语、关系和宾语的共同支持
B130,medical,2601.18356v1,baseline,subClassOf,FactualityIssue,subClassOf,ReliabilityIssue,是,introduction,严格标注：同一chunk内找到主语、关系和宾语支持
B131,medical,2601.18555v1,baseline,subClassOf,IntraclassCorrelationCoefficient,subClassOf,EvaluationMetric,否,,严格标注：未在同一chunk内找到主语、关系和宾语的共同支持
B132,medical,2601.18555v1,baseline,domain,deviatesFromSphericityAt,domain,FemoralHead,是,method,严格标注：同一chunk内找到主语、关系和宾语支持
B133,medical,2601.18555v1,baseline,range,hasAnatomicalKeypoint,range,AnatomicalKeypoint,否,,严格标注：未在同一chunk内找到主语、关系和宾语的共同支持
B134,medical,2601.18555v1,baseline,subClassOf,NeckAxisPoint,subClassOf,AnatomicalKeypoint,否,,严格标注：未在同一chunk内找到主语、关系和宾语的共同支持
B135,medical,2601.18555v1,baseline,range,deviatesFromSphericityAt,range,LateralCamPoint,是,method,严格标注：同一chunk内找到主语、关系和宾语支持
B136,medical,2601.18555v1,baseline,subClassOf,FemoralHeadCentre,subClassOf,AnatomicalKeypoint,否,,严格标注：未在同一chunk内找到主语、关系和宾语的共同支持
B137,medical,2601.18555v1,baseline,subClassOf,APXRay,subClassOf,XRay,否,,严格标注：未在同一chunk内找到主语、关系和宾语的共同支持
B138,medical,2601.18555v1,baseline,domain,receivedApproval,domain,FAITStudy,否,,严格标注：未在同一chunk内找到主语、关系和宾语的共同支持
B139,medical,2601.18555v1,baseline,subClassOf,MagneticResonanceImaging,subClassOf,ImagingModality,否,,严格标注：未在同一chunk内找到主语、关系和宾语的共同支持
B140,medical,2601.18555v1,baseline,range,accelerates,range,DegenerativeCartilageLoss,是,introduction,严格标注：同一chunk内找到主语、关系和宾语支持
B141,medical,2601.18556v1,baseline,subClassOf,Rotation,subClassOf,DataAugmentationMethod,是,"introduction,methods1",严格标注：同一chunk内找到主语、关系和宾语支持
B142,medical,2601.18556v1,baseline,domain,involves,domain,CoronaryAngiography,是,results2,严格标注：同一chunk内找到主语、关系和宾语支持
B143,medical,2601.18556v1,baseline,range,synthesizes,range,Sample,是,introduction,严格标注：同一chunk内找到主语、关系和宾语支持
B144,medical,2601.18556v1,baseline,range,generates,range,SyntheticImage,是,"introduction,methods1",严格标注：同一chunk内找到主语、关系和宾语支持
B145,medical,2601.18556v1,baseline,domain,leadsTo,domain,FalsePositive,是,"results1,results2",严格标注：同一chunk内找到主语、关系和宾语支持
B146,medical,2601.18556v1,baseline,range,mappedToLogits,range,ClassificationLogits,是,methods3,严格标注：同一chunk内找到主语、关系和宾语支持
B147,medical,2601.18556v1,baseline,range,enhances,range,MedicalDiagnostics,是,introduction,严格标注：同一chunk内找到主语、关系和宾语支持
B148,medical,2601.18556v1,baseline,subClassOf,ContrastAgentAllergy,subClassOf,Risk,是,results2,严格标注：同一chunk内找到主语、关系和宾语支持
B149,medical,2601.18556v1,baseline,range,embeddedInto,range,QuantumStateSpace,是,methods3,严格标注：同一chunk内找到主语、关系和宾语支持
B150,medical,2601.18556v1,baseline,domain,constructsDecisionBoundary,domain,ClassicalConvolutionalNeuralNetwork,是,"methods1,methods2",严格标注：同一chunk内找到主语、关系和宾语支持
B151,medical,2601.18630v1,baseline,subClassOf,MindfulnessMeditation,subClassOf,GroundingTechnique,是,"completedocument10,completedocument13",严格标注：同一chunk内找到主语、关系和宾语支持
B152,medical,2601.18630v1,baseline,domain,evaluatedOnAttribute,domain,LargeLanguageModel,是,"completedocument1,completedocument2,completedocument8",严格标注：同一chunk内找到主语、关系和宾语支持
B153,medical,2601.18630v1,baseline,range,hasAccessType,range,AccessType,是,completedocument6,严格标注：同一chunk内找到主语、关系和宾语支持
B154,medical,2601.18630v1,baseline,range,generates,range,AiGeneratedResponse,否,,严格标注：未在同一chunk内找到主语、关系和宾语的共同支持
B155,medical,2601.18630v1,baseline,range,assesses,range,LargeLanguageModel,否,,严格标注：未在同一chunk内找到主语、关系和宾语的共同支持
B156,medical,2601.18630v1,baseline,domain,targetsCondition,domain,DetectionAndScreeningApplication,否,,严格标注：未在同一chunk内找到主语、关系和宾语的共同支持
B157,medical,2601.18630v1,baseline,subClassOf,ClosedWeightModel,subClassOf,Model,是,"completedocument2,completedocument5,completedocument6,completedocument7,completedocument8,completedocument10",严格标注：同一chunk内找到主语、关系和宾语支持
B158,medical,2601.18630v1,baseline,subClassOf,CognitiveAttribute,subClassOf,TherapeuticAttribute,是,"completedocument1,completedocument2,completedocument5,completedocument6,completedocument7,completedocument8",严格标注：同一chunk内找到主语、关系和宾语支持
B159,medical,2601.18630v1,baseline,range,containsMessage,range,UserAuthoredMessage,是,completedocument10,严格标注：同一chunk内找到主语、关系和宾语支持
B160,medical,2601.18630v1,baseline,domain,influences,domain,LargeLanguageModel,否,,严格标注：未在同一chunk内找到主语、关系和宾语的共同支持
B161,medical,2601.18675v1,baseline,subClassOf,Icd10Code,subClassOf,IcdCode,是,completedocument3,严格标注：同一chunk内找到主语、关系和宾语支持
B162,medical,2601.18675v1,baseline,domain,affectsPerformanceOf,domain,ImputationStrategy,否,,严格标注：未在同一chunk内找到主语、关系和宾语的共同支持
B163,medical,2601.18675v1,baseline,range,hasIcd10Code,range,Icd10Code,否,,严格标注：未在同一chunk内找到主语、关系和宾语的共同支持
B164,medical,2601.18675v1,baseline,range,monitorsDisease,range,CardiovascularDisease,否,,严格标注：未在同一chunk内找到主语、关系和宾语的共同支持
B165,medical,2601.18675v1,baseline,subClassOf,EndStageRenalDisease,subClassOf,CkdStage,是,"completedocument1,completedocument3",严格标注：同一chunk内找到主语、关系和宾语支持
B166,medical,2601.18675v1,baseline,subClassOf,TemporalEmbeddingModel,subClassOf,EmbeddingModel,是,"completedocument1,completedocument2,completedocument3,completedocument4",严格标注：同一chunk内找到主语、关系和宾语支持
B167,medical,2601.18675v1,baseline,range,usesAttentionMechanism,range,AttentionMechanism,是,"completedocument3,completedocument4",严格标注：同一chunk内找到主语、关系和宾语支持
B168,medical,2601.18675v1,baseline,subClassOf,VanillaLstm,subClassOf,LongShortTermMemoryNetwork,是,completedocument1,严格标注：同一chunk内找到主语、关系和宾语支持
B169,medical,2601.18675v1,baseline,domain,targetsPatient,domain,RiskPredictionModel,否,,严格标注：未在同一chunk内找到主语、关系和宾语的共同支持
B170,medical,2601.18675v1,baseline,range,optimisedUsing,range,Loss,是,completedocument4,严格标注：同一chunk内找到主语、关系和宾语支持
B171,medical,2601.18710v1,baseline,subClassOf,IntensityStatisticsFeature,subClassOf,Feature,否,,严格标注：未在同一chunk内找到主语、关系和宾语的共同支持
B172,medical,2601.18710v1,baseline,domain,extractedFrom,domain,ImageFeature,是,completedocument2,严格标注：同一chunk内找到主语、关系和宾语支持
B173,medical,2601.18710v1,baseline,range,captures,range,Leukocyte,是,completedocument2,严格标注：同一chunk内找到主语、关系和宾语支持
B174,medical,2601.18710v1,baseline,domain,computedFrom,domain,Feature,是,"completedocument3,completedocument4",严格标注：同一chunk内找到主语、关系和宾语支持
B175,medical,2601.18710v1,baseline,range,reliesOn,range,Backpropagation,否,,严格标注：未在同一chunk内找到主语、关系和宾语的共同支持
B176,medical,2601.18710v1,baseline,subClassOf,InputNode,subClassOf,Node,是,completedocument4,严格标注：同一chunk内找到主语、关系和宾语支持
B177,medical,2601.18710v1,baseline,domain,extractedFrom,domain,Leukocyte,是,completedocument2,严格标注：同一chunk内找到主语、关系和宾语支持
B178,medical,2601.18710v1,baseline,domain,containsCellType,domain,Dataset,是,completedocument2,严格标注：同一chunk内找到主语、关系和宾语支持
B179,medical,2601.18710v1,baseline,domain,annotatedBy,domain,SingleCellBloodSmearMicroscopyImage,是,"completedocument1,completedocument2",严格标注：同一chunk内找到主语、关系和宾语支持
B180,medical,2601.18710v1,baseline,subClassOf,MorphologyFeature,subClassOf,Feature,否,,严格标注：未在同一chunk内找到主语、关系和宾语的共同支持
B181,medical,2601.18716v1,baseline,subClassOf,TrainingCompound,subClassOf,Compound,是,"completedocument3,completedocument6,completedocument7,completedocument8",严格标注：同一chunk内找到主语、关系和宾语支持
B182,medical,2601.18716v1,baseline,domain,therapyFor,domain,AmyloidBetaBasedTherapy,是,completedocument11,严格标注：同一chunk内找到主语、关系和宾语支持
B183,medical,2601.18716v1,baseline,range,validates,range,LigaseConditionedJtVaeFramework,是,"completedocument7,completedocument9",严格标注：同一chunk内找到主语、关系和宾语支持
B184,medical,2601.18716v1,baseline,subClassOf,CyclicAmine,subClassOf,Functionality,否,,严格标注：未在同一chunk内找到主语、关系和宾语的共同支持
B185,medical,2601.18716v1,baseline,subClassOf,AlzheimersDisease,subClassOf,NeurodegenerativeDisorder,是,"completedocument1,completedocument10",严格标注：同一chunk内找到主语、关系和宾语支持
B186,medical,2601.18716v1,baseline,subClassOf,MDM2,subClassOf,E3UbiquitinLigase,是,completedocument2,严格标注：同一chunk内找到主语、关系和宾语支持
B187,medical,2601.18716v1,baseline,domain,targets,domain,MolecularGlueDegrader,是,"completedocument4,completedocument10,completedocument14",严格标注：同一chunk内找到主语、关系和宾语支持
B188,medical,2601.18716v1,baseline,domain,generates,domain,GenerativeModel,是,completedocument2,严格标注：同一chunk内找到主语、关系和宾语支持
B189,medical,2601.18716v1,baseline,domain,formsComplexWith,domain,AmyloidBeta42,否,,严格标注：未在同一chunk内找到主语、关系和宾语的共同支持
B190,medical,2601.18716v1,baseline,domain,originatesFromTissue,domain,AmyloidBeta42Filament,否,,严格标注：未在同一chunk内找到主语、关系和宾语的共同支持
B191,medical,2601.18796v1,baseline,subClassOf,CAVGuidedAbstract,subClassOf,Abstract,否,,严格标注：未在同一chunk内找到主语、关系和宾语的共同支持
B192,medical,2601.18796v1,baseline,domain,hasParticipant,domain,ClinicalTrialStudy,否,,严格标注：未在同一chunk内找到主语、关系和宾语的共同支持
B193,medical,2601.18796v1,baseline,range,extractedFrom,range,OriginalAbstract,是,completedocument7,严格标注：同一chunk内找到主语、关系和宾语支持
B194,medical,2601.18796v1,baseline,subClassOf,IBSPatient,subClassOf,Patient,否,,严格标注：未在同一chunk内找到主语、关系和宾语的共同支持
B195,medical,2601.18796v1,baseline,subClassOf,Abstract,subClassOf,Text,是,"completedocument3,completedocument4,completedocument5,completedocument6,completedocument7,completedocument8,completedocument10,completedocument13",严格标注：同一chunk内找到主语、关系和宾语支持
B196,medical,2601.18796v1,baseline,domain,measures,domain,Metric,是,completedocument5,严格标注：同一chunk内找到主语、关系和宾语支持
B197,medical,2601.18796v1,baseline,range,causes,range,LowerUrinaryTractDysfunction,否,,严格标注：未在同一chunk内找到主语、关系和宾语的共同支持
B198,medical,2601.18796v1,baseline,subClassOf,AgeConceptActivationVector,subClassOf,ConceptActivationVector,是,"completedocument2,completedocument6,completedocument7,completedocument14,completedocument16",严格标注：同一chunk内找到主语、关系和宾语支持
B199,medical,2601.18796v1,baseline,subClassOf,RandomizedControlledTrial,subClassOf,ClinicalTrial,是,"completedocument3,completedocument6,completedocument7,completedocument12,completedocument13,completedocument14,completedocument15,completedocument16",严格标注：同一chunk内找到主语、关系和宾语支持
B200,medical,2601.18796v1,baseline,domain,produces,domain,EmbeddingLanguageModel,是,completedocument7,严格标注：同一chunk内找到主语、关系和宾语支持
B201,transportation,2601.14292v1,baseline,subClassOf,UndocumentedAssumption,subClassOf,Assumption,是,discussion1,严格标注：同一chunk内找到主语、关系和宾语支持
B202,transportation,2601.14292v1,baseline,domain,reduces,domain,InvalidAssumption,是,discussion2,严格标注：同一chunk内找到主语、关系和宾语支持
B203,transportation,2601.14292v1,baseline,range,interactsWith,range,SystemComponent,否,,严格标注：未在同一chunk内找到主语、关系和宾语的共同支持
B204,transportation,2601.14292v1,baseline,subClassOf,RoadSafety,subClassOf,SocioTechnicalSystem,是,"introduction1,introduction2,methodology,casestudyandresults1,discussion1,conclusion",严格标注：同一chunk内找到主语、关系和宾语支持
B205,transportation,2601.14292v1,baseline,subClassOf,RoadOperator,subClassOf,Stakeholder,是,casestudyandresults3,严格标注：同一chunk内找到主语、关系和宾语支持
B206,transportation,2601.14292v1,baseline,subClassOf,VehicleManufacturer,subClassOf,SystemComponent,是,introduction2,严格标注：同一chunk内找到主语、关系和宾语支持
B207,transportation,2601.14292v1,baseline,subClassOf,TraditionalApproach,subClassOf,Approach,是,"introduction1,introduction2,discussion1,conclusion",严格标注：同一chunk内找到主语、关系和宾语支持
B208,transportation,2601.14292v1,baseline,domain,measuredThrough,domain,PerceivableAssumption,否,,严格标注：未在同一chunk内找到主语、关系和宾语的共同支持
B209,transportation,2601.14292v1,baseline,range,embeddedWithin,range,SystemControlStructure,是,"discussion1,conclusion",严格标注：同一chunk内找到主语、关系和宾语支持
B210,transportation,2601.14292v1,baseline,domain,supervisedBy,domain,LeadingIndicator,是,casestudyandresults4,严格标注：同一chunk内找到主语、关系和宾语支持
B211,transportation,2601.17714v1,baseline,subClassOf,AnticipationModel,subClassOf,TrafficFlow,是,"dynamicframework1,analyticalhysteresis3,numericalexperiment,synchronizationintraffic",严格标注：同一chunk内找到主语、关系和宾语支持
B212,transportation,2601.17714v1,baseline,domain,hasTimeHeadway,domain,SynchronizedFlow,是,"dynamicframework1,analyticalhysteresis3,numericalexperiment",严格标注：同一chunk内找到主语、关系和宾语支持
B213,transportation,2601.17714v1,baseline,range,estimatesFutureState,range,FutureState,否,,严格标注：未在同一chunk内找到主语、关系和宾语的共同支持
B214,transportation,2601.17714v1,baseline,subClassOf,AnticipationBehavior,subClassOf,BehaviorPattern,是,"dynamicframework1,analyticalhysteresis3,synchronizationintraffic",严格标注：同一chunk内找到主语、关系和宾语支持
B215,transportation,2601.17714v1,baseline,domain,hasTimeScale,domain,BehaviorPattern,是,dynamicframework1,严格标注：同一chunk内找到主语、关系和宾语支持
B216,transportation,2601.17714v1,baseline,range,hasFollowerSpeed,range,TrafficOscillation,是,"dynamicframework1,analyticalhysteresis1,analyticalhysteresis2",严格标注：同一chunk内找到主语、关系和宾语支持
B217,transportation,2601.17714v1,baseline,domain,resultsIn,domain,ReactionBehavior,是,"dynamicframework1,synchronizationintraffic",严格标注：同一chunk内找到主语、关系和宾语支持
B218,transportation,2601.17714v1,baseline,range,hasHysteresisLoop,range,HysteresisLoop,是,"analyticalhysteresis1,analyticalhysteresis2,analyticalhysteresis3,synchronizationintraffic",严格标注：同一chunk内找到主语、关系和宾语支持
B219,transportation,2601.17714v1,baseline,range,describedBy,range,DelayDifferentialEquation,是,dynamicframework1,严格标注：同一chunk内找到主语、关系和宾语支持
B220,transportation,2601.17714v1,baseline,subClassOf,UnidirectionalFlow,subClassOf,TrafficFlow,是,synchronizationintraffic,严格标注：同一chunk内找到主语、关系和宾语支持
B221,transportation,2601.17751v1,baseline,subClassOf,UniformLinearArray,subClassOf,Antenna,是,"completedocument3,completedocument13",严格标注：同一chunk内找到主语、关系和宾语支持
B222,transportation,2601.17751v1,baseline,subPropertyOf,has2DCoordinate,subPropertyOf,has3DCoordinate,否,,严格标注：未在同一chunk内找到主语、关系和宾语的共同支持
B223,transportation,2601.17751v1,baseline,domain,hasPowerConsumption,domain,AerialActiveRIS,是,"completedocument1,completedocument2,completedocument3,completedocument4,completedocument5,completedocument6,completedocument7,completedocument8",严格标注：同一chunk内找到主语、关系和宾语支持
B224,transportation,2601.17751v1,baseline,range,hasCircuitPower,range,PowerConsumption,是,"completedocument1,completedocument4,completedocument6,completedocument8,completedocument9,completedocument11",严格标注：同一chunk内找到主语、关系和宾语支持
B225,transportation,2601.17751v1,baseline,subClassOf,UAV_BS,subClassOf,WirelessCommunicationSystem,是,"completedocument1,completedocument2,completedocument6",严格标注：同一chunk内找到主语、关系和宾语支持
B226,transportation,2601.17751v1,baseline,domain,hasUAVBS,domain,AerialActiveRIS,否,,严格标注：未在同一chunk内找到主语、关系和宾语的共同支持
B227,transportation,2601.17751v1,baseline,subClassOf,WirelessNetwork,subClassOf,Network,是,"completedocument1,completedocument2,completedocument5,completedocument12,completedocument13,completedocument14",严格标注：同一chunk内找到主语、关系和宾语支持
B228,transportation,2601.17751v1,baseline,subClassOf,AerialRIS,subClassOf,AerialPlatform,是,"completedocument1,completedocument2,completedocument6,completedocument9,completedocument14",严格标注：同一chunk内找到主语、关系和宾语支持
B229,transportation,2601.17751v1,baseline,domain,hasEnergyEfficiency,domain,WirelessCommunicationSystem,是,"completedocument1,completedocument2,completedocument6,completedocument14",严格标注：同一chunk内找到主语、关系和宾语支持
B230,transportation,2601.17751v1,baseline,domain,hasHardwarePowerConsumption,domain,ActiveRIS,是,"completedocument1,completedocument2,completedocument4,completedocument6,completedocument8,completedocument9,completedocument11",严格标注：同一chunk内找到主语、关系和宾语支持
B231,transportation,2601.18284v1,baseline,subClassOf,TrafficSimulator,subClassOf,TrafficSimulationSoftware,是,"introduction,relatedwork1,systemdesignofvissimrl1,systemdesignofvissimrl2,conclusions1",严格标注：同一chunk内找到主语、关系和宾语支持
B232,transportation,2601.18284v1,baseline,domain,hasTrafficNetwork,domain,ExperimentalScenario,是,"systemdesignofvissimrl2,experiments1,conclusions2",严格标注：同一chunk内找到主语、关系和宾语支持
B233,transportation,2601.18284v1,baseline,range,integratesWith,range,TrafficSimulator,是,relatedwork1,严格标注：同一chunk内找到主语、关系和宾语支持
B234,transportation,2601.18284v1,baseline,domain,supportsActionType,domain,RlEnvironmentFramework,是,"relatedwork1,systemdesignofvissimrl1,systemdesignofvissimrl2,conclusions1,conclusions2",严格标注：同一chunk内找到主语、关系和宾语支持
B235,transportation,2601.18284v1,baseline,domain,batches,domain,Wrapper,否,,严格标注：未在同一chunk内找到主语、关系和宾语的共同支持
B236,transportation,2601.18284v1,baseline,range,hasLane,range,Lane,否,,严格标注：未在同一chunk内找到主语、关系和宾语的共同支持
B237,transportation,2601.18284v1,baseline,domain,providesApi,domain,RlEnvironmentFramework,是,"relatedwork1,systemdesignofvissimrl1,experiments3,conclusions1",严格标注：同一chunk内找到主语、关系和宾语支持
B238,transportation,2601.18284v1,baseline,domain,involves,domain,Workload,是,"experiments2,experiments3",严格标注：同一chunk内找到主语、关系和宾语支持
B239,transportation,2601.18284v1,baseline,subClassOf,SingleAgentScenario,subClassOf,Scenario,是,"introduction,relatedwork1,systemdesignofvissimrl2,experiments1,experiments2",严格标注：同一chunk内找到主语、关系和宾语支持
B240,transportation,2601.18284v1,baseline,subClassOf,SingleIntersectionScenario,subClassOf,Scenario,是,"introduction,relatedwork1,systemdesignofvissimrl2,experiments1,experiments2",严格标注：同一chunk内找到主语、关系和宾语支持
B241,transportation,2601.18400v1,baseline,subClassOf,Layer1Blockchain,subClassOf,Blockchain,否,,严格标注：未在同一chunk内找到主语、关系和宾语的共同支持
B242,transportation,2601.18400v1,baseline,subPropertyOf,broadcastsTo,subPropertyOf,communicatesWith,否,,严格标注：未在同一chunk内找到主语、关系和宾语的共同支持
B243,transportation,2601.18400v1,baseline,domain,sendsMessage,domain,Node,是,backgroundandblockchainnetworks,严格标注：同一chunk内找到主语、关系和宾语支持
B244,transportation,2601.18400v1,baseline,range,submits,range,Transaction,否,,严格标注：未在同一chunk内找到主语、关系和宾语的共同支持
B245,transportation,2601.18400v1,baseline,domain,measuresNetworkTrafficOf,domain,Benchmark,是,"introduction,relatedwork",严格标注：同一chunk内找到主语、关系和宾语支持
B246,transportation,2601.18400v1,baseline,range,sendsTransactionTo,range,Validator,是,backgroundandblockchainnetworks,严格标注：同一chunk内找到主语、关系和宾语支持
B247,transportation,2601.18400v1,baseline,domain,usesErasureCoding,domain,Blockchain,是,"introduction,varyingconsumption",严格标注：同一chunk内找到主语、关系和宾语支持
B248,transportation,2601.18400v1,baseline,domain,isSupportedUnder,domain,Research,是,conclusion,严格标注：同一chunk内找到主语、关系和宾语支持
B249,transportation,2601.18400v1,baseline,range,usesErasureCoding,range,ErasureCoding,是,"introduction,varyingconsumption",严格标注：同一chunk内找到主语、关系和宾语支持
B250,transportation,2601.18400v1,baseline,domain,scalesWith,domain,Blockchain,否,,严格标注：未在同一chunk内找到主语、关系和宾语的共同支持
B251,transportation,2601.18548v1,baseline,subClassOf,SemialgebraicSet,subClassOf,GeometricRepresentation,是,completedocument5,严格标注：同一chunk内找到主语、关系和宾语支持
B252,transportation,2601.18548v1,baseline,domain,partition,domain,ClassicalApproach,是,completedocument4,严格标注：同一chunk内找到主语、关系和宾语支持
B253,transportation,2601.18548v1,baseline,range,deployedOn,range,MobileManipulatorSystem,否,,严格标注：未在同一chunk内找到主语、关系和宾语的共同支持
B254,transportation,2601.18548v1,baseline,subClassOf,ArticulatedRobot,subClassOf,Robot,是,"completedocument6,completedocument10,completedocument21",严格标注：同一chunk内找到主语、关系和宾语支持
B255,transportation,2601.18548v1,baseline,subClassOf,DynamicEnvironment,subClassOf,Environment,是,"completedocument2,completedocument5,completedocument11,completedocument16",严格标注：同一chunk内找到主语、关系和宾语支持
B256,transportation,2601.18548v1,baseline,domain,represents,domain,Sphere,否,,严格标注：未在同一chunk内找到主语、关系和宾语的共同支持
B257,transportation,2601.18548v1,baseline,range,traverses,range,Passage,否,,严格标注：未在同一chunk内找到主语、关系和宾语的共同支持
B258,transportation,2601.18548v1,baseline,range,isAllocatedTo,range,Link,否,,严格标注：未在同一chunk内找到主语、关系和宾语的共同支持
B259,transportation,2601.18548v1,baseline,domain,navigates,domain,MobileManipulator,是,completedocument16,严格标注：同一chunk内找到主语、关系和宾语支持
B260,transportation,2601.18548v1,baseline,domain,generatesTrajectory,domain,Solver,是,"completedocument1,completedocument10",严格标注：同一chunk内找到主语、关系和宾语支持
B261,transportation,2601.18586v1,baseline,subClassOf,PluvialFlooding,subClassOf,Flooding,是,"background,conclusions1",严格标注：同一chunk内找到主语、关系和宾语支持
B262,transportation,2601.18586v1,baseline,domain,disrupts,domain,PluvialFlooding,是,background,严格标注：同一chunk内找到主语、关系和宾语支持
B263,transportation,2601.18586v1,baseline,range,dependsOn,range,ModelingAssumption,否,,严格标注：未在同一chunk内找到主语、关系和宾语的共同支持
B264,transportation,2601.18586v1,baseline,subClassOf,TravelDelay,subClassOf,RewardComponent,否,,严格标注：未在同一chunk内找到主语、关系和宾语的共同支持
B265,transportation,2601.18586v1,baseline,range,makesTrip,range,Trip,否,,严格标注：未在同一chunk内找到主语、关系和宾语的共同支持
B266,transportation,2601.18586v1,baseline,domain,sampledPer,domain,RainfallEvent,否,,严格标注：未在同一chunk内找到主语、关系和宾语的共同支持
B267,transportation,2601.18586v1,baseline,domain,dependsOn,domain,SimulationOutcome,否,,严格标注：未在同一chunk内找到主语、关系和宾语的共同支持
B268,transportation,2601.18586v1,baseline,domain,hasConstructionCost,domain,NetworkSegment,是,casestudycopenhagensinnercity1,严格标注：同一chunk内找到主语、关系和宾语支持
B269,transportation,2601.18586v1,baseline,subClassOf,Closure,subClassOf,OperationalEffect,是,background,严格标注：同一chunk内找到主语、关系和宾语支持
B270,transportation,2601.18586v1,baseline,subClassOf,PermeablePaver,subClassOf,Intervention,是,problemformulationandiamenvironment1,严格标注：同一chunk内找到主语、关系和宾语支持
B271,transportation,2601.18629v1,baseline,subClassOf,MaskAdapter,subClassOf,Module,是,"introduction,method1,method2,experiments3",严格标注：同一chunk内找到主语、关系和宾语支持
B272,transportation,2601.18629v1,baseline,domain,isDigitizedInto,domain,Demonstration,是,introduction,严格标注：同一chunk内找到主语、关系和宾语支持
B273,transportation,2601.18629v1,baseline,range,closes,range,ContainerLid,是,experiments1,严格标注：同一chunk内找到主语、关系和宾语支持
B274,transportation,2601.18629v1,baseline,domain,reconstructsDigitalTwin,domain,R2S2RPipeline,否,,严格标注：未在同一chunk内找到主语、关系和宾语的共同支持
B275,transportation,2601.18629v1,baseline,range,reshapedInto,range,FeatureMap,否,,严格标注：未在同一chunk内找到主语、关系和宾语的共同支持
B276,transportation,2601.18629v1,baseline,subClassOf,ACTPolicy,subClassOf,Policy,是,experiments2,严格标注：同一chunk内找到主语、关系和宾语支持
B277,transportation,2601.18629v1,baseline,range,machinedInto,range,JointShaft,是,method1,严格标注：同一chunk内找到主语、关系和宾语支持
B278,transportation,2601.18629v1,baseline,range,equippedWith,range,MaskAdapter,是,"method1,experiments3",严格标注：同一chunk内找到主语、关系和宾语支持
B279,transportation,2601.18629v1,baseline,range,predicts,range,PixelPrediction,是,method3,严格标注：同一chunk内找到主语、关系和宾语支持
B280,transportation,2601.18629v1,baseline,subClassOf,UnscrewBottleCapTask,subClassOf,Task,是,"experiments1,experiments2,experiments3",严格标注：同一chunk内找到主语、关系和宾语支持
B281,transportation,2601.18714v1,baseline,subClassOf,TripletLoss,subClassOf,LossFunction,是,"completedocument7,completedocument8",严格标注：同一chunk内找到主语、关系和宾语支持
B282,transportation,2601.18714v1,baseline,domain,employs,domain,Dataset,是,completedocument5,严格标注：同一chunk内找到主语、关系和宾语支持
B283,transportation,2601.18714v1,baseline,range,fromSensor,range,Sensor,是,"completedocument2,completedocument3,completedocument5,completedocument7,completedocument9,completedocument10,completedocument11,completedocument12",严格标注：同一chunk内找到主语、关系和宾语支持
B284,transportation,2601.18714v1,baseline,subClassOf,TestSet,subClassOf,Dataset,是,"completedocument6,completedocument7,completedocument8,completedocument9,completedocument11",严格标注：同一chunk内找到主语、关系和宾语支持
B285,transportation,2601.18714v1,baseline,range,hasPointCloud,range,PointCloud,是,"completedocument1,completedocument2,completedocument3,completedocument4,completedocument5,completedocument7,completedocument11,completedocument12",严格标注：同一chunk内找到主语、关系和宾语支持
B286,transportation,2601.18714v1,baseline,subClassOf,LprAlgorithm,subClassOf,Algorithm,是,"completedocument3,completedocument4,completedocument8",严格标注：同一chunk内找到主语、关系和宾语支持
B287,transportation,2601.18714v1,baseline,subClassOf,LidarSensor,subClassOf,Sensor,是,"completedocument1,completedocument2,completedocument3,completedocument4,completedocument5,completedocument12",严格标注：同一chunk内找到主语、关系和宾语支持
B288,transportation,2601.18714v1,baseline,subClassOf,PlaceRecognitionTask,subClassOf,Task,是,"completedocument1,completedocument3,completedocument5,completedocument6,completedocument8,completedocument9,completedocument10,completedocument12",严格标注：同一chunk内找到主语、关系和宾语支持
B289,transportation,2601.18714v1,baseline,domain,reliesOn,domain,LprMethod,是,completedocument3,严格标注：同一chunk内找到主语、关系和宾语支持
B290,transportation,2601.18714v1,baseline,domain,hasCoordinate,domain,PointCloud,否,,严格标注：未在同一chunk内找到主语、关系和宾语的共同支持
B291,transportation,2601.18783v1,baseline,subClassOf,GoalRecognition,subClassOf,SubTask,是,introduction,严格标注：同一chunk内找到主语、关系和宾语支持
B292,transportation,2601.18783v1,baseline,domain,hasMass,domain,Vehicle,否,,严格标注：未在同一chunk内找到主语、关系和宾语的共同支持
B293,transportation,2601.18783v1,baseline,range,drivesIn,range,HighwaySimulation,否,,严格标注：未在同一chunk内找到主语、关系和宾语的共同支持
B294,transportation,2601.18783v1,baseline,domain,generalizeAcross,domain,SinglePolicyMethod,是,multiobjectivereinforcementlearningliterature,严格标注：同一chunk内找到主语、关系和宾语支持
B295,transportation,2601.18783v1,baseline,range,governs,range,VehicleBehavior,否,,严格标注：未在同一chunk内找到主语、关系和宾语的共同支持
B296,transportation,2601.18783v1,baseline,range,environmentModeledAs,range,MultiObjectiveMarkovDecisionProcess,是,problemformulation,严格标注：同一chunk内找到主语、关系和宾语支持
B297,transportation,2601.18783v1,baseline,subClassOf,SinglePolicyMethod,subClassOf,MorlMethod,是,multiobjectivereinforcementlearningliterature,严格标注：同一chunk内找到主语、关系和宾语支持
B298,transportation,2601.18783v1,baseline,range,modeledUsing,range,Model,是,trafficmodeling,严格标注：同一chunk内找到主语、关系和宾语支持
B299,transportation,2601.18783v1,baseline,range,interactsWith,range,TrafficEnvironment,是,methodology2,严格标注：同一chunk内找到主语、关系和宾语支持
B300,transportation,2601.18783v1,baseline,domain,definesDecisionRuleFor,domain,Policy,是,"introduction,problemformulation",严格标注：同一chunk内找到主语、关系和宾语支持
