领域,论文ID,方法,公理总数,正确公理数,subClassOf,subPropertyOf,domain,range
geography,2601.16965v1,chunk,400,,94,1,158,147
geography,2601.17074v1,chunk,245,,57,10,92,86
geography,2601.17747v1,chunk,203,,62,0,74,67
geography,2601.18190v1,chunk,188,,79,4,54,51
geography,2601.18311v1,chunk,171,,51,12,52,56
geography,2601.18361v1,chunk,223,,69,14,69,71
geography,2601.18410v1,chunk,389,,87,20,143,139
geography,2601.18493v1,chunk,355,,96,6,131,122
geography,2601.18560v1,chunk,276,,65,8,101,102
geography,2601.18693v1,chunk,654,,137,31,246,240
medical,2601.17916v1,chunk,161,,48,3,55,55
medical,2601.18082v1,chunk,228,,93,4,67,64
medical,2601.18356v1,chunk,166,,60,2,53,51
medical,2601.18555v1,chunk,128,,38,2,45,43
medical,2601.18556v1,chunk,434,,135,14,145,140
medical,2601.18630v1,chunk,367,,117,20,113,117
medical,2601.18675v1,chunk,273,,112,11,78,72
medical,2601.18710v1,chunk,140,,49,7,43,41
medical,2601.18716v1,chunk,482,,166,24,148,144
medical,2601.18796v1,chunk,381,,114,10,128,129
transportation,2601.14292v1,chunk,539,,152,24,181,182
transportation,2601.17714v1,chunk,235,,40,2,98,95
transportation,2601.17751v1,chunk,327,,71,13,123,120
transportation,2601.18284v1,chunk,906,,222,33,337,314
transportation,2601.18400v1,chunk,575,,88,11,255,221
transportation,2601.18548v1,chunk,802,,205,13,293,291
transportation,2601.18586v1,chunk,294,,77,11,101,105
transportation,2601.18629v1,chunk,361,,60,8,140,153
transportation,2601.18714v1,chunk,384,,111,13,136,124
transportation,2601.18783v1,chunk,422,,106,9,153,154
geography,2601.16965v1,baseline,196,,102,0,47,47
geography,2601.17074v1,baseline,132,,43,0,49,40
geography,2601.17747v1,baseline,100,,30,0,39,31
geography,2601.18190v1,baseline,82,,12,0,42,28
geography,2601.18311v1,baseline,91,,14,0,39,38
geography,2601.18361v1,baseline,141,,28,0,70,43
geography,2601.18410v1,baseline,197,,49,0,81,67
geography,2601.18493v1,baseline,101,,32,0,34,35
geography,2601.18560v1,baseline,125,,39,0,45,41
geography,2601.18693v1,baseline,254,,66,0,100,88
medical,2601.17916v1,baseline,55,,20,0,18,17
medical,2601.18082v1,baseline,134,,45,6,43,40
medical,2601.18356v1,baseline,96,,38,0,29,29
medical,2601.18555v1,baseline,66,,27,0,20,19
medical,2601.18556v1,baseline,145,,48,0,49,48
medical,2601.18630v1,baseline,184,,83,0,50,51
medical,2601.18675v1,baseline,107,,46,0,30,31
medical,2601.18710v1,baseline,70,,24,0,23,23
medical,2601.18716v1,baseline,202,,80,0,63,59
medical,2601.18796v1,baseline,218,,82,0,73,63
transportation,2601.14292v1,baseline,188,,69,0,55,64
transportation,2601.17714v1,baseline,113,,24,0,50,39
transportation,2601.17751v1,baseline,151,,31,1,76,43
transportation,2601.18284v1,baseline,287,,72,0,132,83
transportation,2601.18400v1,baseline,133,,34,1,53,45
transportation,2601.18548v1,baseline,200,,66,0,69,65
transportation,2601.18586v1,baseline,116,,48,0,36,32
transportation,2601.18629v1,baseline,130,,37,0,48,45
transportation,2601.18714v1,baseline,175,,53,0,61,61
transportation,2601.18783v1,baseline,177,,47,0,70,60
