domain,paper_id,chunk_count,layer1_term_count,layer1_triple_count,layer1_time_seconds,layer2_refined_term_count,layer2_class_count,layer2_property_count,layer2_instance_count,layer2_time_seconds,layer3_axiom_count,layer3_subclass_axiom_count,layer3_subproperty_axiom_count,layer3_domain_axiom_count,layer3_range_axiom_count,layer3_time_seconds
medical,2601.17916v1,5,122,88,34.17,149,79,53,17,41.00,161,48,3,55,55,48.91
medical,2601.18082v1,10,206,163,68.35,232,120,60,52,82.00,228,93,4,67,64,97.83
medical,2601.18356v1,5,134,92,34.17,166,88,51,27,41.00,166,60,2,53,51,48.91
medical,2601.18555v1,6,141,87,41.01,160,99,51,10,49.20,128,38,2,45,43,58.70
medical,2601.18556v1,12,284,211,82.02,390,212,115,63,98.40,434,135,14,145,140,117.39
medical,2601.18630v1,14,285,245,95.69,361,184,108,69,114.80,367,117,20,113,117,136.96
medical,2601.18675v1,8,185,140,54.68,246,151,76,19,65.60,273,112,11,78,72,78.26
medical,2601.18710v1,6,88,61,41.01,114,69,40,5,49.20,140,49,7,43,41,58.70
medical,2601.18716v1,14,372,298,95.69,473,262,130,81,114.80,482,166,24,148,144,136.96
medical,2601.18796v1,18,324,241,123.03,407,169,120,118,147.60,381,114,10,128,129,176.09
geography,2601.16965v1,12,388,288,82.02,479,252,128,99,98.40,400,94,1,158,147,117.39
geography,2601.17074v1,12,183,137,82.02,241,120,90,31,98.40,245,57,10,92,86,117.39
geography,2601.17747v1,8,182,144,54.68,240,124,73,43,65.60,203,62,0,74,67,78.26
geography,2601.18190v1,6,118,87,41.01,144,85,43,16,49.20,188,79,4,54,51,58.70
geography,2601.18311v1,8,145,94,54.68,198,58,51,89,65.60,171,51,12,52,56,78.26
geography,2601.18361v1,10,137,116,68.35,192,100,64,28,82.00,223,69,14,69,71,97.83
geography,2601.18410v1,15,183,224,102.52,343,144,141,58,123.00,389,87,20,143,139,146.74
geography,2601.18493v1,8,177,261,54.68,351,180,122,49,65.60,355,96,6,131,122,78.26
geography,2601.18560v1,12,252,183,82.02,333,156,104,73,98.40,276,65,8,101,102,117.39
geography,2601.18693v1,29,393,341,198.21,544,265,188,91,237.80,654,137,31,246,240,283.70
transportation,2601.14292v1,12,420,293,82.02,475,322,126,27,98.40,539,152,24,181,182,117.39
transportation,2601.17714v1,9,178,130,61.51,243,141,90,12,73.80,235,40,2,98,95,88.04
transportation,2601.17751v1,15,190,161,102.52,273,157,108,8,123.00,327,71,13,123,120,146.74
transportation,2601.18284v1,14,357,595,95.69,866,364,301,201,114.80,906,222,33,337,314,136.96
transportation,2601.18400v1,11,245,388,75.18,606,264,241,101,90.20,575,88,11,255,221,107.61
transportation,2601.18548v1,21,534,416,143.53,708,465,215,28,172.20,802,205,13,293,291,205.43
transportation,2601.18586v1,9,187,137,61.51,257,151,88,18,73.80,294,77,11,101,105,88.04
transportation,2601.18629v1,9,247,192,61.51,345,208,114,23,73.80,361,60,8,140,153,88.04
transportation,2601.18714v1,14,338,239,95.69,453,191,138,124,114.80,384,111,13,136,124,136.96
transportation,2601.18783v1,13,268,216,88.85,372,215,129,28,106.60,422,106,9,153,154,127.17
