领域,论文ID,方法,公理类型,主语,谓语,宾语,是否正确,证据chunk,备注
geography,2601.16965v1,no_chunk,subClassOf,GeoFlowGraph,subClassOf,DirectedAcyclicGraph,是,completedocument1,严格标注：同一chunk内找到主语、关系和宾语支持
geography,2601.16965v1,no_chunk,domain,appliedTo,domain,AiAgent,是,completedocument8,严格标注：同一chunk内找到主语、关系和宾语支持
geography,2601.16965v1,no_chunk,domain,assignsRole,domain,AiAgent,不确定,,严格标注：未在同一chunk内找到主语、关系和宾语的共同支持
geography,2601.16965v1,no_chunk,domain,containsNode,domain,GeoFlowGraph,不确定,,严格标注：未在同一chunk内找到主语、关系和宾语的共同支持
geography,2601.16965v1,no_chunk,domain,evaluatedOn,domain,AiAgent,不确定,,严格标注：未在同一chunk内找到主语、关系和宾语的共同支持
geography,2601.16965v1,no_chunk,domain,executesBefore,domain,FunctionalRole,不确定,,严格标注：未在同一chunk内找到主语、关系和宾语的共同支持
geography,2601.16965v1,no_chunk,domain,extractsConcept,domain,AiAgent,是,"completedocument1,completedocument2",严格标注：同一chunk内找到主语、关系和宾语支持
geography,2601.16965v1,no_chunk,domain,generates,domain,AiAgent,是,completedocument12,严格标注：同一chunk内找到主语、关系和宾语支持
geography,2601.16965v1,no_chunk,domain,groundedIn,domain,AiAgent,是,"completedocument1,completedocument2,completedocument7,completedocument12",严格标注：同一chunk内找到主语、关系和宾语支持
geography,2601.16965v1,no_chunk,domain,lacks,domain,BaselineMethod,不确定,,严格标注：未在同一chunk内找到主语、关系和宾语的共同支持
geography,2601.16965v1,no_chunk,domain,mappedTo,domain,GeoFlowGraph,是,"completedocument1,completedocument10",严格标注：同一chunk内找到主语、关系和宾语支持
geography,2601.16965v1,no_chunk,domain,outperforms,domain,AiAgent,是,"completedocument1,completedocument2,completedocument7",严格标注：同一chunk内找到主语、关系和宾语支持
geography,2601.16965v1,no_chunk,domain,parsesInto,domain,GeoAnalyticalQuestion,不确定,,严格标注：未在同一chunk内找到主语、关系和宾语的共同支持
geography,2601.16965v1,no_chunk,domain,representedAs,domain,GeoFlowGraph,是,"completedocument1,completedocument2",严格标注：同一chunk内找到主语、关系和宾语支持
geography,2601.16965v1,no_chunk,domain,requires,domain,GeoAnalyticalQuestion,是,"completedocument3,completedocument4,completedocument5,completedocument8",严格标注：同一chunk内找到主语、关系和宾语支持
geography,2601.16965v1,no_chunk,domain,satisfiesConstraint,domain,GeoFlowGraph,是,"completedocument5,completedocument12",严格标注：同一chunk内找到主语、关系和宾语支持
geography,2601.16965v1,no_chunk,domain,transforms,domain,SpatialOperator,是,"completedocument4,completedocument12",严格标注：同一chunk内找到主语、关系和宾语支持
geography,2601.16965v1,no_chunk,domain,usesTool,domain,AiAgent,不确定,,严格标注：未在同一chunk内找到主语、关系和宾语的共同支持
geography,2601.16965v1,no_chunk,range,appliedTo,range,RealWorldApplication,是,completedocument9,严格标注：同一chunk内找到主语、关系和宾语支持
geography,2601.16965v1,no_chunk,range,assignsRole,range,FunctionalRole,是,completedocument3,严格标注：同一chunk内找到主语、关系和宾语支持
geography,2601.16965v1,no_chunk,range,evaluatedOn,range,Dataset,不确定,,严格标注：未在同一chunk内找到主语、关系和宾语的共同支持
geography,2601.16965v1,no_chunk,range,executesBefore,range,FunctionalRole,不确定,,严格标注：未在同一chunk内找到主语、关系和宾语的共同支持
geography,2601.16965v1,no_chunk,range,extractsConcept,range,SpatialConcept,是,"completedocument1,completedocument2,completedocument3",严格标注：同一chunk内找到主语、关系和宾语支持
geography,2601.16965v1,no_chunk,range,generates,range,GeoFlowGraph,是,"completedocument3,completedocument5,completedocument6,completedocument12",严格标注：同一chunk内找到主语、关系和宾语支持
geography,2601.16965v1,no_chunk,range,groundedIn,range,GeospatialReasoning,是,"completedocument1,completedocument2,completedocument3,completedocument5,completedocument7,completedocument12",严格标注：同一chunk内找到主语、关系和宾语支持
geography,2601.16965v1,no_chunk,range,lacks,range,GeospatialReasoning,不确定,,严格标注：未在同一chunk内找到主语、关系和宾语的共同支持
geography,2601.16965v1,no_chunk,range,mappedTo,range,OperatorConceptHypergraph,是,completedocument10,严格标注：同一chunk内找到主语、关系和宾语支持
geography,2601.16965v1,no_chunk,range,outperforms,range,BaselineMethod,是,"completedocument6,completedocument7",严格标注：同一chunk内找到主语、关系和宾语支持
geography,2601.16965v1,no_chunk,range,parsesInto,range,GeoFlowGraph,不确定,,严格标注：未在同一chunk内找到主语、关系和宾语的共同支持
geography,2601.16965v1,no_chunk,range,representedAs,range,DirectedAcyclicGraph,是,completedocument1,严格标注：同一chunk内找到主语、关系和宾语支持
geography,2601.16965v1,no_chunk,range,requires,range,GeospatialReasoning,是,"completedocument3,completedocument5,completedocument8",严格标注：同一chunk内找到主语、关系和宾语支持
geography,2601.16965v1,no_chunk,range,transforms,range,SpatialConcept,是,"completedocument3,completedocument4,completedocument12",严格标注：同一chunk内找到主语、关系和宾语支持
geography,2601.16965v1,no_chunk,range,usesTool,range,GisTool,不确定,,严格标注：未在同一chunk内找到主语、关系和宾语的共同支持
geography,2601.17074v1,no_chunk,domain,influences,domain,SnowDepth,不确定,,严格标注：未在同一chunk内找到主语、关系和宾语的共同支持
geography,2601.17074v1,no_chunk,domain,locatedOn,domain,SnowDepth,不确定,,严格标注：未在同一chunk内找到主语、关系和宾语的共同支持
geography,2601.17074v1,no_chunk,domain,drivesObservationOf,domain,SnowDensity,不确定,,严格标注：未在同一chunk内找到主语、关系和宾语的共同支持
geography,2601.17074v1,no_chunk,domain,describesEquilibriumOf,domain,HydrostaticBalance,是,inverseproblempredictinghs1,严格标注：同一chunk内找到主语、关系和宾语支持
geography,2601.17074v1,no_chunk,domain,exerts,domain,Seawater,不确定,,严格标注：未在同一chunk内找到主语、关系和宾语的共同支持
geography,2601.17074v1,no_chunk,domain,balances,domain,BuoyantForce,不确定,,严格标注：未在同一chunk内找到主语、关系和宾语的共同支持
geography,2601.17074v1,no_chunk,domain,constrains,domain,SeaIceConcentration,不确定,,严格标注：未在同一chunk内找到主语、关系和宾语的共同支持
geography,2601.17074v1,no_chunk,domain,measuresCoverageOf,domain,SeaIceConcentration,不确定,,严格标注：未在同一chunk内找到主语、关系和宾语的共同支持
geography,2601.17074v1,no_chunk,domain,indicates,domain,SnowAlbedo,不确定,,严格标注：未在同一chunk内找到主语、关系和宾语的共同支持
geography,2601.17074v1,no_chunk,domain,characterizesElevationOf,domain,Freeboard,不确定,,严格标注：未在同一chunk内找到主语、关系和宾语的共同支持
geography,2601.17074v1,no_chunk,range,influences,range,SeaIceThickness,不确定,,严格标注：未在同一chunk内找到主语、关系和宾语的共同支持
geography,2601.17074v1,no_chunk,range,locatedOn,range,SeaIce,不确定,,严格标注：未在同一chunk内找到主语、关系和宾语的共同支持
geography,2601.17074v1,no_chunk,range,drivesObservationOf,range,SnowDepth,不确定,,严格标注：未在同一chunk内找到主语、关系和宾语的共同支持
geography,2601.17074v1,no_chunk,range,exerts,range,BuoyantForce,不确定,,严格标注：未在同一chunk内找到主语、关系和宾语的共同支持
geography,2601.17074v1,no_chunk,range,constrains,range,SeaIceThickness,不确定,,严格标注：未在同一chunk内找到主语、关系和宾语的共同支持
geography,2601.17074v1,no_chunk,range,measuresCoverageOf,range,SeaIce,不确定,,严格标注：未在同一chunk内找到主语、关系和宾语的共同支持
geography,2601.17074v1,no_chunk,range,indicates,range,SnowCover,不确定,,严格标注：未在同一chunk内找到主语、关系和宾语的共同支持
geography,2601.17074v1,no_chunk,range,characterizesElevationOf,range,SeaIce,不确定,,严格标注：未在同一chunk内找到主语、关系和宾语的共同支持
geography,2601.17074v1,no_chunk,range,lacksMeasurementOf,range,SnowDepth,不确定,,严格标注：未在同一chunk内找到主语、关系和宾语的共同支持
geography,2601.17074v1,no_chunk,range,predicts,range,SnowDepth,是,appendix1,严格标注：同一chunk内找到主语、关系和宾语支持
geography,2601.17074v1,no_chunk,range,incorporates,range,HydrostaticBalance,不确定,,严格标注：未在同一chunk内找到主语、关系和宾语的共同支持
geography,2601.17074v1,no_chunk,range,determines,range,TotalWeight,不确定,,严格标注：未在同一chunk内找到主语、关系和宾语的共同支持
geography,2601.17747v1,no_chunk,subClassOf,RealChange,subClassOf,SurfaceChange,是,introduction,严格标注：同一chunk内找到主语、关系和宾语支持
geography,2601.17747v1,no_chunk,subClassOf,PseudoChange,subClassOf,SurfaceChange,是,introduction,严格标注：同一chunk内找到主语、关系和宾语支持
geography,2601.17747v1,no_chunk,subClassOf,LandCoverChange,subClassOf,SurfaceChange,是,introduction,严格标注：同一chunk内找到主语、关系和宾语支持
geography,2601.17747v1,no_chunk,subClassOf,UrbanExpansion,subClassOf,LandCoverChange,是,introduction,严格标注：同一chunk内找到主语、关系和宾语支持
geography,2601.17747v1,no_chunk,subClassOf,IlluminationChange,subClassOf,PseudoChange,是,introduction,严格标注：同一chunk内找到主语、关系和宾语支持
geography,2601.17747v1,no_chunk,subClassOf,SeasonalEffect,subClassOf,PseudoChange,是,introduction,严格标注：同一chunk内找到主语、关系和宾语支持
geography,2601.17747v1,no_chunk,domain,identifies,domain,ChangeDetection,是,introduction,严格标注：同一chunk内找到主语、关系和宾语支持
geography,2601.17747v1,no_chunk,domain,analyzes,domain,ChangeDetection,不确定,,严格标注：未在同一chunk内找到主语、关系和宾语的共同支持
geography,2601.17747v1,no_chunk,domain,monitors,domain,ChangeDetection,不确定,,严格标注：未在同一chunk内找到主语、关系和宾语的共同支持
geography,2601.17747v1,no_chunk,domain,assesses,domain,ChangeDetection,否,,严格标注：未在同一chunk内找到主语、关系和宾语的共同支持
geography,2601.17747v1,no_chunk,domain,distinguishes,domain,ChangeDetection,否,,严格标注：未在同一chunk内找到主语、关系和宾语的共同支持
geography,2601.17747v1,no_chunk,domain,drivenBy,domain,TimeVaryingFeature,是,"introduction,method1",严格标注：同一chunk内找到主语、关系和宾语支持
geography,2601.17747v1,no_chunk,domain,preserves,domain,WeaklySupervisedMethod,否,,严格标注：未在同一chunk内找到主语、关系和宾语的共同支持
geography,2601.17747v1,no_chunk,domain,includes,domain,PseudoChange,否,,严格标注：未在同一chunk内找到主语、关系和宾语的共同支持
geography,2601.17747v1,no_chunk,range,identifies,range,SurfaceChange,是,introduction,严格标注：同一chunk内找到主语、关系和宾语支持
geography,2601.17747v1,no_chunk,range,identifies,range,LandCoverChange,是,introduction,严格标注：同一chunk内找到主语、关系和宾语支持
geography,2601.17747v1,no_chunk,range,analyzes,range,MultiTemporalRemoteSensingImage,否,,严格标注：未在同一chunk内找到主语、关系和宾语的共同支持
geography,2601.17747v1,no_chunk,range,analyzes,range,UrbanExpansion,否,,严格标注：未在同一chunk内找到主语、关系和宾语的共同支持
geography,2601.17747v1,no_chunk,range,monitors,range,LandResource,否,,严格标注：未在同一chunk内找到主语、关系和宾语的共同支持
geography,2601.17747v1,no_chunk,range,monitors,range,AgriculturalMonitoring,否,,严格标注：未在同一chunk内找到主语、关系和宾语的共同支持
geography,2601.17747v1,no_chunk,range,assesses,range,Disaster,否,,严格标注：未在同一chunk内找到主语、关系和宾语的共同支持
geography,2601.17747v1,no_chunk,range,distinguishes,range,RealChange,否,,严格标注：未在同一chunk内找到主语、关系和宾语的共同支持
geography,2601.17747v1,no_chunk,range,distinguishes,range,PseudoChange,否,,严格标注：未在同一chunk内找到主语、关系和宾语的共同支持
geography,2601.17747v1,no_chunk,range,drivenBy,range,LandCoverEvolution,是,introduction,严格标注：同一chunk内找到主语、关系和宾语支持
geography,2601.17747v1,no_chunk,range,drivenBy,range,IlluminationChange,是,introduction,严格标注：同一chunk内找到主语、关系和宾语支持
geography,2601.17747v1,no_chunk,range,drivenBy,range,SeasonalEffect,是,introduction,严格标注：同一chunk内找到主语、关系和宾语支持
geography,2601.17747v1,no_chunk,range,preserves,range,ChangedRegion,否,,严格标注：未在同一chunk内找到主语、关系和宾语的共同支持
geography,2601.17747v1,no_chunk,range,includes,range,IlluminationChange,否,,严格标注：未在同一chunk内找到主语、关系和宾语的共同支持
geography,2601.17747v1,no_chunk,range,includes,range,SeasonalEffect,否,,严格标注：未在同一chunk内找到主语、关系和宾语的共同支持
geography,2601.18190v1,no_chunk,subClassOf,Tree,subClassOf,Plant,是,experiments1,严格标注：同一chunk内找到主语、关系和宾语支持
geography,2601.18190v1,no_chunk,subPropertyOf,nextTo,subPropertyOf,nearTo,否,,严格标注：未在同一chunk内找到主语、关系和宾语的共同支持
geography,2601.18190v1,no_chunk,subPropertyOf,locatedBeside,subPropertyOf,nextTo,否,,严格标注：未在同一chunk内找到主语、关系和宾语的共同支持
geography,2601.18190v1,no_chunk,subPropertyOf,locatedBeside,subPropertyOf,nearTo,否,,严格标注：未在同一chunk内找到主语、关系和宾语的共同支持
geography,2601.18190v1,no_chunk,domain,builtAmong,domain,Viaduct,否,,严格标注：未在同一chunk内找到主语、关系和宾语的共同支持
geography,2601.18190v1,no_chunk,domain,locatedAtCorner,domain,Building,否,,严格标注：未在同一chunk内找到主语、关系和宾语的共同支持
geography,2601.18190v1,no_chunk,domain,locatedAlong,domain,Tree,否,,严格标注：未在同一chunk内找到主语、关系和宾语的共同支持
geography,2601.18190v1,no_chunk,domain,locatedInCornerOf,domain,SwimmingPool,否,,严格标注：未在同一chunk内找到主语、关系和宾语的共同支持
geography,2601.18190v1,no_chunk,domain,surrounds,domain,Building,否,,严格标注：未在同一chunk内找到主语、关系和宾语的共同支持
geography,2601.18190v1,no_chunk,domain,locatedOnSidesOf,domain,Tree,否,,严格标注：未在同一chunk内找到主语、关系和宾语的共同支持
geography,2601.18190v1,no_chunk,domain,locatedBeside,domain,Pond,否,,严格标注：未在同一chunk内找到主语、关系和宾语的共同支持
geography,2601.18190v1,no_chunk,range,builtAmong,range,Tree,否,,严格标注：未在同一chunk内找到主语、关系和宾语的共同支持
geography,2601.18190v1,no_chunk,range,locatedAtCorner,range,Tree,否,,严格标注：未在同一chunk内找到主语、关系和宾语的共同支持
geography,2601.18190v1,no_chunk,range,locatedAlong,range,Road,否,,严格标注：未在同一chunk内找到主语、关系和宾语的共同支持
geography,2601.18190v1,no_chunk,range,locatedInCornerOf,range,Resort,否,,严格标注：未在同一chunk内找到主语、关系和宾语的共同支持
geography,2601.18190v1,no_chunk,range,surrounds,range,SwimmingPool,否,,严格标注：未在同一chunk内找到主语、关系和宾语的共同支持
geography,2601.18190v1,no_chunk,range,locatedOnSidesOf,range,River,否,,严格标注：未在同一chunk内找到主语、关系和宾语的共同支持
geography,2601.18190v1,no_chunk,range,locatedBeside,range,Pond,否,,严格标注：未在同一chunk内找到主语、关系和宾语的共同支持
geography,2601.18311v1,no_chunk,domain,contains,domain,Country,否,,严格标注：未在同一chunk内找到主语、关系和宾语的共同支持
geography,2601.18361v1,no_chunk,domain,operatesIn,domain,HighAltitudePlatformStation,否,,严格标注：未在同一chunk内找到主语、关系和宾语的共同支持
geography,2601.18361v1,no_chunk,domain,locatedAbove,domain,HighAltitudePlatformStation,否,,严格标注：未在同一chunk内找到主语、关系和宾语的共同支持
geography,2601.18361v1,no_chunk,domain,providesCoverageTo,domain,LowEarthOrbitSatellite,否,,严格标注：未在同一chunk内找到主语、关系和宾语的共同支持
geography,2601.18361v1,no_chunk,domain,deployedIn,domain,TerrestrialBaseStation,是,completedocument4,严格标注：同一chunk内找到主语、关系和宾语支持
geography,2601.18361v1,no_chunk,domain,surrounds,domain,GuardRegion,否,,严格标注：未在同一chunk内找到主语、关系和宾语的共同支持
geography,2601.18361v1,no_chunk,range,operatesIn,range,Stratosphere,否,,严格标注：未在同一chunk内找到主语、关系和宾语的共同支持
geography,2601.18361v1,no_chunk,range,surrounds,range,CircularArea,否,,严格标注：未在同一chunk内找到主语、关系和宾语的共同支持
geography,2601.18410v1,no_chunk,domain,deployedAtAltitude,domain,Satellite,是,"completedocument3,completedocument10",严格标注：同一chunk内找到主语、关系和宾语支持
geography,2601.18410v1,no_chunk,domain,hasCoverageArea,domain,BaseStation,是,completedocument1,严格标注：同一chunk内找到主语、关系和宾语支持
geography,2601.18410v1,no_chunk,domain,hasRadius,domain,CoverageArea,否,,严格标注：未在同一chunk内找到主语、关系和宾语的共同支持
geography,2601.18410v1,no_chunk,domain,distributedIn,domain,CellularUser,否,,严格标注：未在同一chunk内找到主语、关系和宾语的共同支持
geography,2601.18410v1,no_chunk,domain,distributedIn,domain,SatelliteUser,是,completedocument15,严格标注：同一chunk内找到主语、关系和宾语支持
geography,2601.18410v1,no_chunk,domain,centeredAt,domain,CoverageArea,否,,严格标注：未在同一chunk内找到主语、关系和宾语的共同支持
geography,2601.18410v1,no_chunk,domain,hasSubSatellitePoint,domain,Satellite,是,"completedocument9,completedocument10,completedocument12,completedocument13,completedocument14",严格标注：同一chunk内找到主语、关系和宾语支持
geography,2601.18410v1,no_chunk,domain,movesAlong,domain,CellularUser,否,,严格标注：未在同一chunk内找到主语、关系和宾语的共同支持
geography,2601.18410v1,no_chunk,domain,movesAlong,domain,SatelliteUser,否,,严格标注：未在同一chunk内找到主语、关系和宾语的共同支持
geography,2601.18410v1,no_chunk,domain,movesAtSpeed,domain,CellularUser,否,,严格标注：未在同一chunk内找到主语、关系和宾语的共同支持
geography,2601.18410v1,no_chunk,domain,movesAtSpeed,domain,SatelliteUser,否,,严格标注：未在同一chunk内找到主语、关系和宾语的共同支持
geography,2601.18410v1,no_chunk,domain,hasSpatialDistribution,domain,CellularUser,是,completedocument3,严格标注：同一chunk内找到主语、关系和宾语支持
geography,2601.18410v1,no_chunk,domain,hasSpatialDistribution,domain,SatelliteUser,是,completedocument3,严格标注：同一chunk内找到主语、关系和宾语支持
geography,2601.18410v1,no_chunk,domain,coversLargerAreaThan,domain,CoverageArea,是,completedocument10,严格标注：同一chunk内找到主语、关系和宾语支持
geography,2601.18410v1,no_chunk,range,deployedAtAltitude,range,Altitude,是,"completedocument3,completedocument10",严格标注：同一chunk内找到主语、关系和宾语支持
geography,2601.18410v1,no_chunk,range,hasCoverageArea,range,CoverageArea,是,"completedocument3,completedocument10",严格标注：同一chunk内找到主语、关系和宾语支持
geography,2601.18410v1,no_chunk,range,hasRadius,range,Radius,否,,严格标注：未在同一chunk内找到主语、关系和宾语的共同支持
geography,2601.18410v1,no_chunk,range,distributedIn,range,CoverageArea,是,completedocument10,严格标注：同一chunk内找到主语、关系和宾语支持
geography,2601.18410v1,no_chunk,range,centeredAt,range,GeographicCoordinate,否,,严格标注：未在同一chunk内找到主语、关系和宾语的共同支持
geography,2601.18410v1,no_chunk,range,hasSubSatellitePoint,range,GeographicCoordinate,否,,严格标注：未在同一chunk内找到主语、关系和宾语的共同支持
geography,2601.18410v1,no_chunk,range,movesAlong,range,MovementPath,否,,严格标注：未在同一chunk内找到主语、关系和宾语的共同支持
geography,2601.18410v1,no_chunk,range,movesAtSpeed,range,Speed,否,,严格标注：未在同一chunk内找到主语、关系和宾语的共同支持
geography,2601.18410v1,no_chunk,range,hasSpatialDistribution,range,SpatialDistribution,是,"completedocument1,completedocument3,completedocument6,completedocument12,completedocument14",严格标注：同一chunk内找到主语、关系和宾语支持
geography,2601.18410v1,no_chunk,range,coversLargerAreaThan,range,CoverageArea,是,completedocument10,严格标注：同一chunk内找到主语、关系和宾语支持
geography,2601.18493v1,no_chunk,domain,builtUpon,domain,Dataset,否,,严格标注：未在同一chunk内找到主语、关系和宾语的共同支持
geography,2601.18493v1,no_chunk,domain,captures,domain,SatelliteImagery,否,,严格标注：未在同一chunk内找到主语、关系和宾语的共同支持
geography,2601.18493v1,no_chunk,domain,provides,domain,Dataset,是,"thedisasterinsightbenchmark1,experiments",严格标注：同一chunk内找到主语、关系和宾语支持
geography,2601.18493v1,no_chunk,domain,containedIn,domain,SpatialRegion,否,,严格标注：未在同一chunk内找到主语、关系和宾语的共同支持
geography,2601.18493v1,no_chunk,domain,affectedBy,domain,SpatialRegion,否,,严格标注：未在同一chunk内找到主语、关系和宾语的共同支持
geography,2601.18493v1,no_chunk,domain,locatedIn,domain,BuildingFootprint,否,,严格标注：未在同一chunk内找到主语、关系和宾语的共同支持
geography,2601.18493v1,no_chunk,domain,encloses,domain,BoundingBox,否,,严格标注：未在同一chunk内找到主语、关系和宾语的共同支持
geography,2601.18493v1,no_chunk,domain,hasFunction,domain,BuildingFootprint,是,"thedisasterinsightbenchmark1,thedisasterinsightbenchmark2",严格标注：同一chunk内找到主语、关系和宾语支持
geography,2601.18493v1,no_chunk,domain,hasDamageLevel,domain,BuildingFootprint,是,"thedisasterinsightbenchmark1,thedisasterinsightbenchmark2",严格标注：同一chunk内找到主语、关系和宾语支持
geography,2601.18493v1,no_chunk,domain,derivedFrom,domain,BuildingFunction,是,"thedisasterinsightbenchmark1,thedisasterinsightbenchmark2,thedisasterinsightbenchmark3,discussionandlimitations",严格标注：同一chunk内找到主语、关系和宾语支持
geography,2601.18493v1,no_chunk,domain,assesses,domain,Dataset,否,,严格标注：未在同一chunk内找到主语、关系和宾语的共同支持
geography,2601.18493v1,no_chunk,range,builtUpon,range,Dataset,否,,严格标注：未在同一chunk内找到主语、关系和宾语的共同支持
geography,2601.18493v1,no_chunk,range,captures,range,BuildingFootprint,否,,严格标注：未在同一chunk内找到主语、关系和宾语的共同支持
geography,2601.18493v1,no_chunk,range,provides,range,BoundingBox,是,thedisasterinsightbenchmark1,严格标注：同一chunk内找到主语、关系和宾语支持
geography,2601.18493v1,no_chunk,range,containedIn,range,ImagePatch,否,,严格标注：未在同一chunk内找到主语、关系和宾语的共同支持
geography,2601.18493v1,no_chunk,range,affectedBy,range,Disaster,是,"introduction,thedisasterinsightbenchmark1",严格标注：同一chunk内找到主语、关系和宾语支持
geography,2601.18493v1,no_chunk,range,locatedIn,range,SpatialRegion,否,,严格标注：未在同一chunk内找到主语、关系和宾语的共同支持
geography,2601.18493v1,no_chunk,range,encloses,range,BuildingFootprint,否,,严格标注：未在同一chunk内找到主语、关系和宾语的共同支持
geography,2601.18493v1,no_chunk,range,hasFunction,range,BuildingFunction,是,"thedisasterinsightbenchmark1,thedisasterinsightbenchmark2,discussionandlimitations",严格标注：同一chunk内找到主语、关系和宾语支持
geography,2601.18493v1,no_chunk,range,hasDamageLevel,range,DamageLevel,是,"introduction,relatedwork,thedisasterinsightbenchmark1,thedisasterinsightbenchmark2,thedisasterinsightbenchmark3,experiments,discussionandlimitations,conclusion",严格标注：同一chunk内找到主语、关系和宾语支持
geography,2601.18493v1,no_chunk,range,derivedFrom,range,Dataset,是,"thedisasterinsightbenchmark1,thedisasterinsightbenchmark2,thedisasterinsightbenchmark3",严格标注：同一chunk内找到主语、关系和宾语支持
geography,2601.18493v1,no_chunk,range,assesses,range,Disaster,否,,严格标注：未在同一chunk内找到主语、关系和宾语的共同支持
geography,2601.18560v1,no_chunk,domain,provides,domain,HyperspectralSatellite,否,,严格标注：未在同一chunk内找到主语、关系和宾语的共同支持
geography,2601.18560v1,no_chunk,domain,monitors,domain,EarthObservation,否,,严格标注：未在同一chunk内找到主语、关系和宾语的共同支持
geography,2601.18560v1,no_chunk,domain,captures,domain,HyperspectralSensor,否,,严格标注：未在同一chunk内找到主语、关系和宾语的共同支持
geography,2601.18560v1,no_chunk,domain,mountedOn,domain,HyperspectralSensor,否,,严格标注：未在同一chunk内找到主语、关系和宾语的共同支持
geography,2601.18560v1,no_chunk,domain,servesAs,domain,HyperspectralSatellite,是,introduction,严格标注：同一chunk内找到主语、关系和宾语支持
geography,2601.18560v1,no_chunk,domain,assesses,domain,HyperspectralSatellite,否,,严格标注：未在同一chunk内找到主语、关系和宾语的共同支持
geography,2601.18560v1,no_chunk,domain,denotedAs,domain,BadPixel,是,introduction,严格标注：同一chunk内找到主语、关系和宾语支持
geography,2601.18560v1,no_chunk,domain,managedBy,domain,HyperspectralSatellite,否,,严格标注：未在同一chunk内找到主语、关系和宾语的共同支持
geography,2601.18560v1,no_chunk,domain,relatesTo,domain,SpectralBand,否,,严格标注：未在同一chunk内找到主语、关系和宾语的共同支持
geography,2601.18560v1,no_chunk,range,provides,range,HighFidelityInformation,否,,严格标注：未在同一chunk内找到主语、关系和宾语的共同支持
geography,2601.18560v1,no_chunk,range,demands,range,FastResponseAbility,是,discussion,严格标注：同一chunk内找到主语、关系和宾语支持
geography,2601.18560v1,no_chunk,range,monitors,range,GlobalEnvironmentalChange,否,,严格标注：未在同一chunk内找到主语、关系和宾语的共同支持
geography,2601.18560v1,no_chunk,range,captures,range,SpectralInformation,否,,严格标注：未在同一chunk内找到主语、关系和宾语的共同支持
geography,2601.18560v1,no_chunk,range,mountedOn,range,HyperspectralSatellite,否,,严格标注：未在同一chunk内找到主语、关系和宾语的共同支持
geography,2601.18560v1,no_chunk,range,acquiredBy,range,HyperspectralSensor,是,"introduction,result1,discussion",严格标注：同一chunk内找到主语、关系和宾语支持
geography,2601.18560v1,no_chunk,range,contains,range,LandCoverCategory,否,,严格标注：未在同一chunk内找到主语、关系和宾语的共同支持
geography,2601.18560v1,no_chunk,range,servesAs,range,ValidationPlatform,是,introduction,严格标注：同一chunk内找到主语、关系和宾语支持
geography,2601.18560v1,no_chunk,range,assesses,range,OnboardProcessing,否,,严格标注：未在同一chunk内找到主语、关系和宾语的共同支持
geography,2601.18560v1,no_chunk,range,degrades,range,ImageQuality,否,,严格标注：未在同一chunk内找到主语、关系和宾语的共同支持
geography,2601.18560v1,no_chunk,range,hasSpatialResolution,range,SpatialResolution,是,result1,严格标注：同一chunk内找到主语、关系和宾语支持
geography,2601.18560v1,no_chunk,range,relatesTo,range,WaterAbsorption,否,,严格标注：未在同一chunk内找到主语、关系和宾语的共同支持
geography,2601.18560v1,no_chunk,range,belongsTo,range,HyperspectralSensor,否,,严格标注：未在同一chunk内找到主语、关系和宾语的共同支持
geography,2601.18693v1,no_chunk,subClassOf,StrippedStar,subClassOf,Star,是,"completedocument2,completedocument3,completedocument5,completedocument6,completedocument7,completedocument8,completedocument9,completedocument10",严格标注：同一chunk内找到主语、关系和宾语支持
geography,2601.18693v1,no_chunk,subClassOf,Star,subClassOf,StellarMaterial,是,"completedocument5,completedocument7,completedocument18,completedocument21,completedocument26,completedocument28",严格标注：同一chunk内找到主语、关系和宾语支持
geography,2601.18693v1,no_chunk,subClassOf,StellarDebris,subClassOf,StellarMaterial,是,"completedocument4,completedocument5,completedocument21",严格标注：同一chunk内找到主语、关系和宾语支持
geography,2601.18693v1,no_chunk,subClassOf,StrippedDarkMatter,subClassOf,DarkMatter,否,,严格标注：未在同一chunk内找到主语、关系和宾语的共同支持
geography,2601.18693v1,no_chunk,subClassOf,DarkMatterDebris,subClassOf,DarkMatter,否,,严格标注：未在同一chunk内找到主语、关系和宾语的共同支持
geography,2601.18693v1,no_chunk,subClassOf,StreamOrShell,subClassOf,SpatialStructure,否,,严格标注：未在同一chunk内找到主语、关系和宾语的共同支持
geography,2601.18693v1,no_chunk,domain,isAccretedInto,domain,SatelliteGalaxy,是,"completedocument13,completedocument14,completedocument16,completedocument17",严格标注：同一chunk内找到主语、关系和宾语支持
geography,2601.18693v1,no_chunk,domain,traces,domain,IntraclusterLight,否,,严格标注：未在同一chunk内找到主语、关系和宾语的共同支持
geography,2601.18693v1,no_chunk,domain,isMoreConcentratedThan,domain,IntraclusterLight,是,completedocument1,严格标注：同一chunk内找到主语、关系和宾语支持
geography,2601.18693v1,no_chunk,domain,sharesShapeWith,domain,IntraclusterLight,否,,严格标注：未在同一chunk内找到主语、关系和宾语的共同支持
geography,2601.18693v1,no_chunk,domain,occupiesRegion,domain,StrippedStar,否,,严格标注：未在同一chunk内找到主语、关系和宾语的共同支持
geography,2601.18693v1,no_chunk,domain,formsStructure,domain,StellarDebris,否,,严格标注：未在同一chunk内找到主语、关系和宾语的共同支持
geography,2601.18693v1,no_chunk,domain,isDistributedWithin,domain,DarkMatter,是,completedocument7,严格标注：同一chunk内找到主语、关系和宾语支持
geography,2601.18693v1,no_chunk,domain,settlesInto,domain,StrippedStar,是,completedocument7,严格标注：同一chunk内找到主语、关系和宾语支持
geography,2601.18693v1,no_chunk,domain,detects,domain,ObservationalSurvey,否,,严格标注：未在同一chunk内找到主语、关系和宾语的共同支持
geography,2601.18693v1,no_chunk,domain,simulates,domain,CosmologicalSimulation,否,,严格标注：未在同一chunk内找到主语、关系和宾语的共同支持
geography,2601.18693v1,no_chunk,range,isAccretedInto,range,DarkMatterHalo,是,"completedocument2,completedocument14",严格标注：同一chunk内找到主语、关系和宾语支持
geography,2601.18693v1,no_chunk,range,traces,range,DarkMatter,否,,严格标注：未在同一chunk内找到主语、关系和宾语的共同支持
geography,2601.18693v1,no_chunk,range,isMoreConcentratedThan,range,DarkMatter,是,"completedocument1,completedocument7",严格标注：同一chunk内找到主语、关系和宾语支持
geography,2601.18693v1,no_chunk,range,sharesShapeWith,range,DarkMatter,否,,严格标注：未在同一chunk内找到主语、关系和宾语的共同支持
geography,2601.18693v1,no_chunk,range,occupiesRegion,range,PhaseSpaceRegion,否,,严格标注：未在同一chunk内找到主语、关系和宾语的共同支持
geography,2601.18693v1,no_chunk,range,isStrippedFrom,range,SatelliteGalaxy,是,"completedocument1,completedocument4,completedocument7,completedocument9,completedocument10,completedocument11,completedocument13,completedocument14",严格标注：同一chunk内找到主语、关系和宾语支持
geography,2601.18693v1,no_chunk,range,hasSpatialDistribution,range,SpatialDistribution,是,"completedocument1,completedocument2,completedocument3,completedocument5,completedocument20,completedocument22,completedocument28",严格标注：同一chunk内找到主语、关系和宾语支持
geography,2601.18693v1,no_chunk,range,formsStructure,range,StreamOrShell,否,,严格标注：未在同一chunk内找到主语、关系和宾语的共同支持
geography,2601.18693v1,no_chunk,range,isDistributedWithin,range,DarkMatterHalo,否,,严格标注：未在同一chunk内找到主语、关系和宾语的共同支持
geography,2601.18693v1,no_chunk,range,settlesInto,range,CentralGalaxy,是,completedocument7,严格标注：同一chunk内找到主语、关系和宾语支持
geography,2601.18693v1,no_chunk,range,detects,range,IntraclusterLight,否,,严格标注：未在同一chunk内找到主语、关系和宾语的共同支持
geography,2601.18693v1,no_chunk,range,locatedIn,range,GalaxyCluster,否,,严格标注：未在同一chunk内找到主语、关系和宾语的共同支持
medical,2601.17916v1,no_chunk,subClassOf,BodyTemperature,subClassOf,VitalParameter,否,,严格标注：未在同一chunk内找到主语、关系和宾语的共同支持
medical,2601.17916v1,no_chunk,subClassOf,HeartRate,subClassOf,VitalParameter,否,,严格标注：未在同一chunk内找到主语、关系和宾语的共同支持
medical,2601.17916v1,no_chunk,subClassOf,RespiratoryRate,subClassOf,VitalParameter,否,,严格标注：未在同一chunk内找到主语、关系和宾语的共同支持
medical,2601.17916v1,no_chunk,subClassOf,OxygenSaturation,subClassOf,VitalParameter,否,,严格标注：未在同一chunk内找到主语、关系和宾语的共同支持
medical,2601.17916v1,no_chunk,subClassOf,SystolicBloodPressure,subClassOf,VitalParameter,否,,严格标注：未在同一chunk内找到主语、关系和宾语的共同支持
medical,2601.17916v1,no_chunk,subClassOf,DiastolicBloodPressure,subClassOf,VitalParameter,否,,严格标注：未在同一chunk内找到主语、关系和宾语的共同支持
medical,2601.17916v1,no_chunk,subClassOf,BodyMassIndex,subClassOf,Biometric,否,,严格标注：未在同一chunk内找到主语、关系和宾语的共同支持
medical,2601.17916v1,no_chunk,subClassOf,BodyWeight,subClassOf,Biometric,否,,严格标注：未在同一chunk内找到主语、关系和宾语的共同支持
medical,2601.17916v1,no_chunk,subClassOf,BodyHeight,subClassOf,Biometric,否,,严格标注：未在同一chunk内找到主语、关系和宾语的共同支持
medical,2601.17916v1,no_chunk,subClassOf,ElectronicHealthRecord,subClassOf,MedicalData,否,,严格标注：未在同一chunk内找到主语、关系和宾语的共同支持
medical,2601.17916v1,no_chunk,subClassOf,Electrocardiogram,subClassOf,MedicalData,否,,严格标注：未在同一chunk内找到主语、关系和宾语的共同支持
medical,2601.17916v1,no_chunk,domain,capturesSignal,domain,Electrocardiogram,否,,严格标注：未在同一chunk内找到主语、关系和宾语的共同支持
medical,2601.17916v1,no_chunk,domain,recordsCondition,domain,ElectronicHealthRecord,否,,严格标注：未在同一chunk内找到主语、关系和宾语的共同支持
medical,2601.17916v1,no_chunk,domain,containsInformation,domain,ElectronicHealthRecord,否,,严格标注：未在同一chunk内找到主语、关系和宾语的共同支持
medical,2601.17916v1,no_chunk,domain,indicatesRisk,domain,TWaveInversion,否,,严格标注：未在同一chunk内找到主语、关系和宾语的共同支持
medical,2601.17916v1,no_chunk,range,capturesSignal,range,TWaveInversion,否,,严格标注：未在同一chunk内找到主语、关系和宾语的共同支持
medical,2601.17916v1,no_chunk,range,indicatesRisk,range,Mortality,否,,严格标注：未在同一chunk内找到主语、关系和宾语的共同支持
medical,2601.17916v1,no_chunk,range,contextualizesRisk,range,Mortality,否,,严格标注：未在同一chunk内找到主语、关系和宾语的共同支持
medical,2601.17916v1,no_chunk,range,isPretrainedOn,range,MedicalData,否,,严格标注：未在同一chunk内找到主语、关系和宾语的共同支持
medical,2601.18082v1,no_chunk,domain,increasesRiskOf,domain,Treatment,是,completedocument7,严格标注：同一chunk内找到主语、关系和宾语支持
medical,2601.18082v1,no_chunk,domain,causes,domain,DrugCategory,否,,严格标注：未在同一chunk内找到主语、关系和宾语的共同支持
medical,2601.18082v1,no_chunk,domain,interactsHarmfullyWith,domain,DrugCategory,否,,严格标注：未在同一chunk内找到主语、关系和宾语的共同支持
medical,2601.18082v1,no_chunk,domain,interactsHarmfullyWith,domain,Drug,否,,严格标注：未在同一chunk内找到主语、关系和宾语的共同支持
medical,2601.18082v1,no_chunk,domain,treats,domain,Treatment,否,,严格标注：未在同一chunk内找到主语、关系和宾语的共同支持
medical,2601.18082v1,no_chunk,domain,treats,domain,DrugCategory,否,,严格标注：未在同一chunk内找到主语、关系和宾语的共同支持
medical,2601.18082v1,no_chunk,domain,interactsSynergisticallyWith,domain,Drug,否,,严格标注：未在同一chunk内找到主语、关系和宾语的共同支持
medical,2601.18082v1,no_chunk,domain,documentedIn,domain,Drug,是,"completedocument2,completedocument4,completedocument7,completedocument8",严格标注：同一chunk内找到主语、关系和宾语支持
medical,2601.18082v1,no_chunk,range,increasesRiskOf,range,SideEffect,否,,严格标注：未在同一chunk内找到主语、关系和宾语的共同支持
medical,2601.18082v1,no_chunk,range,causes,range,SideEffect,否,,严格标注：未在同一chunk内找到主语、关系和宾语的共同支持
medical,2601.18082v1,no_chunk,range,interactsHarmfullyWith,range,DrugCategory,否,,严格标注：未在同一chunk内找到主语、关系和宾语的共同支持
medical,2601.18082v1,no_chunk,range,interactsHarmfullyWith,range,Drug,否,,严格标注：未在同一chunk内找到主语、关系和宾语的共同支持
medical,2601.18082v1,no_chunk,range,treats,range,Disease,否,,严格标注：未在同一chunk内找到主语、关系和宾语的共同支持
medical,2601.18082v1,no_chunk,range,interactsSynergisticallyWith,range,Drug,否,,严格标注：未在同一chunk内找到主语、关系和宾语的共同支持
medical,2601.18082v1,no_chunk,range,documentedIn,range,Database,是,completedocument7,严格标注：同一chunk内找到主语、关系和宾语支持
medical,2601.18356v1,no_chunk,subClassOf,PatientSymptom,subClassOf,ClinicalFinding,是,methodology,严格标注：同一chunk内找到主语、关系和宾语支持
medical,2601.18356v1,no_chunk,domain,performs,domain,MedicalVisionLanguageModel,否,,严格标注：未在同一chunk内找到主语、关系和宾语的共同支持
medical,2601.18356v1,no_chunk,domain,faces,domain,MedicalVisionLanguageModel,是,introduction,严格标注：同一chunk内找到主语、关系和宾语支持
medical,2601.18356v1,no_chunk,domain,improves,domain,RetrievalAugmentedGeneration,是,methodology,严格标注：同一chunk内找到主语、关系和宾语支持
medical,2601.18356v1,no_chunk,domain,ranks,domain,RetrievalAugmentedGeneration,是,introduction,严格标注：同一chunk内找到主语、关系和宾语支持
medical,2601.18356v1,no_chunk,domain,introduces,domain,RetrievalAugmentedGeneration,是,introduction,严格标注：同一chunk内找到主语、关系和宾语支持
medical,2601.18356v1,no_chunk,domain,integrates,domain,RetrievalAugmentedGeneration,否,,严格标注：未在同一chunk内找到主语、关系和宾语的共同支持
medical,2601.18356v1,no_chunk,domain,retrieves,domain,RetrievalAugmentedGeneration,否,,严格标注：未在同一chunk内找到主语、关系和宾语的共同支持
medical,2601.18356v1,no_chunk,domain,mitigates,domain,RetrievalAugmentedGeneration,否,,严格标注：未在同一chunk内找到主语、关系和宾语的共同支持
medical,2601.18356v1,no_chunk,domain,employs,domain,RetrievalAugmentedGeneration,否,,严格标注：未在同一chunk内找到主语、关系和宾语的共同支持
medical,2601.18356v1,no_chunk,domain,usesLanguageModel,domain,RetrievalAugmentedGeneration,是,"introduction,experiment",严格标注：同一chunk内找到主语、关系和宾语支持
medical,2601.18356v1,no_chunk,domain,usesVisionEncoder,domain,RetrievalAugmentedGeneration,是,experiment,严格标注：同一chunk内找到主语、关系和宾语支持
medical,2601.18356v1,no_chunk,domain,usesTextEncoder,domain,RetrievalAugmentedGeneration,是,experiment,严格标注：同一chunk内找到主语、关系和宾语支持
medical,2601.18356v1,no_chunk,domain,evaluatedOn,domain,RetrievalAugmentedGeneration,是,experiment,严格标注：同一chunk内找到主语、关系和宾语支持
medical,2601.18356v1,no_chunk,domain,evaluates,domain,RetrievalAugmentedGeneration,否,,严格标注：未在同一chunk内找到主语、关系和宾语的共同支持
medical,2601.18356v1,no_chunk,domain,surpasses,domain,RetrievalAugmentedGeneration,是,experiment,严格标注：同一chunk内找到主语、关系和宾语支持
medical,2601.18356v1,no_chunk,domain,contains,domain,StructuralCausalModel,否,,严格标注：未在同一chunk内找到主语、关系和宾语的共同支持
medical,2601.18356v1,no_chunk,domain,represents,domain,EndogenousVariable,否,,严格标注：未在同一chunk内找到主语、关系和宾语的共同支持
medical,2601.18356v1,no_chunk,domain,fineTunedWith,domain,MedicalVisionLanguageModel,是,experiment,严格标注：同一chunk内找到主语、关系和宾语支持
medical,2601.18356v1,no_chunk,domain,optimizedBy,domain,MedicalVisionLanguageModel,否,,严格标注：未在同一chunk内找到主语、关系和宾语的共同支持
medical,2601.18356v1,no_chunk,range,performs,range,DiagnosticReporting,否,,严格标注：未在同一chunk内找到主语、关系和宾语的共同支持
medical,2601.18356v1,no_chunk,range,faces,range,ReliabilityIssue,是,introduction,严格标注：同一chunk内找到主语、关系和宾语支持
medical,2601.18356v1,no_chunk,range,improves,range,FactualAccuracy,否,,严格标注：未在同一chunk内找到主语、关系和宾语的共同支持
medical,2601.18356v1,no_chunk,range,ranks,range,Context,是,introduction,严格标注：同一chunk内找到主语、关系和宾语支持
medical,2601.18356v1,no_chunk,range,introduces,range,CausalAlignmentGraph,是,introduction,严格标注：同一chunk内找到主语、关系和宾语支持
medical,2601.18356v1,no_chunk,range,integrates,range,CausalInference,否,,严格标注：未在同一chunk内找到主语、关系和宾语的共同支持
medical,2601.18356v1,no_chunk,range,retrieves,range,RadiologyReport,否,,严格标注：未在同一chunk内找到主语、关系和宾语的共同支持
medical,2601.18356v1,no_chunk,range,mitigates,range,SpuriousCorrelation,否,,严格标注：未在同一chunk内找到主语、关系和宾语的共同支持
medical,2601.18356v1,no_chunk,range,employs,range,StructuralCausalModel,否,,严格标注：未在同一chunk内找到主语、关系和宾语的共同支持
medical,2601.18356v1,no_chunk,range,evaluates,range,MedicalVisualQuestionAnswering,否,,严格标注：未在同一chunk内找到主语、关系和宾语的共同支持
medical,2601.18356v1,no_chunk,range,surpasses,range,RetrievalAugmentedGeneration,是,experiment,严格标注：同一chunk内找到主语、关系和宾语支持
medical,2601.18356v1,no_chunk,range,usesLanguageModel,range,MedicalVisionLanguageModel,是,"introduction,experiment",严格标注：同一chunk内找到主语、关系和宾语支持
medical,2601.18555v1,no_chunk,domain,affects,domain,FemoroacetabularImpingement,否,,严格标注：未在同一chunk内找到主语、关系和宾语的共同支持
medical,2601.18555v1,no_chunk,domain,predisposesTo,domain,FemoroacetabularImpingement,是,introduction,严格标注：同一chunk内找到主语、关系和宾语支持
medical,2601.18555v1,no_chunk,domain,causes,domain,FemoroacetabularImpingement,否,,严格标注：未在同一chunk内找到主语、关系和宾语的共同支持
medical,2601.18555v1,no_chunk,domain,accelerates,domain,FemoroacetabularImpingement,是,introduction,严格标注：同一chunk内找到主语、关系和宾语支持
medical,2601.18555v1,no_chunk,domain,assessedBy,domain,FemoroacetabularImpingement,否,,严格标注：未在同一chunk内找到主语、关系和宾语的共同支持
medical,2601.18555v1,no_chunk,domain,localizes,domain,HeatmapRegression,否,,严格标注：未在同一chunk内找到主语、关系和宾语的共同支持
medical,2601.18555v1,no_chunk,domain,evaluates,domain,MeanRadialError,否,,严格标注：未在同一chunk内找到主语、关系和宾语的共同支持
medical,2601.18555v1,no_chunk,range,affects,range,Hip,否,,严格标注：未在同一chunk内找到主语、关系和宾语的共同支持
medical,2601.18555v1,no_chunk,range,predisposesTo,range,Osteoarthritis,否,,严格标注：未在同一chunk内找到主语、关系和宾语的共同支持
medical,2601.18555v1,no_chunk,range,causes,range,HipReplacement,否,,严格标注：未在同一chunk内找到主语、关系和宾语的共同支持
medical,2601.18555v1,no_chunk,range,accelerates,range,CartilageLoss,是,introduction,严格标注：同一chunk内找到主语、关系和宾语支持
medical,2601.18555v1,no_chunk,range,evaluates,range,HeatmapRegression,否,,严格标注：未在同一chunk内找到主语、关系和宾语的共同支持
medical,2601.18556v1,no_chunk,subClassOf,DeepLearningModel,subClassOf,DeepLearning,是,"introduction,methods1,results2",严格标注：同一chunk内找到主语、关系和宾语支持
medical,2601.18556v1,no_chunk,domain,detectsDisease,domain,MedicalDiagnosticTask,否,,严格标注：未在同一chunk内找到主语、关系和宾语的共同支持
medical,2601.18556v1,no_chunk,domain,usesModality,domain,MedicalDiagnosticTask,否,,严格标注：未在同一chunk内找到主语、关系和宾语的共同支持
medical,2601.18556v1,no_chunk,domain,causesDisease,domain,Disease,否,,严格标注：未在同一chunk内找到主语、关系和宾语的共同支持
medical,2601.18556v1,no_chunk,domain,integratesModule,domain,DeepLearningModel,否,,严格标注：未在同一chunk内找到主语、关系和宾语的共同支持
medical,2601.18556v1,no_chunk,domain,embeddedWithin,domain,NeuralNetworkModule,否,,严格标注：未在同一chunk内找到主语、关系和宾语的共同支持
medical,2601.18556v1,no_chunk,domain,evaluatesOn,domain,DeepLearningModel,是,results2,严格标注：同一chunk内找到主语、关系和宾语支持
medical,2601.18556v1,no_chunk,domain,achievesMetric,domain,DeepLearningModel,是,results4,严格标注：同一chunk内找到主语、关系和宾语支持
medical,2601.18556v1,no_chunk,domain,outperformsModel,domain,DeepLearningModel,否,,严格标注：未在同一chunk内找到主语、关系和宾语的共同支持
medical,2601.18556v1,no_chunk,domain,leadsTo,domain,ClinicalRisk,是,results2,严格标注：同一chunk内找到主语、关系和宾语支持
medical,2601.18556v1,no_chunk,range,detectsDisease,range,Disease,否,,严格标注：未在同一chunk内找到主语、关系和宾语的共同支持
medical,2601.18556v1,no_chunk,range,usesModality,range,MedicalImagingModality,否,,严格标注：未在同一chunk内找到主语、关系和宾语的共同支持
medical,2601.18556v1,no_chunk,range,causesDisease,range,Disease,否,,严格标注：未在同一chunk内找到主语、关系和宾语的共同支持
medical,2601.18556v1,no_chunk,range,increasesRisk,range,ClinicalRisk,否,,严格标注：未在同一chunk内找到主语、关系和宾语的共同支持
medical,2601.18556v1,no_chunk,range,reducesMetric,range,EvaluationMetric,是,results1,严格标注：同一chunk内找到主语、关系和宾语支持
medical,2601.18556v1,no_chunk,range,integratesModule,range,NeuralNetworkModule,否,,严格标注：未在同一chunk内找到主语、关系和宾语的共同支持
medical,2601.18556v1,no_chunk,range,embeddedWithin,range,DeepLearningModel,否,,严格标注：未在同一chunk内找到主语、关系和宾语的共同支持
medical,2601.18556v1,no_chunk,range,evaluatesOn,range,MedicalDiagnosticTask,否,,严格标注：未在同一chunk内找到主语、关系和宾语的共同支持
medical,2601.18556v1,no_chunk,range,achievesMetric,range,EvaluationMetric,是,"results1,results3",严格标注：同一chunk内找到主语、关系和宾语支持
medical,2601.18556v1,no_chunk,range,outperformsModel,range,DeepLearningModel,否,,严格标注：未在同一chunk内找到主语、关系和宾语的共同支持
medical,2601.18556v1,no_chunk,range,leadsTo,range,ClinicalRisk,是,results2,严格标注：同一chunk内找到主语、关系和宾语支持
medical,2601.18630v1,no_chunk,subClassOf,Depression,subClassOf,MentalHealthCondition,是,"completedocument2,completedocument11,completedocument12,completedocument13",严格标注：同一chunk内找到主语、关系和宾语支持
medical,2601.18630v1,no_chunk,subClassOf,SuicideRisk,subClassOf,MentalHealthCondition,是,"completedocument1,completedocument2,completedocument3",严格标注：同一chunk内找到主语、关系和宾语支持
medical,2601.18630v1,no_chunk,subClassOf,Anxiety,subClassOf,MentalHealthCondition,是,"completedocument3,completedocument4,completedocument10,completedocument11,completedocument12,completedocument13",严格标注：同一chunk内找到主语、关系和宾语支持
medical,2601.18630v1,no_chunk,subClassOf,Trauma,subClassOf,MentalHealthCondition,是,"completedocument4,completedocument10,completedocument11,completedocument12,completedocument13",严格标注：同一chunk内找到主语、关系和宾语支持
medical,2601.18630v1,no_chunk,subClassOf,Grief,subClassOf,MentalHealthCondition,是,completedocument4,严格标注：同一chunk内找到主语、关系和宾语支持
medical,2601.18630v1,no_chunk,subClassOf,InterpersonalStress,subClassOf,MentalHealthCondition,是,completedocument4,严格标注：同一chunk内找到主语、关系和宾语支持
medical,2601.18630v1,no_chunk,subPropertyOf,showsHigherEmpathyThan,subPropertyOf,outperforms,否,,严格标注：未在同一chunk内找到主语、关系和宾语的共同支持
medical,2601.18630v1,no_chunk,domain,evaluatesResponseOf,domain,PsychiatricExpert,否,,严格标注：未在同一chunk内找到主语、关系和宾语的共同支持
medical,2601.18630v1,no_chunk,domain,screensFor,domain,LargeLanguageModel,否,,严格标注：未在同一chunk内找到主语、关系和宾语的共同支持
medical,2601.18630v1,no_chunk,domain,underestimatesRiskOf,domain,LargeLanguageModel,否,,严格标注：未在同一chunk内找到主语、关系和宾语的共同支持
medical,2601.18630v1,no_chunk,domain,showsHigherEmpathyThan,domain,LargeLanguageModel,否,,严格标注：未在同一chunk内找到主语、关系和宾语的共同支持
medical,2601.18630v1,no_chunk,domain,outperforms,domain,LargeLanguageModel,否,,严格标注：未在同一chunk内找到主语、关系和宾语的共同支持
medical,2601.18630v1,no_chunk,domain,demonstratesWeaknessIn,domain,LargeLanguageModel,否,,严格标注：未在同一chunk内找到主语、关系和宾语的共同支持
medical,2601.18630v1,no_chunk,domain,demonstratesStrongScoreIn,domain,LargeLanguageModel,是,"completedocument2,completedocument4",严格标注：同一chunk内找到主语、关系和宾语支持
medical,2601.18630v1,no_chunk,domain,evaluatedBy,domain,LargeLanguageModel,是,"completedocument1,completedocument2,completedocument8",严格标注：同一chunk内找到主语、关系和宾语支持
medical,2601.18630v1,no_chunk,range,evaluatesResponseOf,range,LargeLanguageModel,否,,严格标注：未在同一chunk内找到主语、关系和宾语的共同支持
medical,2601.18630v1,no_chunk,range,screensFor,range,MentalHealthCondition,否,,严格标注：未在同一chunk内找到主语、关系和宾语的共同支持
medical,2601.18630v1,no_chunk,range,underestimatesRiskOf,range,MentalHealthCondition,否,,严格标注：未在同一chunk内找到主语、关系和宾语的共同支持
medical,2601.18630v1,no_chunk,range,showsHigherEmpathyThan,range,HumanPeerSupport,否,,严格标注：未在同一chunk内找到主语、关系和宾语的共同支持
medical,2601.18630v1,no_chunk,range,coversTopic,range,MentalHealthCondition,否,,严格标注：未在同一chunk内找到主语、关系和宾语的共同支持
medical,2601.18630v1,no_chunk,range,failsToMeasure,range,TherapeuticQuality,否,,严格标注：未在同一chunk内找到主语、关系和宾语的共同支持
medical,2601.18675v1,no_chunk,domain,trainedOn,domain,TemporalEmbeddingModel,是,"completedocument1,completedocument2,completedocument4,completedocument5",严格标注：同一chunk内找到主语、关系和宾语支持
medical,2601.18675v1,no_chunk,domain,capturesStateUsing,domain,ElectronicHealthRecord,是,"completedocument1,completedocument6,completedocument7",严格标注：同一chunk内找到主语、关系和宾语支持
medical,2601.18675v1,no_chunk,domain,containsCohort,domain,ElectronicHealthRecord,否,,严格标注：未在同一chunk内找到主语、关系和宾语的共同支持
medical,2601.18675v1,no_chunk,domain,atRiskOf,domain,PatientCohort,否,,严格标注：未在同一chunk内找到主语、关系和宾语的共同支持
medical,2601.18675v1,no_chunk,domain,diagnosedWith,domain,PatientCohort,是,completedocument2,严格标注：同一chunk内找到主语、关系和宾语支持
medical,2601.18675v1,no_chunk,domain,predictsOutcome,domain,TemporalEmbeddingModel,否,,严格标注：未在同一chunk内找到主语、关系和宾语的共同支持
medical,2601.18675v1,no_chunk,domain,evaluatedOn,domain,TemporalEmbeddingModel,是,"completedocument1,completedocument2,completedocument3,completedocument4,completedocument5,completedocument6",严格标注：同一chunk内找到主语、关系和宾语支持
medical,2601.18675v1,no_chunk,range,trainedOn,range,ElectronicHealthRecord,是,completedocument1,严格标注：同一chunk内找到主语、关系和宾语支持
medical,2601.18675v1,no_chunk,range,containsCohort,range,PatientCohort,否,,严格标注：未在同一chunk内找到主语、关系和宾语的共同支持
medical,2601.18675v1,no_chunk,range,atRiskOf,range,ClinicalOutcome,是,completedocument1,严格标注：同一chunk内找到主语、关系和宾语支持
medical,2601.18675v1,no_chunk,range,predictsOutcome,range,ClinicalOutcome,否,,严格标注：未在同一chunk内找到主语、关系和宾语的共同支持
medical,2601.18675v1,no_chunk,range,evaluatedOn,range,PatientCohort,是,"completedocument2,completedocument4,completedocument5",严格标注：同一chunk内找到主语、关系和宾语支持
medical,2601.18716v1,no_chunk,domain,characterizedBy,domain,Disease,是,completedocument1,严格标注：同一chunk内找到主语、关系和宾语支持
medical,2601.18716v1,no_chunk,domain,causes,domain,Peptide,否,,严格标注：未在同一chunk内找到主语、关系和宾语的共同支持
medical,2601.18716v1,no_chunk,domain,derivedFrom,domain,Peptide,是,"completedocument1,completedocument2,completedocument11,completedocument13",严格标注：同一chunk内找到主语、关系和宾语支持
medical,2601.18716v1,no_chunk,domain,facilitatesDegradationOf,domain,MolecularGlue,否,,严格标注：未在同一chunk内找到主语、关系和宾语的共同支持
medical,2601.18716v1,no_chunk,domain,hasSideEffect,domain,SecretaseInhibitor,否,,严格标注：未在同一chunk内找到主语、关系和宾语的共同支持
medical,2601.18716v1,no_chunk,domain,hasSideEffect,domain,Immunotherapy,否,,严格标注：未在同一chunk内找到主语、关系和宾语的共同支持
medical,2601.18716v1,no_chunk,domain,permeates,domain,MolecularGlue,否,,严格标注：未在同一chunk内找到主语、关系和宾语的共同支持
medical,2601.18716v1,no_chunk,domain,associatedWith,domain,Ligase,是,"completedocument1,completedocument7,completedocument8,completedocument10,completedocument12",严格标注：同一chunk内找到主语、关系和宾语支持
medical,2601.18716v1,no_chunk,domain,regulates,domain,Ligase,否,,严格标注：未在同一chunk内找到主语、关系和宾语的共同支持
medical,2601.18716v1,no_chunk,domain,generates,domain,Model,是,completedocument2,严格标注：同一chunk内找到主语、关系和宾语支持
medical,2601.18716v1,no_chunk,domain,hasStructure,domain,Peptide,是,completedocument1,严格标注：同一chunk内找到主语、关系和宾语支持
medical,2601.18716v1,no_chunk,domain,hasStructure,domain,Ligase,是,completedocument1,严格标注：同一chunk内找到主语、关系和宾语支持
medical,2601.18716v1,no_chunk,domain,coCrystallizedWith,domain,Ligase,是,completedocument3,严格标注：同一chunk内找到主语、关系和宾语支持
medical,2601.18716v1,no_chunk,domain,trainedOn,domain,Model,是,"completedocument4,completedocument7,completedocument14",严格标注：同一chunk内找到主语、关系和宾语支持
medical,2601.18716v1,no_chunk,domain,formsComplexWith,domain,Peptide,否,,严格标注：未在同一chunk内找到主语、关系和宾语的共同支持
medical,2601.18716v1,no_chunk,range,characterizedBy,range,Peptide,是,completedocument1,严格标注：同一chunk内找到主语、关系和宾语支持
medical,2601.18716v1,no_chunk,range,causes,range,Disease,否,,严格标注：未在同一chunk内找到主语、关系和宾语的共同支持
medical,2601.18716v1,no_chunk,range,derivedFrom,range,Protein,是,"completedocument1,completedocument2,completedocument4,completedocument5,completedocument11,completedocument13",严格标注：同一chunk内找到主语、关系和宾语支持
medical,2601.18716v1,no_chunk,range,degrades,range,Peptide,否,,严格标注：未在同一chunk内找到主语、关系和宾语的共同支持
medical,2601.18716v1,no_chunk,range,facilitatesDegradationOf,range,Peptide,否,,严格标注：未在同一chunk内找到主语、关系和宾语的共同支持
medical,2601.18716v1,no_chunk,range,hasSideEffect,range,Disease,否,,严格标注：未在同一chunk内找到主语、关系和宾语的共同支持
medical,2601.18716v1,no_chunk,range,permeates,range,Barrier,否,,严格标注：未在同一chunk内找到主语、关系和宾语的共同支持
medical,2601.18716v1,no_chunk,range,associatedWith,range,Process,否,,严格标注：未在同一chunk内找到主语、关系和宾语的共同支持
medical,2601.18716v1,no_chunk,range,regulates,range,Protein,否,,严格标注：未在同一chunk内找到主语、关系和宾语的共同支持
medical,2601.18716v1,no_chunk,range,generates,range,MolecularGlue,是,completedocument2,严格标注：同一chunk内找到主语、关系和宾语支持
medical,2601.18716v1,no_chunk,range,hasStructure,range,Structure,是,completedocument1,严格标注：同一chunk内找到主语、关系和宾语支持
medical,2601.18716v1,no_chunk,range,coCrystallizedWith,range,Drug,是,completedocument3,严格标注：同一chunk内找到主语、关系和宾语支持
medical,2601.18716v1,no_chunk,range,formsComplexWith,range,Ligase,否,,严格标注：未在同一chunk内找到主语、关系和宾语的共同支持
medical,2601.18796v1,no_chunk,subClassOf,RandomizedControlledTrial,subClassOf,ClinicalTrial,是,"completedocument3,completedocument6,completedocument7,completedocument12,completedocument13,completedocument14,completedocument15,completedocument16",严格标注：同一chunk内找到主语、关系和宾语支持
medical,2601.18796v1,no_chunk,subClassOf,EmbeddingLanguageModel,subClassOf,LargeLanguageModel,是,"completedocument2,completedocument3,completedocument4,completedocument5,completedocument6,completedocument8,completedocument9,completedocument10",严格标注：同一chunk内找到主语、关系和宾语支持
medical,2601.18796v1,no_chunk,domain,interpretsEmbedding,domain,EmbeddingLanguageModel,否,,严格标注：未在同一chunk内找到主语、关系和宾语的共同支持
medical,2601.18796v1,no_chunk,domain,extendsArchitecture,domain,EmbeddingLanguageModel,否,,严格标注：未在同一chunk内找到主语、关系和宾语的共同支持
medical,2601.18796v1,no_chunk,domain,alignsEmbedding,domain,AdapterLayer,是,completedocument1,严格标注：同一chunk内找到主语、关系和宾语支持
medical,2601.18796v1,no_chunk,domain,capturesInformation,domain,TextEmbedding,否,,严格标注：未在同一chunk内找到主语、关系和宾语的共同支持
medical,2601.18796v1,no_chunk,domain,hasSubjectAttribute,domain,ClinicalTrial,否,,严格标注：未在同一chunk内找到主语、关系和宾语的共同支持
medical,2601.18796v1,no_chunk,domain,identifiesDirection,domain,ConceptActivationVector,否,,严格标注：未在同一chunk内找到主语、关系和宾语的共同支持
medical,2601.18796v1,no_chunk,domain,summarizesText,domain,PlainLanguageSummary,否,,严格标注：未在同一chunk内找到主语、关系和宾语的共同支持
medical,2601.18796v1,no_chunk,range,interpretsEmbedding,range,TextEmbedding,否,,严格标注：未在同一chunk内找到主语、关系和宾语的共同支持
medical,2601.18796v1,no_chunk,range,extendsArchitecture,range,LargeLanguageModel,否,,严格标注：未在同一chunk内找到主语、关系和宾语的共同支持
medical,2601.18796v1,no_chunk,range,alignsEmbedding,range,TextEmbedding,是,completedocument1,严格标注：同一chunk内找到主语、关系和宾语支持
medical,2601.18796v1,no_chunk,range,capturesInformation,range,SemanticInformation,否,,严格标注：未在同一chunk内找到主语、关系和宾语的共同支持
medical,2601.18796v1,no_chunk,range,summarizesText,range,ClinicalTrialAbstract,否,,严格标注：未在同一chunk内找到主语、关系和宾语的共同支持
medical,2601.18796v1,no_chunk,range,evaluatesCommonality,range,ClinicalTrialAbstract,否,,严格标注：未在同一chunk内找到主语、关系和宾语的共同支持
medical,2601.18796v1,no_chunk,range,evaluatesDifference,range,ClinicalTrialAbstract,否,,严格标注：未在同一chunk内找到主语、关系和宾语的共同支持
medical,2601.18796v1,no_chunk,range,actsAs,range,BaseChatModel,是,"completedocument3,completedocument6",严格标注：同一chunk内找到主语、关系和宾语支持
medical,2601.18796v1,no_chunk,range,generatesData,range,SyntheticDataset,是,completedocument4,严格标注：同一chunk内找到主语、关系和宾语支持
medical,2601.18796v1,no_chunk,range,invertsEmbedding,range,TextEmbedding,是,completedocument5,严格标注：同一chunk内找到主语、关系和宾语支持
transportation,2601.14292v1,no_chunk,subClassOf,AdvancedDriverAssistanceSystem,subClassOf,AdvancedMobilitySystem,是,introduction1,严格标注：同一chunk内找到主语、关系和宾语支持
transportation,2601.14292v1,no_chunk,subClassOf,AutomatedDrivingSystem,subClassOf,AdvancedMobilitySystem,是,introduction1,严格标注：同一chunk内找到主语、关系和宾语支持
transportation,2601.14292v1,no_chunk,subClassOf,RoadNetwork,subClassOf,RoadInfrastructure,是,"introduction2,casestudyandresults2,casestudyandresults3",严格标注：同一chunk内找到主语、关系和宾语支持
transportation,2601.14292v1,no_chunk,subClassOf,Road,subClassOf,RoadInfrastructure,是,"introduction1,introduction2,casestudyandresults2,casestudyandresults3,discussion1",严格标注：同一chunk内找到主语、关系和宾语支持
transportation,2601.14292v1,no_chunk,subClassOf,Human,subClassOf,RoadUser,是,introduction2,严格标注：同一chunk内找到主语、关系和宾语支持
transportation,2601.14292v1,no_chunk,domain,dependsOn,domain,AdvancedMobilitySystem,是,introduction1,严格标注：同一chunk内找到主语、关系和宾语支持
transportation,2601.14292v1,no_chunk,domain,prevents,domain,RoadInfrastructure,否,,严格标注：未在同一chunk内找到主语、关系和宾语的共同支持
transportation,2601.14292v1,no_chunk,domain,locatedIn,domain,RoadNetwork,否,,严格标注：未在同一chunk内找到主语、关系和宾语的共同支持
transportation,2601.14292v1,no_chunk,domain,evaluates,domain,RoadSafetyInspection,否,,严格标注：未在同一chunk内找到主语、关系和宾语的共同支持
transportation,2601.14292v1,no_chunk,domain,travelsAlong,domain,Vehicle,否,,严格标注：未在同一chunk内找到主语、关系和宾语的共同支持
transportation,2601.14292v1,no_chunk,domain,operates,domain,Human,否,,严格标注：未在同一chunk内找到主语、关系和宾语的共同支持
transportation,2601.14292v1,no_chunk,domain,managedAs,domain,RoadNetwork,否,,严格标注：未在同一chunk内找到主语、关系和宾语的共同支持
transportation,2601.14292v1,no_chunk,domain,modelsInteractionsOf,domain,ControlStructure,否,,严格标注：未在同一chunk内找到主语、关系和宾语的共同支持
transportation,2601.14292v1,no_chunk,domain,issues,domain,Stakeholder,是,discussion1,严格标注：同一chunk内找到主语、关系和宾语支持
transportation,2601.14292v1,no_chunk,domain,receives,domain,Stakeholder,否,,严格标注：未在同一chunk内找到主语、关系和宾语的共同支持
transportation,2601.14292v1,no_chunk,domain,forms,domain,Stakeholder,是,casestudyandresults3,严格标注：同一chunk内找到主语、关系和宾语支持
transportation,2601.14292v1,no_chunk,domain,monitors,domain,LeadingIndicator,是,"introduction2,casestudyandresults4",严格标注：同一chunk内找到主语、关系和宾语支持
transportation,2601.14292v1,no_chunk,domain,triggers,domain,LeadingIndicator,否,,严格标注：未在同一chunk内找到主语、关系和宾语的共同支持
transportation,2601.14292v1,no_chunk,range,deployedIn,range,RoadNetwork,是,casestudyandresults3,严格标注：同一chunk内找到主语、关系和宾语支持
transportation,2601.14292v1,no_chunk,range,dependsOn,range,RoadInfrastructure,是,introduction1,严格标注：同一chunk内找到主语、关系和宾语支持
transportation,2601.14292v1,no_chunk,range,prevents,range,RoadCrash,是,casestudyandresults1,严格标注：同一chunk内找到主语、关系和宾语支持
transportation,2601.14292v1,no_chunk,range,impactsSeverityOf,range,RoadCrash,否,,严格标注：未在同一chunk内找到主语、关系和宾语的共同支持
transportation,2601.14292v1,no_chunk,range,evaluates,range,RoadNetwork,否,,严格标注：未在同一chunk内找到主语、关系和宾语的共同支持
transportation,2601.14292v1,no_chunk,range,travelsAlong,range,Road,否,,严格标注：未在同一chunk内找到主语、关系和宾语的共同支持
transportation,2601.14292v1,no_chunk,range,operates,range,Vehicle,是,"casestudyandresults1,casestudyandresults3",严格标注：同一chunk内找到主语、关系和宾语支持
transportation,2601.14292v1,no_chunk,range,managedAs,range,SocioTechnicalSystem,否,,严格标注：未在同一chunk内找到主语、关系和宾语的共同支持
transportation,2601.14292v1,no_chunk,range,actsAs,range,Stakeholder,否,,严格标注：未在同一chunk内找到主语、关系和宾语的共同支持
transportation,2601.14292v1,no_chunk,range,modelsInteractionsOf,range,Stakeholder,是,"introduction1,introduction2",严格标注：同一chunk内找到主语、关系和宾语支持
transportation,2601.14292v1,no_chunk,range,issues,range,ControlAction,是,discussion1,严格标注：同一chunk内找到主语、关系和宾语支持
transportation,2601.14292v1,no_chunk,range,receives,range,Feedback,否,,严格标注：未在同一chunk内找到主语、关系和宾语的共同支持
transportation,2601.14292v1,no_chunk,range,forms,range,Assumption,是,casestudyandresults3,严格标注：同一chunk内找到主语、关系和宾语支持
transportation,2601.14292v1,no_chunk,range,monitors,range,Assumption,是,"introduction2,casestudyandresults3,casestudyandresults4",严格标注：同一chunk内找到主语、关系和宾语支持
transportation,2601.14292v1,no_chunk,range,triggers,range,CorrectiveAction,否,,严格标注：未在同一chunk内找到主语、关系和宾语的共同支持
transportation,2601.17714v1,no_chunk,subClassOf,FollowerUnit,subClassOf,TrafficUnit,是,dynamicframework1,严格标注：同一chunk内找到主语、关系和宾语支持
transportation,2601.17714v1,no_chunk,subClassOf,LeaderUnit,subClassOf,TrafficUnit,否,,严格标注：未在同一chunk内找到主语、关系和宾语的共同支持
transportation,2601.17714v1,no_chunk,subClassOf,ReactionBehavior,subClassOf,ResponseMechanism,是,"introduction,dynamicframework1",严格标注：同一chunk内找到主语、关系和宾语支持
transportation,2601.17714v1,no_chunk,subClassOf,AnticipationBehavior,subClassOf,ResponseMechanism,是,"introduction,dynamicframework1",严格标注：同一chunk内找到主语、关系和宾语支持
transportation,2601.17714v1,no_chunk,domain,originatesFrom,domain,TrafficHysteresis,是,"introduction,analyticalhysteresis1",严格标注：同一chunk内找到主语、关系和宾语支持
transportation,2601.17714v1,no_chunk,domain,affects,domain,ResponseMechanism,否,,严格标注：未在同一chunk内找到主语、关系和宾语的共同支持
transportation,2601.17714v1,no_chunk,domain,expands,domain,ReactionBehavior,否,,严格标注：未在同一chunk内找到主语、关系和宾语的共同支持
transportation,2601.17714v1,no_chunk,domain,contracts,domain,AnticipationBehavior,否,,严格标注：未在同一chunk内找到主语、关系和宾语的共同支持
transportation,2601.17714v1,no_chunk,domain,utilizes,domain,TrafficModel,否,,严格标注：未在同一chunk内找到主语、关系和宾语的共同支持
transportation,2601.17714v1,no_chunk,domain,approaches,domain,FollowerUnit,是,dynamicframework1,严格标注：同一chunk内找到主语、关系和宾语支持
transportation,2601.17714v1,no_chunk,domain,follows,domain,FollowerUnit,是,dynamicframework1,严格标注：同一chunk内找到主语、关系和宾语支持
transportation,2601.17714v1,no_chunk,domain,incorporates,domain,TrafficModel,否,,严格标注：未在同一chunk内找到主语、关系和宾语的共同支持
transportation,2601.17714v1,no_chunk,domain,exhibits,domain,TrafficModel,是,"dynamicframework1,analyticalhysteresis3",严格标注：同一chunk内找到主语、关系和宾语支持
transportation,2601.17714v1,no_chunk,domain,represents,domain,TrafficHysteresis,是,"analyticalhysteresis2,analyticalhysteresis3,numericalexperiment,synchronizationintraffic",严格标注：同一chunk内找到主语、关系和宾语支持
transportation,2601.17714v1,no_chunk,domain,attenuates,domain,AnticipationBehavior,是,synchronizationintraffic,严格标注：同一chunk内找到主语、关系和宾语支持
transportation,2601.17714v1,no_chunk,domain,enhances,domain,ReactionBehavior,是,synchronizationintraffic,严格标注：同一chunk内找到主语、关系和宾语支持
transportation,2601.17714v1,no_chunk,domain,describes,domain,TrafficModel,是,"dynamicframework1,analyticalhysteresis2",严格标注：同一chunk内找到主语、关系和宾语支持
transportation,2601.17714v1,no_chunk,range,originatesFrom,range,TimeDelay,是,"introduction,analyticalhysteresis1",严格标注：同一chunk内找到主语、关系和宾语支持
transportation,2601.17714v1,no_chunk,range,affects,range,TimeDelay,否,,严格标注：未在同一chunk内找到主语、关系和宾语的共同支持
transportation,2601.17714v1,no_chunk,range,expands,range,TrafficHysteresis,否,,严格标注：未在同一chunk内找到主语、关系和宾语的共同支持
transportation,2601.17714v1,no_chunk,range,contracts,range,TrafficHysteresis,否,,严格标注：未在同一chunk内找到主语、关系和宾语的共同支持
transportation,2601.17714v1,no_chunk,range,approaches,range,DesiredSpeed,是,dynamicframework1,严格标注：同一chunk内找到主语、关系和宾语支持
transportation,2601.17714v1,no_chunk,range,follows,range,LeaderUnit,否,,严格标注：未在同一chunk内找到主语、关系和宾语的共同支持
transportation,2601.17714v1,no_chunk,range,incorporates,range,ResponseMechanism,否,,严格标注：未在同一chunk内找到主语、关系和宾语的共同支持
transportation,2601.17714v1,no_chunk,range,exhibits,range,StringStability,是,analyticalhysteresis1,严格标注：同一chunk内找到主语、关系和宾语支持
transportation,2601.17714v1,no_chunk,range,represents,range,KineticEnergyDissipation,是,synchronizationintraffic,严格标注：同一chunk内找到主语、关系和宾语支持
transportation,2601.17714v1,no_chunk,range,attenuates,range,KineticEnergyDissipation,是,synchronizationintraffic,严格标注：同一chunk内找到主语、关系和宾语支持
transportation,2601.17714v1,no_chunk,range,enhances,range,KineticEnergyDissipation,是,synchronizationintraffic,严格标注：同一chunk内找到主语、关系和宾语支持
transportation,2601.17714v1,no_chunk,range,describes,range,TrafficSystem,是,"dynamicframework1,analyticalhysteresis2",严格标注：同一chunk内找到主语、关系和宾语支持
transportation,2601.17751v1,no_chunk,domain,locatedIn,domain,UavBaseStation,否,,严格标注：未在同一chunk内找到主语、关系和宾语的共同支持
transportation,2601.17751v1,no_chunk,domain,locatedIn,domain,Obstacle,否,,严格标注：未在同一chunk内找到主语、关系和宾语的共同支持
transportation,2601.17751v1,no_chunk,domain,locatedIn,domain,GroundUser,是,completedocument2,严格标注：同一chunk内找到主语、关系和宾语支持
transportation,2601.17751v1,no_chunk,domain,serves,domain,UavBaseStation,否,,严格标注：未在同一chunk内找到主语、关系和宾语的共同支持
transportation,2601.17751v1,no_chunk,domain,extendsCoverageTo,domain,UavBaseStation,否,,严格标注：未在同一chunk内找到主语、关系和宾语的共同支持
transportation,2601.17751v1,no_chunk,domain,attachedTo,domain,ActiveRis,否,,严格标注：未在同一chunk内找到主语、关系和宾语的共同支持
transportation,2601.17751v1,no_chunk,domain,obstructs,domain,Obstacle,否,,严格标注：未在同一chunk内找到主语、关系和宾语的共同支持
transportation,2601.17751v1,no_chunk,domain,connectsTo,domain,TerrestrialSource,否,,严格标注：未在同一chunk内找到主语、关系和宾语的共同支持
transportation,2601.17751v1,no_chunk,domain,connectsTo,domain,UavBaseStation,否,,严格标注：未在同一chunk内找到主语、关系和宾语的共同支持
transportation,2601.17751v1,no_chunk,domain,amplifies,domain,ActiveRis,是,completedocument1,严格标注：同一chunk内找到主语、关系和宾语支持
transportation,2601.17751v1,no_chunk,domain,reflects,domain,ActiveRis,是,"completedocument1,completedocument2",严格标注：同一chunk内找到主语、关系和宾语支持
transportation,2601.17751v1,no_chunk,domain,travelsAlong,domain,CommunicationSignal,否,,严格标注：未在同一chunk内找到主语、关系和宾语的共同支持
transportation,2601.17751v1,no_chunk,domain,transmitsTo,domain,TerrestrialSource,否,,严格标注：未在同一chunk内找到主语、关系和宾语的共同支持
transportation,2601.17751v1,no_chunk,domain,transmitsTo,domain,ActiveRis,否,,严格标注：未在同一chunk内找到主语、关系和宾语的共同支持
transportation,2601.17751v1,no_chunk,range,locatedIn,range,UrbanArea,是,completedocument2,严格标注：同一chunk内找到主语、关系和宾语支持
transportation,2601.17751v1,no_chunk,range,serves,range,GroundUser,是,completedocument3,严格标注：同一chunk内找到主语、关系和宾语支持
transportation,2601.17751v1,no_chunk,range,extendsCoverageTo,range,UrbanArea,否,,严格标注：未在同一chunk内找到主语、关系和宾语的共同支持
transportation,2601.17751v1,no_chunk,range,attachedTo,range,AerialPlatform,否,,严格标注：未在同一chunk内找到主语、关系和宾语的共同支持
transportation,2601.17751v1,no_chunk,range,obstructs,range,BackhaulLink,否,,严格标注：未在同一chunk内找到主语、关系和宾语的共同支持
transportation,2601.17751v1,no_chunk,range,connectsTo,range,BackhaulLink,否,,严格标注：未在同一chunk内找到主语、关系和宾语的共同支持
transportation,2601.17751v1,no_chunk,range,amplifies,range,CommunicationSignal,是,completedocument1,严格标注：同一chunk内找到主语、关系和宾语支持
transportation,2601.17751v1,no_chunk,range,reflects,range,CommunicationSignal,是,"completedocument1,completedocument2",严格标注：同一chunk内找到主语、关系和宾语支持
transportation,2601.17751v1,no_chunk,range,travelsAlong,range,BackhaulLink,否,,严格标注：未在同一chunk内找到主语、关系和宾语的共同支持
transportation,2601.17751v1,no_chunk,range,transmitsTo,range,ActiveRis,否,,严格标注：未在同一chunk内找到主语、关系和宾语的共同支持
transportation,2601.17751v1,no_chunk,range,transmitsTo,range,UavBaseStation,否,,严格标注：未在同一chunk内找到主语、关系和宾语的共同支持
transportation,2601.18284v1,no_chunk,domain,mitigatesCondition,domain,TrafficSignalControl,否,,严格标注：未在同一chunk内找到主语、关系和宾语的共同支持
transportation,2601.18284v1,no_chunk,domain,managesSystem,domain,TrafficSignalControl,是,relatedwork1,严格标注：同一chunk内找到主语、关系和宾语支持
transportation,2601.18284v1,no_chunk,domain,reducesMetric,domain,GreenWave,否,,严格标注：未在同一chunk内找到主语、关系和宾语的共同支持
transportation,2601.18284v1,no_chunk,range,mitigatesCondition,range,TrafficCongestion,否,,严格标注：未在同一chunk内找到主语、关系和宾语的共同支持
transportation,2601.18284v1,no_chunk,range,managesSystem,range,TrafficPhase,是,relatedwork1,严格标注：同一chunk内找到主语、关系和宾语支持
transportation,2601.18284v1,no_chunk,range,reducesMetric,range,Delay,是,experiments3,严格标注：同一chunk内找到主语、关系和宾语支持
transportation,2601.18284v1,no_chunk,range,appliesTo,range,TrafficSignalControl,是,conclusions2,严格标注：同一chunk内找到主语、关系和宾语支持
transportation,2601.18284v1,no_chunk,range,modelsBehavior,range,DriverBehavior,是,introduction,严格标注：同一chunk内找到主语、关系和宾语支持
transportation,2601.18284v1,no_chunk,range,allocatesTime,range,GreenLightDuration,否,,严格标注：未在同一chunk内找到主语、关系和宾语的共同支持
transportation,2601.18284v1,no_chunk,range,exhibitsPhenomenon,range,GreenWave,否,,严格标注：未在同一chunk内找到主语、关系和宾语的共同支持
transportation,2601.18284v1,no_chunk,range,penalizesCondition,range,WaitingTime,否,,严格标注：未在同一chunk内找到主语、关系和宾语的共同支持
transportation,2601.18284v1,no_chunk,range,encouragesMetric,range,Throughput,是,experiments3,严格标注：同一chunk内找到主语、关系和宾语支持
transportation,2601.18400v1,no_chunk,subClassOf,ClientNode,subClassOf,NetworkNode,是,experimentalsettings,严格标注：同一chunk内找到主语、关系和宾语支持
transportation,2601.18400v1,no_chunk,subClassOf,ValidatorNode,subClassOf,NetworkNode,是,"backgroundandblockchainnetworks,consumptionskewnessoverroutes",严格标注：同一chunk内找到主语、关系和宾语支持
transportation,2601.18400v1,no_chunk,domain,dispatchesCargo,domain,ClientNode,否,,严格标注：未在同一chunk内找到主语、关系和宾语的共同支持
transportation,2601.18400v1,no_chunk,domain,travelsAlong,domain,TransactionPayload,否,,严格标注：未在同一chunk内找到主语、关系和宾语的共同支持
transportation,2601.18400v1,no_chunk,domain,transportsCargo,domain,BlockBatch,否,,严格标注：未在同一chunk内找到主语、关系和宾语的共同支持
transportation,2601.18400v1,no_chunk,domain,connectsTo,domain,ClientNode,否,,严格标注：未在同一chunk内找到主语、关系和宾语的共同支持
transportation,2601.18400v1,no_chunk,domain,forwardsCargoTo,domain,NetworkNode,否,,严格标注：未在同一chunk内找到主语、关系和宾语的共同支持
transportation,2601.18400v1,no_chunk,domain,inspectsCargo,domain,NetworkNode,否,,严格标注：未在同一chunk内找到主语、关系和宾语的共同支持
transportation,2601.18400v1,no_chunk,domain,managesTraffic,domain,ValidatorNode,是,consumptionskewnessoverroutes,严格标注：同一chunk内找到主语、关系和宾语支持
transportation,2601.18400v1,no_chunk,domain,routesTrafficVia,domain,BlockchainNetwork,是,"consumptionskewnessoverroutes,relatedwork",严格标注：同一chunk内找到主语、关系和宾语支持
transportation,2601.18400v1,no_chunk,domain,utilizesTransport,domain,BlockchainNetwork,否,,严格标注：未在同一chunk内找到主语、关系和宾语的共同支持
transportation,2601.18400v1,no_chunk,domain,transmitsRedundantCargo,domain,BlockchainNetwork,否,,严格标注：未在同一chunk内找到主语、关系和宾语的共同支持
transportation,2601.18400v1,no_chunk,domain,fragmentsCargo,domain,BlockchainNetwork,否,,严格标注：未在同一chunk内找到主语、关系和宾语的共同支持
transportation,2601.18400v1,no_chunk,domain,regulatesTrafficFlow,domain,BlockchainNetwork,否,,严格标注：未在同一chunk内找到主语、关系和宾语的共同支持
transportation,2601.18400v1,no_chunk,domain,consolidatesVehicles,domain,BlockchainNetwork,否,,严格标注：未在同一chunk内找到主语、关系和宾语的共同支持
transportation,2601.18400v1,no_chunk,domain,concentratesTrafficAt,domain,BlockchainNetwork,否,,严格标注：未在同一chunk内找到主语、关系和宾语的共同支持
transportation,2601.18400v1,no_chunk,domain,locatedIn,domain,NetworkNode,否,,严格标注：未在同一chunk内找到主语、关系和宾语的共同支持
transportation,2601.18400v1,no_chunk,domain,imposesTollOn,domain,CloudProviderInfrastructure,否,,严格标注：未在同一chunk内找到主语、关系和宾语的共同支持
transportation,2601.18400v1,no_chunk,domain,relocatesTo,domain,BlockchainNetwork,否,,严格标注：未在同一chunk内找到主语、关系和宾语的共同支持
transportation,2601.18400v1,no_chunk,domain,increasesTrafficVolumeWith,domain,BlockchainNetwork,是,"introduction,consumptionskewnessoverscale1",严格标注：同一chunk内找到主语、关系和宾语支持
transportation,2601.18400v1,no_chunk,range,dispatchesCargo,range,TransactionPayload,否,,严格标注：未在同一chunk内找到主语、关系和宾语的共同支持
transportation,2601.18400v1,no_chunk,range,travelsAlong,range,TransportRoute,否,,严格标注：未在同一chunk内找到主语、关系和宾语的共同支持
transportation,2601.18400v1,no_chunk,range,transportsCargo,range,TransactionPayload,否,,严格标注：未在同一chunk内找到主语、关系和宾语的共同支持
transportation,2601.18400v1,no_chunk,range,connectsTo,range,ValidatorNode,否,,严格标注：未在同一chunk内找到主语、关系和宾语的共同支持
transportation,2601.18400v1,no_chunk,range,forwardsCargoTo,range,NetworkNode,否,,严格标注：未在同一chunk内找到主语、关系和宾语的共同支持
transportation,2601.18400v1,no_chunk,range,inspectsCargo,range,TransactionPayload,否,,严格标注：未在同一chunk内找到主语、关系和宾语的共同支持
transportation,2601.18400v1,no_chunk,range,managesTraffic,range,NetworkNode,是,consumptionskewnessoverroutes,严格标注：同一chunk内找到主语、关系和宾语支持
transportation,2601.18400v1,no_chunk,range,generatesTraffic,range,TrafficFlow,否,,严格标注：未在同一chunk内找到主语、关系和宾语的共同支持
transportation,2601.18400v1,no_chunk,range,transmitsRedundantCargo,range,TransactionPayload,否,,严格标注：未在同一chunk内找到主语、关系和宾语的共同支持
transportation,2601.18400v1,no_chunk,range,fragmentsCargo,range,BlockBatch,否,,严格标注：未在同一chunk内找到主语、关系和宾语的共同支持
transportation,2601.18400v1,no_chunk,range,regulatesTrafficFlow,range,TransactionPayload,否,,严格标注：未在同一chunk内找到主语、关系和宾语的共同支持
transportation,2601.18400v1,no_chunk,range,consolidatesVehicles,range,BlockBatch,否,,严格标注：未在同一chunk内找到主语、关系和宾语的共同支持
transportation,2601.18400v1,no_chunk,range,concentratesTrafficAt,range,ValidatorNode,否,,严格标注：未在同一chunk内找到主语、关系和宾语的共同支持
transportation,2601.18400v1,no_chunk,range,locatedIn,range,CloudProviderInfrastructure,否,,严格标注：未在同一chunk内找到主语、关系和宾语的共同支持
transportation,2601.18400v1,no_chunk,range,imposesTollOn,range,TrafficFlow,否,,严格标注：未在同一chunk内找到主语、关系和宾语的共同支持
transportation,2601.18400v1,no_chunk,range,relocatesTo,range,BareMetalInfrastructure,否,,严格标注：未在同一chunk内找到主语、关系和宾语的共同支持
transportation,2601.18400v1,no_chunk,range,increasesTrafficVolumeWith,range,NetworkNode,是,"introduction,consumptionskewnessoverscale1",严格标注：同一chunk内找到主语、关系和宾语支持
transportation,2601.18548v1,no_chunk,domain,consistsOf,domain,MobileManipulator,是,"completedocument9,completedocument10",严格标注：同一chunk内找到主语、关系和宾语支持
transportation,2601.18548v1,no_chunk,domain,travelsAlong,domain,MobileManipulator,否,,严格标注：未在同一chunk内找到主语、关系和宾语的共同支持
transportation,2601.18548v1,no_chunk,domain,navigatesIn,domain,MobileManipulator,是,completedocument16,严格标注：同一chunk内找到主语、关系和宾语支持
transportation,2601.18548v1,no_chunk,domain,coordinatesWith,domain,MobileBase,是,completedocument12,严格标注：同一chunk内找到主语、关系和宾语支持
transportation,2601.18548v1,no_chunk,domain,providesMobilityFor,domain,MobileBase,否,,严格标注：未在同一chunk内找到主语、关系和宾语的共同支持
transportation,2601.18548v1,no_chunk,domain,startsAt,domain,Trajectory,是,completedocument14,严格标注：同一chunk内找到主语、关系和宾语支持
transportation,2601.18548v1,no_chunk,domain,connectsTo,domain,Trajectory,否,,严格标注：未在同一chunk内找到主语、关系和宾语的共同支持
transportation,2601.18548v1,no_chunk,domain,restrictsMovementIn,domain,Obstacle,否,,严格标注：未在同一chunk内找到主语、关系和宾语的共同支持
transportation,2601.18548v1,no_chunk,domain,optimizes,domain,OptimizationSolver,是,completedocument4,严格标注：同一chunk内找到主语、关系和宾语支持
transportation,2601.18548v1,no_chunk,domain,enforces,domain,OptimizationSolver,是,"completedocument3,completedocument4,completedocument15",严格标注：同一chunk内找到主语、关系和宾语支持
transportation,2601.18548v1,no_chunk,domain,mapsDistanceTo,domain,DistanceField,是,"completedocument5,completedocument6",严格标注：同一chunk内找到主语、关系和宾语支持
transportation,2601.18548v1,no_chunk,domain,approximatesDistanceFor,domain,NeuralNetwork,否,,严格标注：未在同一chunk内找到主语、关系和宾语的共同支持
transportation,2601.18548v1,no_chunk,range,travelsAlong,range,Trajectory,否,,严格标注：未在同一chunk内找到主语、关系和宾语的共同支持
transportation,2601.18548v1,no_chunk,range,navigatesIn,range,Environment,是,completedocument16,严格标注：同一chunk内找到主语、关系和宾语支持
transportation,2601.18548v1,no_chunk,range,avoidsCollisionWith,range,Obstacle,是,"completedocument4,completedocument9",严格标注：同一chunk内找到主语、关系和宾语支持
transportation,2601.18548v1,no_chunk,range,coordinatesWith,range,ManipulatorArm,否,,严格标注：未在同一chunk内找到主语、关系和宾语的共同支持
transportation,2601.18548v1,no_chunk,range,providesMobilityFor,range,MobileManipulator,否,,严格标注：未在同一chunk内找到主语、关系和宾语的共同支持
transportation,2601.18548v1,no_chunk,range,startsAt,range,StartConfiguration,是,completedocument14,严格标注：同一chunk内找到主语、关系和宾语支持
transportation,2601.18548v1,no_chunk,range,connectsTo,range,GoalConfiguration,否,,严格标注：未在同一chunk内找到主语、关系和宾语的共同支持
transportation,2601.18548v1,no_chunk,range,restrictsMovementIn,range,Workspace,否,,严格标注：未在同一chunk内找到主语、关系和宾语的共同支持
transportation,2601.18548v1,no_chunk,range,generatesTrajectoryFor,range,MobileManipulator,是,"completedocument1,completedocument10",严格标注：同一chunk内找到主语、关系和宾语支持
transportation,2601.18548v1,no_chunk,range,computesDistanceTo,range,Obstacle,是,"completedocument5,completedocument11",严格标注：同一chunk内找到主语、关系和宾语支持
transportation,2601.18548v1,no_chunk,range,evaluatedIn,range,Environment,是,completedocument13,严格标注：同一chunk内找到主语、关系和宾语支持
transportation,2601.18548v1,no_chunk,range,optimizes,range,Trajectory,是,completedocument4,严格标注：同一chunk内找到主语、关系和宾语支持
transportation,2601.18548v1,no_chunk,range,enforces,range,CollisionConstraint,是,"completedocument3,completedocument4,completedocument15",严格标注：同一chunk内找到主语、关系和宾语支持
transportation,2601.18548v1,no_chunk,range,mapsDistanceTo,range,Obstacle,是,completedocument5,严格标注：同一chunk内找到主语、关系和宾语支持
transportation,2601.18548v1,no_chunk,range,approximatesDistanceFor,range,DistanceField,是,completedocument10,严格标注：同一chunk内找到主语、关系和宾语支持
transportation,2601.18586v1,no_chunk,subClassOf,Road,subClassOf,TransportInfrastructure,是,"casestudycopenhagensinnercity1,conclusions1",严格标注：同一chunk内找到主语、关系和宾语支持
transportation,2601.18586v1,no_chunk,subClassOf,CyclingLane,subClassOf,TransportInfrastructure,是,casestudycopenhagensinnercity1,严格标注：同一chunk内找到主语、关系和宾语支持
transportation,2601.18586v1,no_chunk,subClassOf,Sidewalk,subClassOf,TransportInfrastructure,是,casestudycopenhagensinnercity1,严格标注：同一chunk内找到主语、关系和宾语支持
transportation,2601.18586v1,no_chunk,subClassOf,InfrastructureDamage,subClassOf,TransportImpact,是,problemformulationandiamenvironment1,严格标注：同一chunk内找到主语、关系和宾语支持
transportation,2601.18586v1,no_chunk,subClassOf,TravelDelay,subClassOf,TransportImpact,是,problemformulationandiamenvironment1,严格标注：同一chunk内找到主语、关系和宾语支持
transportation,2601.18586v1,no_chunk,subClassOf,TripCancellation,subClassOf,TransportImpact,是,problemformulationandiamenvironment1,严格标注：同一chunk内找到主语、关系和宾语支持
transportation,2601.18586v1,no_chunk,subClassOf,RoadClosure,subClassOf,TransportImpact,否,,严格标注：未在同一chunk内找到主语、关系和宾语的共同支持
transportation,2601.18586v1,no_chunk,subClassOf,RailClosure,subClassOf,TransportImpact,否,,严格标注：未在同一chunk内找到主语、关系和宾语的共同支持
transportation,2601.18586v1,no_chunk,subClassOf,Rerouting,subClassOf,TransportImpact,是,background,严格标注：同一chunk内找到主语、关系和宾语支持
transportation,2601.18586v1,no_chunk,domain,intensifies,domain,ClimateChange,否,,严格标注：未在同一chunk内找到主语、关系和宾语的共同支持
transportation,2601.18586v1,no_chunk,domain,disrupts,domain,Rainfall,否,,严格标注：未在同一chunk内找到主语、关系和宾语的共同支持
transportation,2601.18586v1,no_chunk,domain,triggers,domain,PluvialFlooding,否,,严格标注：未在同一chunk内找到主语、关系和宾语的共同支持
transportation,2601.18586v1,no_chunk,domain,forces,domain,PluvialFlooding,否,,严格标注：未在同一chunk内找到主语、关系和宾语的共同支持
transportation,2601.18586v1,no_chunk,domain,damages,domain,PluvialFlooding,是,introduction,严格标注：同一chunk内找到主语、关系和宾语支持
transportation,2601.18586v1,no_chunk,domain,evaluates,domain,ReinforcementLearning,是,problemformulationandiamenvironment1,严格标注：同一chunk内找到主语、关系和宾语支持
transportation,2601.18586v1,no_chunk,domain,implementedIn,domain,AdaptationStrategy,否,,严格标注：未在同一chunk内找到主语、关系和宾语的共同支持
transportation,2601.18586v1,no_chunk,domain,generates,domain,ClimateScenario,是,problemformulationandiamenvironment1,严格标注：同一chunk内找到主语、关系和宾语支持
transportation,2601.18586v1,no_chunk,domain,partOf,domain,TransportInfrastructure,是,conclusions1,严格标注：同一chunk内找到主语、关系和宾语支持
transportation,2601.18586v1,no_chunk,domain,requires,domain,InfrastructureDamage,否,,严格标注：未在同一chunk内找到主语、关系和宾语的共同支持
transportation,2601.18586v1,no_chunk,domain,mitigates,domain,AdaptationStrategy,否,,严格标注：未在同一chunk内找到主语、关系和宾语的共同支持
transportation,2601.18586v1,no_chunk,range,intensifies,range,Rainfall,否,,严格标注：未在同一chunk内找到主语、关系和宾语的共同支持
transportation,2601.18586v1,no_chunk,range,disrupts,range,TransportNetwork,否,,严格标注：未在同一chunk内找到主语、关系和宾语的共同支持
transportation,2601.18586v1,no_chunk,range,reduces,range,TravelSpeed,是,casestudycopenhagensinnercity1,严格标注：同一chunk内找到主语、关系和宾语支持
transportation,2601.18586v1,no_chunk,range,triggers,range,Rerouting,否,,严格标注：未在同一chunk内找到主语、关系和宾语的共同支持
transportation,2601.18586v1,no_chunk,range,damages,range,TransportInfrastructure,是,introduction,严格标注：同一chunk内找到主语、关系和宾语支持
transportation,2601.18586v1,no_chunk,range,evaluates,range,AdaptationStrategy,否,,严格标注：未在同一chunk内找到主语、关系和宾语的共同支持
transportation,2601.18586v1,no_chunk,range,implementedIn,range,TrafficAssignmentZone,是,problemformulationandiamenvironment1,严格标注：同一chunk内找到主语、关系和宾语支持
transportation,2601.18586v1,no_chunk,range,generates,range,Rainfall,是,problemformulationandiamenvironment1,严格标注：同一chunk内找到主语、关系和宾语支持
transportation,2601.18586v1,no_chunk,range,partOf,range,TransportNetwork,是,"conclusions1,conclusions2",严格标注：同一chunk内找到主语、关系和宾语支持
transportation,2601.18586v1,no_chunk,range,requires,range,RepairWork,否,,严格标注：未在同一chunk内找到主语、关系和宾语的共同支持
transportation,2601.18586v1,no_chunk,range,mitigates,range,TransportImpact,否,,严格标注：未在同一chunk内找到主语、关系和宾语的共同支持
transportation,2601.18629v1,no_chunk,domain,capturesData,domain,Exoskeleton,否,,严格标注：未在同一chunk内找到主语、关系和宾语的共同支持
transportation,2601.18629v1,no_chunk,domain,capturesData,domain,Camera,否,,严格标注：未在同一chunk内找到主语、关系和宾语的共同支持
transportation,2601.18629v1,no_chunk,domain,travelsAlong,domain,Exoskeleton,否,,严格标注：未在同一chunk内找到主语、关系和宾语的共同支持
transportation,2601.18629v1,no_chunk,domain,travelsAlong,domain,RoboticArm,否,,严格标注：未在同一chunk内找到主语、关系和宾语的共同支持
transportation,2601.18629v1,no_chunk,domain,connectsTo,domain,Exoskeleton,否,,严格标注：未在同一chunk内找到主语、关系和宾语的共同支持
transportation,2601.18629v1,no_chunk,domain,connectsTo,domain,RoboticArm,否,,严格标注：未在同一chunk内找到主语、关系和宾语的共同支持
transportation,2601.18629v1,no_chunk,domain,connectsTo,domain,CrossRollerBearing,否,,严格标注：未在同一chunk内找到主语、关系和宾语的共同支持
transportation,2601.18629v1,no_chunk,domain,locatedIn,domain,JointModule,否,,严格标注：未在同一chunk内找到主语、关系和宾语的共同支持
transportation,2601.18629v1,no_chunk,domain,locatedIn,domain,Sensor,否,,严格标注：未在同一chunk内找到主语、关系和宾语的共同支持
transportation,2601.18629v1,no_chunk,domain,locatedIn,domain,Camera,否,,严格标注：未在同一chunk内找到主语、关系和宾语的共同支持
transportation,2601.18629v1,no_chunk,domain,locatedIn,domain,CargoItem,否,,严格标注：未在同一chunk内找到主语、关系和宾语的共同支持
transportation,2601.18629v1,no_chunk,domain,locatedIn,domain,DigitalAsset,否,,严格标注：未在同一chunk内找到主语、关系和宾语的共同支持
transportation,2601.18629v1,no_chunk,domain,manipulates,domain,RoboticArm,否,,严格标注：未在同一chunk内找到主语、关系和宾语的共同支持
transportation,2601.18629v1,no_chunk,domain,generates,domain,MaskAdapter,是,method2,严格标注：同一chunk内找到主语、关系和宾语支持
transportation,2601.18629v1,no_chunk,domain,guides,domain,SemanticMask,否,,严格标注：未在同一chunk内找到主语、关系和宾语的共同支持
transportation,2601.18629v1,no_chunk,domain,controls,domain,VisuomotorPolicy,否,,严格标注：未在同一chunk内找到主语、关系和宾语的共同支持
transportation,2601.18629v1,no_chunk,domain,simulates,domain,DigitalAsset,否,,严格标注：未在同一chunk内找到主语、关系和宾语的共同支持
transportation,2601.18629v1,no_chunk,range,capturesData,range,ManipulationTrajectory,否,,严格标注：未在同一chunk内找到主语、关系和宾语的共同支持
transportation,2601.18629v1,no_chunk,range,travelsAlong,range,ManipulationTrajectory,否,,严格标注：未在同一chunk内找到主语、关系和宾语的共同支持
transportation,2601.18629v1,no_chunk,range,connectsTo,range,Gripper,否,,严格标注：未在同一chunk内找到主语、关系和宾语的共同支持
transportation,2601.18629v1,no_chunk,range,connectsTo,range,JointShaft,否,,严格标注：未在同一chunk内找到主语、关系和宾语的共同支持
transportation,2601.18629v1,no_chunk,range,locatedIn,range,Exoskeleton,否,,严格标注：未在同一chunk内找到主语、关系和宾语的共同支持
transportation,2601.18629v1,no_chunk,range,locatedIn,range,JointModule,否,,严格标注：未在同一chunk内找到主语、关系和宾语的共同支持
transportation,2601.18629v1,no_chunk,range,locatedIn,range,Workspace,否,,严格标注：未在同一chunk内找到主语、关系和宾语的共同支持
transportation,2601.18629v1,no_chunk,range,locatedIn,range,CargoItem,否,,严格标注：未在同一chunk内找到主语、关系和宾语的共同支持
transportation,2601.18629v1,no_chunk,range,locatedIn,range,SimulationEnvironment,否,,严格标注：未在同一chunk内找到主语、关系和宾语的共同支持
transportation,2601.18629v1,no_chunk,range,manipulates,range,CargoItem,否,,严格标注：未在同一chunk内找到主语、关系和宾语的共同支持
transportation,2601.18629v1,no_chunk,range,generates,range,SemanticMask,是,method2,严格标注：同一chunk内找到主语、关系和宾语支持
transportation,2601.18629v1,no_chunk,range,guides,range,VisuomotorPolicy,否,,严格标注：未在同一chunk内找到主语、关系和宾语的共同支持
transportation,2601.18629v1,no_chunk,range,controls,range,RoboticArm,否,,严格标注：未在同一chunk内找到主语、关系和宾语的共同支持
transportation,2601.18629v1,no_chunk,range,simulates,range,CargoItem,否,,严格标注：未在同一chunk内找到主语、关系和宾语的共同支持
transportation,2601.18629v1,no_chunk,range,simulates,range,RoboticArm,否,,严格标注：未在同一chunk内找到主语、关系和宾语的共同支持
transportation,2601.18714v1,no_chunk,domain,navigatesIn,domain,MobileRobot,否,,严格标注：未在同一chunk内找到主语、关系和宾语的共同支持
transportation,2601.18714v1,no_chunk,domain,travelsAlong,domain,MobileRobot,否,,严格标注：未在同一chunk内找到主语、关系和宾语的共同支持
transportation,2601.18714v1,no_chunk,domain,requires,domain,MobileRobot,否,,严格标注：未在同一chunk内找到主语、关系和宾语的共同支持
transportation,2601.18714v1,no_chunk,domain,performs,domain,MobileRobot,否,,严格标注：未在同一chunk内找到主语、关系和宾语的共同支持
transportation,2601.18714v1,no_chunk,domain,supports,domain,PlaceRecognition,否,,严格标注：未在同一chunk内找到主语、关系和宾语的共同支持
transportation,2601.18714v1,no_chunk,domain,enables,domain,PlaceRecognition,否,,严格标注：未在同一chunk内找到主语、关系和宾语的共同支持
transportation,2601.18714v1,no_chunk,domain,determines,domain,PathDetection,否,,严格标注：未在同一chunk内找到主语、关系和宾语的共同支持
transportation,2601.18714v1,no_chunk,domain,equippedWith,domain,MobileRobot,否,,严格标注：未在同一chunk内找到主语、关系和宾语的共同支持
transportation,2601.18714v1,no_chunk,domain,collectedIn,domain,Dataset,是,"completedocument4,completedocument5,completedocument6,completedocument12",严格标注：同一chunk内找到主语、关系和宾语支持
transportation,2601.18714v1,no_chunk,domain,containsInfrastructure,domain,Vineyard,否,,严格标注：未在同一chunk内找到主语、关系和宾语的共同支持
transportation,2601.18714v1,no_chunk,domain,captures,domain,LidarSensor,否,,严格标注：未在同一chunk内找到主语、关系和宾语的共同支持
transportation,2601.18714v1,no_chunk,domain,utilizes,domain,LidarSensor,是,completedocument2,严格标注：同一chunk内找到主语、关系和宾语支持
transportation,2601.18714v1,no_chunk,domain,obstructs,domain,TallGrass,是,completedocument9,严格标注：同一chunk内找到主语、关系和宾语支持
transportation,2601.18714v1,no_chunk,domain,occludes,domain,DenseFoliage,否,,严格标注：未在同一chunk内找到主语、关系和宾语的共同支持
transportation,2601.18714v1,no_chunk,range,navigatesIn,range,Vineyard,否,,严格标注：未在同一chunk内找到主语、关系和宾语的共同支持
transportation,2601.18714v1,no_chunk,range,travelsAlong,range,Route,否,,严格标注：未在同一chunk内找到主语、关系和宾语的共同支持
transportation,2601.18714v1,no_chunk,range,requires,range,Localization,否,,严格标注：未在同一chunk内找到主语、关系和宾语的共同支持
transportation,2601.18714v1,no_chunk,range,performs,range,AutonomousNavigation,否,,严格标注：未在同一chunk内找到主语、关系和宾语的共同支持
transportation,2601.18714v1,no_chunk,range,designedFor,range,Vineyard,是,completedocument1,严格标注：同一chunk内找到主语、关系和宾语支持
transportation,2601.18714v1,no_chunk,range,solves,range,PlaceRecognition,否,,严格标注：未在同一chunk内找到主语、关系和宾语的共同支持
transportation,2601.18714v1,no_chunk,range,processes,range,PointCloud,是,completedocument14,严格标注：同一chunk内找到主语、关系和宾语支持
transportation,2601.18714v1,no_chunk,range,testedOn,range,Dataset,是,"completedocument1,completedocument2,completedocument7,completedocument8,completedocument9,completedocument11",严格标注：同一chunk内找到主语、关系和宾语支持
transportation,2601.18714v1,no_chunk,range,supports,range,Slam,否,,严格标注：未在同一chunk内找到主语、关系和宾语的共同支持
transportation,2601.18714v1,no_chunk,range,enables,range,AutonomousNavigation,否,,严格标注：未在同一chunk内找到主语、关系和宾语的共同支持
transportation,2601.18714v1,no_chunk,range,determines,range,Traversability,否,,严格标注：未在同一chunk内找到主语、关系和宾语的共同支持
transportation,2601.18714v1,no_chunk,range,collectedIn,range,Vineyard,是,"completedocument4,completedocument5,completedocument6",严格标注：同一chunk内找到主语、关系和宾语支持
transportation,2601.18714v1,no_chunk,range,captures,range,PointCloud,否,,严格标注：未在同一chunk内找到主语、关系和宾语的共同支持
transportation,2601.18714v1,no_chunk,range,obstructs,range,LidarSensor,否,,严格标注：未在同一chunk内找到主语、关系和宾语的共同支持
transportation,2601.18714v1,no_chunk,range,occludes,range,Vineyard,否,,严格标注：未在同一chunk内找到主语、关系和宾语的共同支持
transportation,2601.18783v1,no_chunk,subClassOf,LaneChange,subClassOf,TacticalDecision,是,problemformulation,严格标注：同一chunk内找到主语、关系和宾语支持
transportation,2601.18783v1,no_chunk,subClassOf,AdaptiveCruiseControl,subClassOf,TacticalDecision,是,"introduction,problemformulation",严格标注：同一chunk内找到主语、关系和宾语支持
transportation,2601.18783v1,no_chunk,subClassOf,DriverCost,subClassOf,OperationalCost,是,detailedresults1,严格标注：同一chunk内找到主语、关系和宾语支持
transportation,2601.18783v1,no_chunk,subClassOf,EnergyCost,subClassOf,OperationalCost,是,"introduction,detailedresults1",严格标注：同一chunk内找到主语、关系和宾语支持
transportation,2601.18783v1,no_chunk,subClassOf,TractorSemitrailer,subClassOf,HeavyDutyVehicle,是,problemformulation,严格标注：同一chunk内找到主语、关系和宾语支持
transportation,2601.18783v1,no_chunk,domain,requires,domain,AutonomousTruck,是,introduction,严格标注：同一chunk内找到主语、关系和宾语支持
transportation,2601.18783v1,no_chunk,domain,includes,domain,TacticalDecision,否,,严格标注：未在同一chunk内找到主语、关系和宾语的共同支持
transportation,2601.18783v1,no_chunk,domain,learns,domain,MultiObjectiveReinforcementLearning,是,methodology1,严格标注：同一chunk内找到主语、关系和宾语支持
transportation,2601.18783v1,no_chunk,domain,usedIn,domain,ProximalPolicyOptimization,是,methodology2,严格标注：同一chunk内找到主语、关系和宾语支持
transportation,2601.18783v1,no_chunk,domain,balances,domain,DrivingPolicy,是,multiobjectivereinforcementlearningliterature,严格标注：同一chunk内找到主语、关系和宾语支持
transportation,2601.18783v1,no_chunk,domain,evaluatesOn,domain,DrivingPolicy,否,,严格标注：未在同一chunk内找到主语、关系和宾语的共同支持
transportation,2601.18783v1,no_chunk,domain,simulates,domain,TrafficSimulator,否,,严格标注：未在同一chunk内找到主语、关系和宾语的共同支持
transportation,2601.18783v1,no_chunk,domain,contains,domain,HighwayTraffic,否,,严格标注：未在同一chunk内找到主语、关系和宾语的共同支持
transportation,2601.18783v1,no_chunk,domain,modeledAs,domain,HeavyDutyVehicle,是,problemformulation,严格标注：同一chunk内找到主语、关系和宾语支持
transportation,2601.18783v1,no_chunk,domain,travelsAlong,domain,HeavyDutyVehicle,否,,严格标注：未在同一chunk内找到主语、关系和宾语的共同支持
transportation,2601.18783v1,no_chunk,domain,performs,domain,HeavyDutyVehicle,是,problemformulation,严格标注：同一chunk内找到主语、关系和宾语支持
transportation,2601.18783v1,no_chunk,domain,regulates,domain,SafetyFilter,否,,严格标注：未在同一chunk内找到主语、关系和宾语的共同支持
transportation,2601.18783v1,no_chunk,domain,movesTo,domain,LaneChange,否,,严格标注：未在同一chunk内找到主语、关系和宾语的共同支持
transportation,2601.18783v1,no_chunk,domain,departsFrom,domain,LaneChange,否,,严格标注：未在同一chunk内找到主语、关系和宾语的共同支持
transportation,2601.18783v1,no_chunk,range,requires,range,TacticalDecision,是,introduction,严格标注：同一chunk内找到主语、关系和宾语支持
transportation,2601.18783v1,no_chunk,range,includes,range,TacticalDecision,否,,严格标注：未在同一chunk内找到主语、关系和宾语的共同支持
transportation,2601.18783v1,no_chunk,range,learns,range,DrivingPolicy,否,,严格标注：未在同一chunk内找到主语、关系和宾语的共同支持
transportation,2601.18783v1,no_chunk,range,usedIn,range,MultiObjectiveReinforcementLearning,是,problemformulation,严格标注：同一chunk内找到主语、关系和宾语支持
transportation,2601.18783v1,no_chunk,range,evaluatesOn,range,TrafficSimulator,否,,严格标注：未在同一chunk内找到主语、关系和宾语的共同支持
transportation,2601.18783v1,no_chunk,range,simulates,range,HighwayTraffic,否,,严格标注：未在同一chunk内找到主语、关系和宾语的共同支持
transportation,2601.18783v1,no_chunk,range,modeledAs,range,TractorSemitrailer,是,problemformulation,严格标注：同一chunk内找到主语、关系和宾语支持
transportation,2601.18783v1,no_chunk,range,travelsAlong,range,HighwayTraffic,否,,严格标注：未在同一chunk内找到主语、关系和宾语的共同支持
transportation,2601.18783v1,no_chunk,range,performs,range,TacticalDecision,是,problemformulation,严格标注：同一chunk内找到主语、关系和宾语支持
transportation,2601.18783v1,no_chunk,range,regulates,range,LaneChange,否,,严格标注：未在同一chunk内找到主语、关系和宾语的共同支持
transportation,2601.18783v1,no_chunk,range,movesTo,range,TargetLane,否,,严格标注：未在同一chunk内找到主语、关系和宾语的共同支持
transportation,2601.18783v1,no_chunk,range,departsFrom,range,CurrentLane,否,,严格标注：未在同一chunk内找到主语、关系和宾语的共同支持
transportation,2601.18783v1,no_chunk,range,minimizes,range,OperationalCost,否,,严格标注：未在同一chunk内找到主语、关系和宾语的共同支持
