id,axiom_type,axiom_text,label,model_name,temperature,max_tokens,base_url,model_output,model_label,is_correct,error
sample_0014,subClassOf,location ⊑ everypromotedthing,1,qwen-max-0125,0.0,8192,https://api2.aigcbest.top/v1,"判断结果：错误  
解释：地点（location）和被推广的事物（everypromotedthing）在语义上没有合理的子类关系。",0,0,
sample_0020,subClassOf,caf_ ⊑ company,1,qwen-max-0125,0.0,8192,https://api2.aigcbest.top/v1,"判断结果：错误  
解释：根据常识，“caf_”通常指代咖啡馆，而“company”指代公司，两者在语义上并不构成子类关系。",0,0,
sample_0023,subClassOf,physicalaction ⊑ abstractthing,1,qwen-max-0125,0.0,8192,https://api2.aigcbest.top/v1,"判断结果：错误  
解释：物理动作（physicalaction）是具体的行为，而抽象事物（abstractthing）是非具体的，两者语义上不符合子类关系。",0,0,
sample_0033,subClassOf,physicalaction ⊑ abstractthing,1,qwen-max-0125,0.0,8192,https://api2.aigcbest.top/v1,"判断结果：错误  
解释：物理动作（physicalaction）是具体的行为，而抽象事物（abstractthing）是非具体的，两者语义上不符合子类关系。",0,0,
sample_0040,subClassOf,medicalprocedure ⊑ abstractthing,1,qwen-max-0125,0.0,8192,https://api2.aigcbest.top/v1,"判断结果：错误  
解释：医疗程序（medicalprocedure）通常是具体的、可执行的操作，而抽象事物（abstractthing）指非具体的概念，两者语义不符。",0,0,
sample_0041,subClassOf,virus ⊑ species,1,qwen-max-0125,0.0,8192,https://api2.aigcbest.top/v1,"判断结果：错误  
解释：病毒（virus）不是物种（species）的子类，病毒通常被视为一种非细胞生物实体，与物种的概念不一致。",0,0,
sample_0044,subClassOf,attraction ⊑ location,1,qwen-max-0125,0.0,8192,https://api2.aigcbest.top/v1,"判断结果：错误  
解释：景点（attraction）是具体的事物，而地点（location）是空间上的区域，前者并非后者的子类。",0,0,
sample_0050,subClassOf,location ⊑ everypromotedthing,1,qwen-max-0125,0.0,8192,https://api2.aigcbest.top/v1,"判断结果：错误  
解释：地点（location）和被推广的事物（everypromotedthing）在语义上没有合理的子类关系。",0,0,
sample_0054,subClassOf,physiologicalcondition ⊑ abstractthing,1,qwen-max-0125,0.0,8192,https://api2.aigcbest.top/v1,"判断结果：错误  
解释：生理条件（physiologicalcondition）通常是具体的、与生物体相关的状态，而抽象事物（abstractthing）指非具体的概念，两者语义不符。",0,0,
sample_0055,subClassOf,grain ⊑ fruit,1,qwen-max-0125,0.0,8192,https://api2.aigcbest.top/v1,"判断结果：错误  
解释：谷物（grain）和水果（fruit）是两种不同的植物产物，谷物不属于水果的子类。",0,0,
sample_0057,subClassOf,stateorprovince ⊑ geopoliticalorganization,1,qwen-max-0125,0.0,8192,https://api2.aigcbest.top/v1,"判断结果：错误  
解释：州或省（stateorprovince）是地理区域的划分，而不是地缘政治组织（geopoliticalorganization）的子类。",0,0,
sample_0061,subPropertyOf,agentcreated ⊑p relatedto,1,qwen-max-0125,0.0,8192,https://api2.aigcbest.top/v1,"判断结果：错误  
解释：根据常识，“agentcreated”表示“代理创建”，而“relatedto”表示“与...相关”，两者语义上没有直接的子属性关系。",0,0,
sample_0062,subPropertyOf,itemusedatlocation ⊑p atlocation,1,qwen-max-0125,0.0,8192,https://api2.aigcbest.top/v1,"判断结果：错误  
解释：属性“itemusedatlocation”表示物品在某地被使用，而“atlocation”仅表示某物在某地，两者语义不一致，前者不能被后者完全包含。",0,0,
sample_0063,subPropertyOf,bombingvictim ⊑p relatedto,1,qwen-max-0125,0.0,8192,https://api2.aigcbest.top/v1,"判断结果：错误  
解释：bombingvictim（爆炸受害者）与relatedto（相关于）之间的关系不符合常识语义，因为“相关于”过于宽泛，无法准确表达受害者的特定语义。",0,0,
sample_0064,subPropertyOf,inverseofautomobilemakerchiefexecutiveceo ⊑p ceoof,1,qwen-max-0125,0.0,8192,https://api2.aigcbest.top/v1,"判断结果：错误
解释：属性“inverseofautomobilemakerchiefexecutiveceo”与“ceoof”之间的子属性关系不符合常识语义，因为“inverseofautomobilemakerchiefexecutiveceo”暗示的是反向关系，而“ceoof”表示正向关系，两者不应存在子属性关系。",0,0,
sample_0065,subPropertyOf,sportusesstadium ⊑p relatedto,1,qwen-max-0125,0.0,8192,https://api2.aigcbest.top/v1,"判断结果：错误  
解释：属性“sportusesstadium”表示运动使用体育场的关系，而“relatedto”过于宽泛，无法准确表达这种具体关系。",0,0,
sample_0066,subPropertyOf,bookwriter ⊑p creativeworkcontributedtobyagent,1,qwen-max-0125,0.0,8192,https://api2.aigcbest.top/v1,"判断结果：错误  
解释：bookwriter（书籍作者）与creativeworkcontributedtobyagent（对创作作品有贡献的代理）之间的关系不符合常识，因为“书籍作者”应是更具体的子类，而不是被包含在“对创作作品有贡献的代理”中。",0,0,
sample_0068,subPropertyOf,companyalsoknownas ⊑p organizationalsoknownas,1,qwen-max-0125,0.0,8192,https://api2.aigcbest.top/v1,"判断结果：错误  
解释：属性“companyalsoknownas”与“organizationalsoknownas”之间的语义关系不明确，且不符合常识中公司与组织的别名属性应具有的独立性。",0,0,
sample_0069,subPropertyOf,inverseofpersongraduatedfromuniversity ⊑p schoolgraduatedperson,1,qwen-max-0125,0.0,8192,https://api2.aigcbest.top/v1,"判断结果：错误  
解释：属性“inverseofpersongraduatedfromuniversity”的定义不符合语义逻辑，其名称暗示的逆关系与“schoolgraduatedperson”无直接合理关联。",0,0,
sample_0070,subPropertyOf,mlauthorofsoftware ⊑p agentcreated,1,qwen-max-0125,0.0,8192,https://api2.aigcbest.top/v1,"判断结果：错误  
解释：根据常识，“mlauthorofsoftware”表示“机器学习软件的作者”，而“agentcreated”表示“代理创建”，两者语义上并不构成子类关系。",0,0,
sample_0071,subPropertyOf,inverseofplantgrowinginplant ⊑p relatedto,1,qwen-max-0125,0.0,8192,https://api2.aigcbest.top/v1,"判断结果：错误  
解释：公理中的“inverseofplantgrowinginplant”与“relatedto”之间的关系语义不清晰且不符合常识逻辑。",0,0,
sample_0073,subPropertyOf,inverseofcriminalssuchascriminals ⊑p specializationof,1,qwen-max-0125,0.0,8192,https://api2.aigcbest.top/v1,"判断结果：错误  
解释：公理中的表达式语法不符合RDFS规范，且语义不清晰，无法正确描述类或属性之间的关系。",0,0,
sample_0074,subPropertyOf,inverseofattractionmadeofbuildingmaterial ⊑p relatedto,1,qwen-max-0125,0.0,8192,https://api2.aigcbest.top/v1,"判断结果：错误  
解释：属性“inverseofattractionmadeofbuildingmaterial”与“relatedto”之间的语义关系不清晰，且不符合常识或明确的领域知识。",0,0,
sample_0075,subPropertyOf,numberofarrestedinbombing ⊑p relatedto,1,qwen-max-0125,0.0,8192,https://api2.aigcbest.top/v1,"判断结果：错误  
解释：属性“numberofarrestedinbombing”表示一个数值类型的概念，而“relatedto”通常用于表达实体之间的关联关系，二者语义不符。",0,0,
sample_0076,subPropertyOf,mlsoftwareauthor ⊑p createdbyagent,1,qwen-max-0125,0.0,8192,https://api2.aigcbest.top/v1,"判断结果：错误  
解释：根据常识，软件作者（mlsoftwareauthor）应该是被代理（agent）创建的主体，而非子类关系。",0,0,
sample_0077,subPropertyOf,stateorprovinceisborderedbystateorprovince ⊑p relatedto,1,qwen-max-0125,0.0,8192,https://api2.aigcbest.top/v1,"判断结果：错误  
解释：属性“stateorprovinceisborderedbystateorprovince”描述的是地理边界关系，而“relatedto”过于宽泛，无法准确表达这种特定的语义关系。",0,0,
sample_0078,subPropertyOf,buildingbelongstoorganization ⊑p locationactedinbyorganization,1,qwen-max-0125,0.0,8192,https://api2.aigcbest.top/v1,"判断结果：错误  
解释：属性“buildingbelongstoorganization”的语义与“locationactedinbyorganization”无直接关联，不符合常识或逻辑关系。",0,0,
sample_0079,subPropertyOf,synonymfor ⊑p mutualproxyfor,1,qwen-max-0125,0.0,8192,https://api2.aigcbest.top/v1,"判断结果：错误  
解释：根据常识，“synonymfor”（同义词关系）并不意味着“mutualproxyfor”（互为代理关系），两者语义不匹配。",0,0,
sample_0080,subPropertyOf,subfieldofacademicfield ⊑p subpartof,1,qwen-max-0125,0.0,8192,https://api2.aigcbest.top/v1,"判断结果：错误  
解释：学术领域的子领域（subfield of academic field）并不等同于一般性的部分关系（subpart of），两者语义不匹配。",0,0,
sample_0082,subPropertyOf,skyscrapercontainsrestaurant ⊑p locationcontainslocation,1,qwen-max-0125,0.0,8192,https://api2.aigcbest.top/v1,"判断结果：错误  
解释：属性“skyscrapercontainsrestaurant”描述的是摩天大楼包含餐厅的关系，而“locationcontainslocation”描述的是地点包含地点的关系，前者不应是后者的子属性，语义上不匹配。",0,0,
sample_0083,subPropertyOf,politicalgroupofpolitician ⊑p organizationhasperson,1,qwen-max-0125,0.0,8192,https://api2.aigcbest.top/v1,"判断结果：错误  
解释：政治团体（politicalgroupofpolitician）与组织拥有的人员（organizationhasperson）之间的关系不符合常识语义，因为政治团体通常是由政治家组成，而不是简单地被拥有。",0,0,
sample_0084,subPropertyOf,inverseofanimalssuchasmammals ⊑p specializationof,1,qwen-max-0125,0.0,8192,https://api2.aigcbest.top/v1,"判断结果：错误  
解释：公理中的概念和关系表达不清晰且不符合RDFS语义规范，`inverseofanimalssuchasmammals` 和 `specializationof` 不是标准的RDFS词汇或合理的关系描述。",0,0,
sample_0085,subPropertyOf,statehaslake ⊑p locationcontainslocation,1,qwen-max-0125,0.0,8192,https://api2.aigcbest.top/v1,"判断结果：错误  
解释：一个“州拥有湖泊”的关系不应被定义为“位置包含位置”的子属性，语义上不匹配。",0,0,
sample_0086,subPropertyOf,inverseofmammalsuchasmammal ⊑p specializationof,1,qwen-max-0125,0.0,8192,https://api2.aigcbest.top/v1,"判断结果：错误  
解释：公理中的表达式语法不符合RDFS规范，且语义不清晰，无法正确描述类或属性之间的关系。",0,0,
sample_0087,subPropertyOf,dateatwhichexistslocation ⊑p dateof,1,qwen-max-0125,0.0,8192,https://api2.aigcbest.top/v1,"判断结果：错误  
解释：属性“dateatwhichexistslocation”与“dateof”之间的子属性关系不符合常识语义，且命名不清晰，无法合理推断其符合子属性的逻辑约束。",0,0,
sample_0088,subPropertyOf,citysportsteams ⊑p proxyfor,1,qwen-max-0125,0.0,8192,https://api2.aigcbest.top/v1,"判断结果：错误  
解释：城市运动队（citysportsteams）与代理关系（proxyfor）之间没有直接的常识或语义关联，不符合合理的类与属性关系。",0,0,
sample_0090,subPropertyOf,cityhasstreet ⊑p locationcontainslocation,1,qwen-max-0125,0.0,8192,https://api2.aigcbest.top/v1,"判断结果：错误  
解释：属性“cityhasstreet”表示城市拥有街道，而“locationcontainslocation”表示地点包含地点，两者的语义不匹配，前者是具体实体关系，后者是抽象空间关系。",0,0,
sample_0091,subPropertyOf,languageschoolincity ⊑p relatedto,1,qwen-max-0125,0.0,8192,https://api2.aigcbest.top/v1,"判断结果：错误  
解释：公理表达的关系不符合常识，语言学校与城市之间的关系不应被泛化为“相关于”。",0,0,
sample_0092,subPropertyOf,istallerthan ⊑p relatedto,1,qwen-max-0125,0.0,8192,https://api2.aigcbest.top/v1,"判断结果：错误  
解释：属性“istallerthan”表示“比...更高”，而“relatedto”表示“与...相关”，两者语义不匹配，前者是具体比较关系，后者是泛化关联关系，不符合常识和语义约束。",0,0,
sample_0093,subPropertyOf,victiminroadaccident ⊑p relatedto,1,qwen-max-0125,0.0,8192,https://api2.aigcbest.top/v1,"判断结果：错误  
解释：属性“relatedto”的语义过于宽泛，无法明确表达“victiminroadaccident”与其相关概念之间的具体关系。",0,0,
sample_0095,subPropertyOf,actorofprotest ⊑p relatedto,1,qwen-max-0125,0.0,8192,https://api2.aigcbest.top/v1,"判断结果：错误  
解释：抗议活动的参与者（actorofprotest）与“相关于”（relatedto）之间的关系过于宽泛，缺乏明确的语义约束。",0,0,
sample_0096,subPropertyOf,organizationalsoknownas ⊑p synonymfor,1,qwen-max-0125,0.0,8192,https://api2.aigcbest.top/v1,"判断结果：错误  
解释：属性“organizationalsoknownas”与“synonymfor”之间的关系不符合常识语义，且命名不规范，无法明确表达合理的语义约束。",0,0,
sample_0097,subPropertyOf,citylocatedingeopoliticallocation ⊑p locationlocatedwithinlocation,1,qwen-max-0125,0.0,8192,https://api2.aigcbest.top/v1,"判断结果：错误  
解释：城市位于地缘政治位置与地点位于地点之间的关系不符合常识语义。",0,0,
sample_0099,subPropertyOf,cityhostsattraction ⊑p cityattractions,1,qwen-max-0125,0.0,8192,https://api2.aigcbest.top/v1,"判断结果：错误  
解释：根据语义，cityhostsattraction 应该是 cityattractions 的子属性，而不是子类。",0,0,
sample_0100,subPropertyOf,roadaccidentinjured ⊑p relatedto,1,qwen-max-0125,0.0,8192,https://api2.aigcbest.top/v1,"判断结果：错误  
解释：属性“relatedto”语义过于宽泛，无法明确表达“roadaccidentinjured”与其相关对象之间的具体关系。",0,0,
sample_0101,subPropertyOf,timeofprotest ⊑p relatedto,1,qwen-max-0125,0.0,8192,https://api2.aigcbest.top/v1,"判断结果：错误  
解释：抗议时间（timeofprotest）与相关性（relatedto）之间不存在合理的子属性关系。",0,0,
sample_0102,subPropertyOf,inverseofcountryisthehomeofsportsteam ⊑p agentrelatedtolocation,1,qwen-max-0125,0.0,8192,https://api2.aigcbest.top/v1,"判断结果：错误  
解释：逆属性“country is the home of sports team”与“agent related to location”之间不存在合理的语义关联。",0,0,
sample_0103,subPropertyOf,invertebratehascolor ⊑p relatedto,1,qwen-max-0125,0.0,8192,https://api2.aigcbest.top/v1,"判断结果：错误  
解释：属性“invertebratehascolor”与“relatedto”之间没有明确的语义关联，且不符合常识中对无脊椎动物颜色属性的定义。",0,0,
sample_0104,subPropertyOf,locationofroadaccident ⊑p relatedto,1,qwen-max-0125,0.0,8192,https://api2.aigcbest.top/v1,"判断结果：错误  
解释：属性“locationofroadaccident”与“relatedto”之间没有明确的语义关联，无法直接推断其合理性。",0,0,
sample_0105,subPropertyOf,productinstanceof ⊑p specializationof,1,qwen-max-0125,0.0,8192,https://api2.aigcbest.top/v1,"判断结果：错误  
解释：属性“productinstanceof”和“specializationof”之间的语义关系不符合常识，实例关系不应是特化关系的子属性。",0,0,
sample_0106,subPropertyOf,agenthierarchicallyaboveagent ⊑p agentcollaborateswithagent,1,qwen-max-0125,0.0,8192,https://api2.aigcbest.top/v1,"判断结果：错误  
解释：在常识中，“层级上高于某人”并不必然意味着“与某人协作”，两者之间没有直接的语义蕴含关系。",0,0,
sample_0107,subPropertyOf,animalssuchasmammals ⊑p generalizationof,1,qwen-max-0125,0.0,8192,https://api2.aigcbest.top/v1,"判断结果：错误  
解释：公理中的表达“animalssuchasmammals ⊑p generalizationof”语法和语义均不清晰，且不符合RDFS标准的语义约束。",0,0,
sample_0108,subPropertyOf,inverseofcoachcanspeaklanguage ⊑p relatedto,1,qwen-max-0125,0.0,8192,https://api2.aigcbest.top/v1,"判断结果：错误  
解释：属性“inverseofcoachcanspeaklanguage”与“relatedto”之间没有明确的语义关联，且命名不符合常识和规范。",0,0,
sample_0109,subPropertyOf,inverseofattractionmadeofbuildingmaterial ⊑p relatedto,1,qwen-max-0125,0.0,8192,https://api2.aigcbest.top/v1,"判断结果：错误  
解释：属性“inverseofattractionmadeofbuildingmaterial”与“relatedto”之间的语义关系不清晰，且不符合常识或明确的领域知识。",0,0,
sample_0110,subPropertyOf,hobbiessuchashobbies ⊑p generalizationof,1,qwen-max-0125,0.0,8192,https://api2.aigcbest.top/v1,"判断结果：错误  
解释：公理中的“hobbiessuchashobbies”和“generalizationof”不符合RDFS语义规范，且表达不清晰、不合理。",0,0,
sample_0111,subPropertyOf,athleteflyouttosportsteamposition ⊑p relatedto,1,qwen-max-0125,0.0,8192,https://api2.aigcbest.top/v1,"判断结果：错误  
解释：属性“athleteflyouttosportsteamposition”与“relatedto”之间的关系不符合常识语义，且命名不清晰，无法合理解释其含义。",0,0,
sample_0112,subPropertyOf,sportsgamewinnerscore ⊑p relatedto,1,qwen-max-0125,0.0,8192,https://api2.aigcbest.top/v1,"判断结果：错误  
解释：公理表达的关系不符合常识，""sportsgamewinnerscore""与""relatedto""之间没有明确的语义关联。",0,0,
sample_0113,subPropertyOf,agenthierarchicallyaboveagent ⊑p agentcontrols,1,qwen-max-0125,0.0,8192,https://api2.aigcbest.top/v1,"判断结果：错误  
解释：根据常识，“agenthierarchicallyaboveagent”表示代理之间的层级关系，而“agentcontrols”表示控制关系，层级高并不一定意味着具有控制能力。",0,0,
sample_0114,subPropertyOf,mlauthorofsoftware ⊑p agentinvolvedwithitem,1,qwen-max-0125,0.0,8192,https://api2.aigcbest.top/v1,"判断结果：错误  
解释：软件作者与项目中的代理参与者的语义关系不符合常识，mlauthorofsoftware 应特指创作软件的主体而非泛化的参与者。",0,0,
sample_0116,subPropertyOf,inverseofprofessionactsatthesameareaofpoliticissue ⊑p relatedto,1,qwen-max-0125,0.0,8192,https://api2.aigcbest.top/v1,"判断结果：错误  
解释：公理中的概念和关系命名不清晰，语义模糊且不符合常识，无法准确表达合理的语义约束。",0,0,
sample_0117,subPropertyOf,animaleatfood ⊑p relatedto,1,qwen-max-0125,0.0,8192,https://api2.aigcbest.top/v1,"判断结果：错误  
解释：属性“relatedto”的语义过于宽泛，无法明确表达“animaleatfood”这一具体概念的合理关系。",0,0,
sample_0118,subPropertyOf,coffeeservedbycafe ⊑p iteminvolvedwithagent,1,qwen-max-0125,0.0,8192,https://api2.aigcbest.top/v1,"判断结果：错误  
解释：咖啡与代理之间的关系不符合“iteminvolvedwithagent”的语义约束，该公理表达的关系不清晰且不符合常识。",0,0,
sample_0119,subPropertyOf,magnitudeofearthquaque ⊑p relatedto,1,qwen-max-0125,0.0,8192,https://api2.aigcbest.top/v1,"判断结果：错误  
解释：地震的震级（magnitudeofearthquake）与“相关于”（relatedto）之间的关系不符合语义约束，震级应是具体数值属性而非泛化的关系属性。",0,0,
sample_0124,domain,domain(musicgenressuchasmusicgenres) = musicgenre,1,qwen-max-0125,0.0,8192,https://api2.aigcbest.top/v1,"判断结果：错误  
解释：属性名称“musicgenressuchasmusicgenres”不符合规范，且语义不清晰，无法合理定义其域为“musicgenre”。",0,0,
sample_0125,domain,domain(inverseofathletesuchasathlete) = athlete,1,qwen-max-0125,0.0,8192,https://api2.aigcbest.top/v1,"判断结果：错误  
解释：属性的定义域应为类，而“inverseofathletesuchasathlete”不符合RDFS语义规范。",0,0,
sample_0126,domain,domain(politicsbillsponsoredbypolitician) = politicsbill,1,qwen-max-0125,0.0,8192,https://api2.aigcbest.top/v1,"判断结果：错误  
解释：属性“politicsbillsponsoredbypolitician”的定义域应为“politician”，而非“politicsbill”。",0,0,
sample_0127,domain,domain(inverseofanimalssuchasmammals) = mammal,1,qwen-max-0125,0.0,8192,https://api2.aigcbest.top/v1,"判断结果：错误  
解释：属性“inverseofanimalssuchasmammals”的定义域设置为“mammal”不符合语义逻辑，因为“inverseofanimalssuchasmammals”本身命名不清晰且未体现与“mammal”类的合理关联。",0,0,
sample_0128,domain,domain(marriedinyear) = person,1,qwen-max-0125,0.0,8192,https://api2.aigcbest.top/v1,"判断结果：错误  
解释：marriedinyear的定义域应为与婚姻相关的时间或事件，而非person。",0,0,
sample_0129,domain,domain(inverseofgrainusedtomakecandy) = candy,1,qwen-max-0125,0.0,8192,https://api2.aigcbest.top/v1,"判断结果：错误  
解释：属性“inverseofgrainusedtomakecandy”的定义域不应为“candy”，因为根据语义，“inverseofgrainusedtomakecandy”更可能与“grain”相关，而非“candy”。",0,0,
sample_0130,domain,domain(inverseofarthropodlooklikeinsect) = insect,1,qwen-max-0125,0.0,8192,https://api2.aigcbest.top/v1,"判断结果：错误  
解释：属性的定义域应描述该属性适用的主体，而“inverseofarthropodlooklikeinsect”的定义域设置为“insect”不符合语义逻辑。",0,0,
sample_0131,domain,domain(superpartof) = everypromotedthing,1,qwen-max-0125,0.0,8192,https://api2.aigcbest.top/v1,"判断结果：错误  
解释：属性“superpartof”的定义域设置为“everypromotedthing”不符合常识语义，因为“superpartof”通常用于表示部分与整体的关系，而“everypromotedthing”无法明确表达这种语义约束。",0,0,
sample_0137,domain,domain(inverseofagriculturalproductincludingagriculturalproduct) = agriculturalproduct,1,qwen-max-0125,0.0,8192,https://api2.aigcbest.top/v1,"判断结果：错误  
解释：属性的定义域应为一个类，而“inverseofagricultural productincludingagriculturalproduct”不符合标准命名和语义规范。",0,0,
sample_0138,domain,domain(airportincity) = airport,1,qwen-max-0125,0.0,8192,https://api2.aigcbest.top/v1,"判断结果：错误  
解释：属性“airportincity”的定义域应为城市（city）而非机场（airport），因为“机场位于城市”描述的是城市与机场的关系。",0,0,
sample_0141,domain,domain(loseringame) = sportsteam,1,qwen-max-0125,0.0,8192,https://api2.aigcbest.top/v1,"判断结果：错误  
解释：属性“loseringame”的定义域不应是“sportsteam”，因为比赛的失败者通常是个体或团队，而不是运动队这一类别。",0,0,
sample_0143,domain,domain(leagueteams) = sportsleague,1,qwen-max-0125,0.0,8192,https://api2.aigcbest.top/v1,"判断结果：错误  
解释：属性“leagueteams”的定义域被限制为“sportsleague”，但根据常识，“leagueteams”更可能与“team”或类似概念相关，而非“sportsleague”。",0,0,
sample_0145,domain,domain(inverseoftelevisionshowssuchastelevisionshows) = televisionshow,1,qwen-max-0125,0.0,8192,https://api2.aigcbest.top/v1,"判断结果：错误  
解释：属性的定义域应为一个合理的类，而“inverseoftelevisionshowssuchastelevisionshows”不是一个清晰且符合语义规范的概念。",0,0,
sample_0146,domain,domain(inverseofcoachstudiedatuniversity) = university,1,qwen-max-0125,0.0,8192,https://api2.aigcbest.top/v1,"判断结果：错误  
解释：属性的定义域应描述该属性适用的主体，而“inverseofcoachstudiedatuniversity”的定义域不应直接等于“university”，因为逆属性的主体应为“university”而非其定义域。",0,0,
sample_0147,domain,domain(inverseofcompanyproducesvideogamesystem) = videogamesystem,1,qwen-max-0125,0.0,8192,https://api2.aigcbest.top/v1,"判断结果：错误  
解释：属性的定义域应描述该属性适用的主体，而“inverseofcompanyproducesvideogamesystem”的定义域不应是“videogamesystem”，因为逆属性的定义域和值域需与原属性的值域和定义域对应。",0,0,
sample_0150,domain,domain(arthropodcalledarthropod) = arthropod,1,qwen-max-0125,0.0,8192,https://api2.aigcbest.top/v1,"判断结果：错误  
解释：属性“arthropodcalledarthropod”的定义域不应是其自身，这违反了逻辑一致性。",0,0,
sample_0152,domain,domain(visualappearanceof) = url,1,qwen-max-0125,0.0,8192,https://api2.aigcbest.top/v1,"判断结果：错误  
解释：属性“visualappearanceof”的定义域不应是“url”，因为视觉外观通常与图像或视觉内容相关，而不是直接与URL相关。",0,0,
sample_0153,domain,domain(criminalssuchascriminals) = criminal,1,qwen-max-0125,0.0,8192,https://api2.aigcbest.top/v1,"判断结果：错误  
解释：属性名“criminalssuchascriminals”不符合规范，且语义不清晰，无法合理定义其领域为“criminal”。",0,0,
sample_0154,domain,domain(agriculturalproductcanbethesameasvegetable) = agriculturalproduct,1,qwen-max-0125,0.0,8192,https://api2.aigcbest.top/v1,"判断结果：错误  
解释：属性名称“agriculturalproductcanbethesameasvegetable”不符合规范，且语义不清晰，无法合理定义其领域为“agriculturalproduct”。",0,0,
sample_0157,domain,domain(producedby) = product,1,qwen-max-0125,0.0,8192,https://api2.aigcbest.top/v1,"判断结果：错误  
解释：属性“producedby”的定义域通常应为某种生产活动或过程，而非“product”。",0,0,
sample_0158,domain,domain(countrycapital) = country,1,qwen-max-0125,0.0,8192,https://api2.aigcbest.top/v1,"判断结果：错误  
解释：属性“countrycapital”的定义域应为国家（country），但其语义上更可能表示首都城市，因此定义域设置不符合常识。",0,0,
sample_0159,domain,domain(locationofbombing) = location,1,qwen-max-0125,0.0,8192,https://api2.aigcbest.top/v1,"判断结果：错误  
解释：属性“locationofbombing”的定义域不应仅限于“location”，因为爆炸事件可能涉及更具体的实体类型，例如“事件”或“地点”。",0,0,
sample_0161,domain,domain(agenthierarchicallyaboveagent) = agent,1,qwen-max-0125,0.0,8192,https://api2.aigcbest.top/v1,"判断结果：错误  
解释：属性“agenthierarchicallyaboveagent”的定义域不应限制为“agent”，因为其语义暗示可能涉及更广泛的实体类型。",0,0,
sample_0162,domain,domain(organizationhastopmember) = company,1,qwen-max-0125,0.0,8192,https://api2.aigcbest.top/v1,"判断结果：错误  
解释：属性“organizationhastopmember”的定义域不应仅限于“company”，因为组织可以包括非公司类型的实体，如政府机构或非营利组织。",0,0,
sample_0163,domain,domain(languageofcountry) = language,1,qwen-max-0125,0.0,8192,https://api2.aigcbest.top/v1,"判断结果：错误  
解释：属性“languageofcountry”的定义域应为国家（country）而非语言（language）。",0,0,
sample_0164,domain,domain(bakegoodistypicalincountry) = bakedgood,1,qwen-max-0125,0.0,8192,https://api2.aigcbest.top/v1,"判断结果：错误  
解释：属性“bakegoodistypicalincountry”的定义域应为国家或地区，而非“bakedgood”。",0,0,
sample_0165,domain,domain(criminalarrestedincountry) = criminal,1,qwen-max-0125,0.0,8192,https://api2.aigcbest.top/v1,"判断结果：错误  
解释：属性“criminalarrestedincountry”的定义域应为与逮捕相关的实体，而不是直接定义为“criminal”。",0,0,
sample_0166,domain,domain(arteriessuchasarteries) = artery,1,qwen-max-0125,0.0,8192,https://api2.aigcbest.top/v1,"判断结果：错误  
解释：属性“arteriessuchasarteries”的定义域不应是具体的“artery”，而应是一个更抽象的类别，如“AnatomicalStructure”。",0,0,
sample_0168,domain,domain(inverseofbankboughtbank) = bank,1,qwen-max-0125,0.0,8192,https://api2.aigcbest.top/v1,"判断结果：错误  
解释：属性“inverseofbankboughtbank”的定义域设置为“bank”不符合常识语义，因为“inverseofbankboughtbank”应描述与银行购买行为相关的逆向关系，其定义域不应仅限于“bank”。",0,0,
sample_0169,domain,domain(dateatwhichexistslocation) = date,1,qwen-max-0125,0.0,8192,https://api2.aigcbest.top/v1,"判断结果：错误  
解释：属性“dateatwhichexistslocation”的定义域不应仅限于“date”，因为其语义可能涉及更复杂的时空描述。",0,0,
sample_0171,domain,domain(arthropodandotherarthropod) = arthropod,1,qwen-max-0125,0.0,8192,https://api2.aigcbest.top/v1,"判断结果：错误  
解释：属性“arthropodandotherarthropod”的定义域不应仅限于“arthropod”，因为其名称暗示可能涉及更广泛的类别。",0,0,
sample_0172,domain,domain(inverseofsoftwareprogrammedinprogramminglanguage) = programminglanguage,1,qwen-max-0125,0.0,8192,https://api2.aigcbest.top/v1,"判断结果：错误  
解释：属性的定义域应描述该属性适用的主体，而“inverseofsoftwareprogrammedinprogramminglanguage”的定义域不应是“programminglanguage”，因为编程语言不是软件的逆关系主体。",0,0,
sample_0175,domain,domain(teamhomestadium) = sportsteam,1,qwen-max-0125,0.0,8192,https://api2.aigcbest.top/v1,"判断结果：错误  
解释：属性“teamhomestadium”的定义域应为与体育场相关的类，而非“sportsteam”。",0,0,
sample_0177,domain,domain(comediancanbethesameasmale) = comedian,1,qwen-max-0125,0.0,8192,https://api2.aigcbest.top/v1,"判断结果：错误  
解释：属性“comediancanbethesameasmale”语义不清晰且不符合常识，无法合理定义其域为“comedian”。",0,0,
sample_0178,domain,domain(professionactsatthesameareaofpoliticissue) = politicsissue,1,qwen-max-0125,0.0,8192,https://api2.aigcbest.top/v1,"判断结果：错误  
解释：属性“professionactsatthesameareaofpoliticissue”的定义域不应直接等同于“politicsissue”，因为职业行为与政治问题之间的关系不符合常识语义。",0,0,
sample_0179,domain,domain(productlauchpredecessor) = productlaunchevent,1,qwen-max-0125,0.0,8192,https://api2.aigcbest.top/v1,"判断结果：错误  
解释：属性“productlauchpredecessor”的定义域不应是“productlaunchevent”，因为“前驱”关系通常涉及事件或实体的顺序，而非直接限定为某一特定事件类型。",0,0,
sample_0182,range,range(organizationrepresentedbyagent) = humanagent,1,qwen-max-0125,0.0,8192,https://api2.aigcbest.top/v1,"判断结果：错误  
解释：属性“organizationrepresentedbyagent”的值域应为组织而非人类代理。",0,0,
sample_0184,range,range(musicgenressuchasmusicgenres) = musicgenre,1,qwen-max-0125,0.0,8192,https://api2.aigcbest.top/v1,"判断结果：错误  
解释：属性名称“musicgenressuchasmusicgenres”不符合规范，且语义不清晰，无法合理定义其值域为“musicgenre”。",0,0,
sample_0185,range,range(inverseofathletesuchasathlete) = athlete,1,qwen-max-0125,0.0,8192,https://api2.aigcbest.top/v1,"判断结果：错误  
解释：属性的值域定义不合理，`inverseofathletesuchasathlete` 的值域不应直接等于 `athlete`，语义上不符合常识。",0,0,
sample_0187,range,range(inverseofanimalssuchasmammals) = animal,1,qwen-max-0125,0.0,8192,https://api2.aigcbest.top/v1,"判断结果：错误  
解释：属性的值域应为一个类，而“animal”作为值域不符合逆属性的语义定义。",0,0,
sample_0189,range,range(inverseofgrainusedtomakecandy) = grain,1,qwen-max-0125,0.0,8192,https://api2.aigcbest.top/v1,"判断结果：错误  
解释：属性的值域应为与其语义一致的具体类，而“grain”作为值域与“inverseofgrainusedtomakecandy”的语义不符。",0,0,
sample_0190,range,range(inverseofarthropodlooklikeinsect) = arthropod,1,qwen-max-0125,0.0,8192,https://api2.aigcbest.top/v1,"判断结果：错误  
解释：属性的值域应为一个类，而“arthropod”作为值域不符合语义约束，且“inverseofarthropodlooklikeinsect”定义不清晰。",0,0,
sample_0191,range,range(superpartof) = everypromotedthing,1,qwen-max-0125,0.0,8192,https://api2.aigcbest.top/v1,"判断结果：错误  
解释：superpartof的值域定义为everypromotedthing不符合常识语义，通常superpartof应与部分-整体关系相关，而非任意提升的事物。",0,0,
sample_0194,range,range(locatedat) = everypromotedthing,1,qwen-max-0125,0.0,8192,https://api2.aigcbest.top/v1,"判断结果：错误  
解释：属性“locatedat”的值域通常应为地理位置或相关实体，而“everypromotedthing”与位置无关，语义不合理。",0,0,
sample_0195,range,range(topmemberoforganization) = company,1,qwen-max-0125,0.0,8192,https://api2.aigcbest.top/v1,"判断结果：错误  
解释：顶级组织成员（topmemberoforganization）的值域不应仅限于公司（company），还可能包括其他类型的组织，如政府机构或非营利组织。",0,0,
sample_0196,range,range(organizationleadbyagent) = humanagent,1,qwen-max-0125,0.0,8192,https://api2.aigcbest.top/v1,"判断结果：错误  
解释：organizationleadbyagent 的值域应为组织或类似实体，而不是具体的人类个体。",0,0,
sample_0197,range,range(inverseofagriculturalproductincludingagriculturalproduct) = agriculturalproduct,1,qwen-max-0125,0.0,8192,https://api2.aigcbest.top/v1,"判断结果：错误  
解释：逆属性的值域应与其原属性的定义域一致，而此处未体现这种语义约束。",0,0,
sample_0199,range,range(earthquakehadepicenter) = geolocatablething,1,qwen-max-0125,0.0,8192,https://api2.aigcbest.top/v1,"判断结果：错误  
解释：地震的震中（epicenter）通常是一个地理位置，而不是一个可以泛化为“可地理定位的事物”的概念。",0,0,
sample_0200,range,range(officeheldbypolitician) = politician,1,qwen-max-0125,0.0,8192,https://api2.aigcbest.top/v1,"判断结果：错误  
解释：属性“officeheldbypolitician”的值域应为某种职位或办公室，而非“politician”本身。",0,0,
sample_0201,range,range(loseringame) = sportsgame,1,qwen-max-0125,0.0,8192,https://api2.aigcbest.top/v1,"判断结果：错误  
解释：属性“loseringame”的值域应为参与者（如运动员或团队），而不是“sportsgame”。",0,0,
sample_0202,range,range(numberofcasualtiesinroadaccident) = roadaccidentevent,1,qwen-max-0125,0.0,8192,https://api2.aigcbest.top/v1,"判断结果：错误  
解释：属性“numberofcasualtiesinroadaccident”的值域应为数值类型，而非“roadaccidentevent”。",0,0,
sample_0205,range,range(inverseoftelevisionshowssuchastelevisionshows) = televisionshow,1,qwen-max-0125,0.0,8192,https://api2.aigcbest.top/v1,"判断结果：错误  
解释：属性的值域定义不合理，`inverseoftelevisionshowssuchastelevisionshows` 的语义不清晰且不符合规范表达。",0,0,
sample_0206,range,range(inverseofcoachstudiedatuniversity) = coach,1,qwen-max-0125,0.0,8192,https://api2.aigcbest.top/v1,"判断结果：错误  
解释：属性的值域应为类，而“coach”作为值域不符合RDFS语义约束。",0,0,
sample_0207,range,range(inverseofcompanyproducesvideogamesystem) = company,1,qwen-max-0125,0.0,8192,https://api2.aigcbest.top/v1,"判断结果：错误  
解释：属性的值域应为与该属性语义相符的实体类型，而“company”作为值域不符合“inverseofcompanyproducesvideogamesystem”的预期语义。",0,0,
sample_0209,range,range(agentcompeteswithagent) = agent,1,qwen-max-0125,0.0,8192,https://api2.aigcbest.top/v1,"判断结果：错误  
解释：属性“agentcompeteswithagent”的值域应为与其竞争的代理（agent），而不是自身。",0,0,
sample_0210,range,range(arthropodcalledarthropod) = arthropod,1,qwen-max-0125,0.0,8192,https://api2.aigcbest.top/v1,"判断结果：错误  
解释：属性的值域应为一个类，而这里将值域定义为自身（arthropod），语义不合理。",0,0,
sample_0213,range,range(criminalssuchascriminals) = criminal,1,qwen-max-0125,0.0,8192,https://api2.aigcbest.top/v1,"判断结果：错误  
解释：属性名称“criminalssuchascriminals”不符合规范，且语义不清晰，无法合理定义其值域为“criminal”。",0,0,
sample_0214,range,range(agriculturalproductcanbethesameasvegetable) = vegetable,1,qwen-max-0125,0.0,8192,https://api2.aigcbest.top/v1,"判断结果：错误  
解释：属性的值域定义不合理，""agriculturalproductcanbethesameasvegetable""不是一个合法的RDFS属性。",0,0,
sample_0215,range,range(agentowns) = everypromotedthing,1,qwen-max-0125,0.0,8192,https://api2.aigcbest.top/v1,"判断结果：错误  
解释：属性“agentowns”的值域被定义为“everypromotedthing”，但根据常识，“拥有”关系的值域通常应为具体实体或物品，而非“被推广的事物”。",0,0,
sample_0216,range,range(timeofprotest) = protestevent,1,qwen-max-0125,0.0,8192,https://api2.aigcbest.top/v1,"判断结果：错误  
解释：时间属性（timeofprotest）的值域应为时间类型，而非事件类型（protestevent）。",0,0,
sample_0217,range,range(producedby) = company,1,qwen-max-0125,0.0,8192,https://api2.aigcbest.top/v1,"判断结果：错误  
解释：属性“producedby”的值域通常应为与生产相关的实体（如公司、工厂等），但将其值域严格限定为“company”可能过于狭窄，不符合常识语义。",0,0,
sample_0219,range,range(locationofbombing) = bombingevent,1,qwen-max-0125,0.0,8192,https://api2.aigcbest.top/v1,"判断结果：错误  
解释：属性“locationofbombing”的值域应为地理位置或相关实体，而非“bombingevent”。",0,0,
sample_0221,range,range(agenthierarchicallyaboveagent) = agent,1,qwen-max-0125,0.0,8192,https://api2.aigcbest.top/v1,"判断结果：错误  
解释：属性“agenthierarchicallyaboveagent”的值域定义为“agent”不符合常识，因为该属性的值域应表示某种层次关系中的上层实体，而不是直接等同于“agent”。",0,0,
sample_0223,range,range(languageofcountry) = country,1,qwen-max-0125,0.0,8192,https://api2.aigcbest.top/v1,"判断结果：错误  
解释：属性“languageofcountry”的值域应为语言（language），而非国家（country）。",0,0,
sample_0226,range,range(arteriessuchasarteries) = artery,1,qwen-max-0125,0.0,8192,https://api2.aigcbest.top/v1,"判断结果：错误  
解释：属性的值域定义不合理，`arteriessuchasarteries`不是合法的RDFS属性，且语义不清晰。",0,0,
sample_0228,range,range(inverseofbankboughtbank) = bank,1,qwen-max-0125,0.0,8192,https://api2.aigcbest.top/v1,"判断结果：错误  
解释：属性的值域应为一个类，而“bank”作为值域不符合逆属性的语义定义。",0,0,
sample_0229,range,range(dateatwhichexistslocation) = location,1,qwen-max-0125,0.0,8192,https://api2.aigcbest.top/v1,"判断结果：错误  
解释：属性“dateatwhichexistslocation”的值域不应是“location”，而应与时间相关概念匹配，语义上不合理。",0,0,
sample_0230,range,range(latitudelongitudeof) = everypromotedthing,1,qwen-max-0125,0.0,8192,https://api2.aigcbest.top/v1,"判断结果：错误  
解释：经纬度属性的值域通常应为地理坐标类型，而不是“everypromotedthing”这种不符合语义的概念。",0,0,
sample_0231,range,range(arthropodandotherarthropod) = arthropod,1,qwen-max-0125,0.0,8192,https://api2.aigcbest.top/v1,"判断结果：错误  
解释：属性的值域定义不合理，""arthropodandotherarthropod"" 不应等于 ""arthropod""，语义上可能存在冲突或冗余。",0,0,
sample_0232,range,range(inverseofsoftwareprogrammedinprogramminglanguage) = software,1,qwen-max-0125,0.0,8192,https://api2.aigcbest.top/v1,"判断结果：错误  
解释：属性的值域应为编程语言，而非软件。",0,0,
sample_0237,range,range(comediancanbethesameasmale) = male,1,qwen-max-0125,0.0,8192,https://api2.aigcbest.top/v1,"判断结果：错误  
解释：属性“comediancanbethesameasmale”的值域定义为“male”不符合常识语义，因为“comedian”可以是任何性别，不局限于“male”。",0,0,
sample_0238,range,range(professionactsatthesameareaofpoliticissue) = profession,1,qwen-max-0125,0.0,8192,https://api2.aigcbest.top/v1,"判断结果：错误  
解释：属性“professionactsatthesameareaofpoliticissue”的值域定义为“profession”不符合语义逻辑，因为该属性名称暗示其与政治议题相关，而非直接指向职业。",0,0,
sample_0239,range,range(productlauchpredecessor) = product,1,qwen-max-0125,0.0,8192,https://api2.aigcbest.top/v1,"判断结果：错误  
解释：属性“productlauchpredecessor”的值域定义为“product”不符合常识，因为“前代产品”关系的值域应为具体的产品实例或类，而非抽象的“product”概念。",0,0,
sample_0275,subClassOf,geopoliticalorganization ⊑ politicsgroup,0,qwen-max-0125,0.0,8192,https://api2.aigcbest.top/v1,"判断结果：正确  
解释：地缘政治组织（geopoliticalorganization）是政治团体（politicsgroup）的一种具体类型，符合常识和语义关系。",1,0,
sample_0467,range,range(countrylocatedingeopoliticallocation) = country,0,qwen-max-0125,0.0,8192,https://api2.aigcbest.top/v1,"判断结果：正确  
解释：属性“countrylocatedingeopoliticallocation”的值域为“country”符合语义约束，表示该属性的值应为国家类型。",1,0,
